type,name,name_ext,path
mask,20220912_AnB_CB10 (104)_mask,20220912_AnB_CB10 (104)_mask.png,C:\Users\20231807\Documents\GitHub\Cap_coral_reefs\New_version_of_the_project\website\benthic_datasets\mask_labels\reef_support\SEAFLOWER_BOLIVAR\masks_stitched\20220912_AnB_CB10 (104)_mask.png
mask,20220912_AnB_CB10 (113)_mask,20220912_AnB_CB10 (113)_mask.png,C:\Users\20231807\Documents\GitHub\Cap_coral_reefs\New_version_of_the_project\website\benthic_datasets\mask_labels\reef_support\SEAFLOWER_BOLIVAR\masks_stitched\20220912_AnB_CB10 (113)_mask.png
mask,20220912_AnB_CB10 (118)_mask,20220912_AnB_CB10 (118)_mask.png,C:\Users\20231807\Documents\GitHub\Cap_coral_reefs\New_version_of_the_project\website\benthic_datasets\mask_labels\reef_support\SEAFLOWER_BOLIVAR\masks_stitched\20220912_AnB_CB10 (118)_mask.png
mask,20220912_AnB_CB10 (12)_mask,20220912_AnB_CB10 (12)_mask.png,C:\Users\20231807\Documents\GitHub\Cap_coral_reefs\New_version_of_the_project\website\benthic_datasets\mask_labels\reef_support\SEAFLOWER_BOLIVAR\masks_stitched\20220912_AnB_CB10 (12)_mask.png
mask,20220912_AnB_CB10 (121)_mask,20220912_AnB_CB10 (121)_mask.png,C:\Users\20231807\Documents\GitHub\Cap_coral_reefs\New_version_of_the_project\website\benthic_datasets\mask_labels\reef_support\SEAFLOWER_BOLIVAR\masks_stitched\20220912_AnB_CB10 (121)_mask.png
mask,20220912_AnB_CB10 (124)_mask,20220912_AnB_CB10 (124)_mask.png,C:\Users\20231807\Documents\GitHub\Cap_coral_reefs\New_version_of_the_project\website\benthic_datasets\mask_labels\reef_support\SEAFLOWER_BOLIVAR\masks_stitched\20220912_AnB_CB10 (124)_mask.png
mask,20220912_AnB_CB10 (125)_mask,20220912_AnB_CB10 (125)_mask.png,C:\Users\20231807\Documents\GitHub\Cap_coral_reefs\New_version_of_the_project\website\benthic_datasets\mask_labels\reef_support\SEAFLOWER_BOLIVAR\masks_stitched\20220912_AnB_CB10 (125)_mask.png
mask,20220912_AnB_CB10 (126)_mask,20220912_AnB_CB10 (126)_mask.png,C:\Users\20231807\Documents\GitHub\Cap_coral_reefs\New_version_of_the_project\website\benthic_datasets\mask_labels\reef_support\SEAFLOWER_BOLIVAR\masks_stitched\20220912_AnB_CB10 (126)_mask.png
mask,20220912_AnB_CB10 (133)_mask,20220912_AnB_CB10 (133)_mask.png,C:\Users\20231807\Documents\GitHub\Cap_coral_reefs\New_version_of_the_project\website\benthic_datasets\mask_labels\reef_support\SEAFLOWER_BOLIVAR\masks_stitched\20220912_AnB_CB10 (133)_mask.png
mask,20220912_AnB_CB10 (137)_mask,20220912_AnB_CB10 (137)_mask.png,C:\Users\20231807\Documents\GitHub\Cap_coral_reefs\New_version_of_the_project\website\benthic_datasets\mask_labels\reef_support\SEAFLOWER_BOLIVAR\masks_stitched\20220912_AnB_CB10 (137)_mask.png
mask,20220912_AnB_CB10 (14)_mask,20220912_AnB_CB10 (14)_mask.png,C:\Users\20231807\Documents\GitHub\Cap_coral_reefs\New_version_of_the_project\website\benthic_datasets\mask_labels\reef_support\SEAFLOWER_BOLIVAR\masks_stitched\20220912_AnB_CB10 (14)_mask.png
mask,20220912_AnB_CB10 (145)_mask,20220912_AnB_CB10 (145)_mask.png,C:\Users\20231807\Documents\GitHub\Cap_coral_reefs\New_version_of_the_project\website\benthic_datasets\mask_labels\reef_support\SEAFLOWER_BOLIVAR\masks_stitched\20220912_AnB_CB10 (145)_mask.png
mask,20220912_AnB_CB10 (158)_mask,20220912_AnB_CB10 (158)_mask.png,C:\Users\20231807\Documents\GitHub\Cap_coral_reefs\New_version_of_the_project\website\benthic_datasets\mask_labels\reef_support\SEAFLOWER_BOLIVAR\masks_stitched\20220912_AnB_CB10 (158)_mask.png
mask,20220912_AnB_CB10 (160)_mask,20220912_AnB_CB10 (160)_mask.png,C:\Users\20231807\Documents\GitHub\Cap_coral_reefs\New_version_of_the_project\website\benthic_datasets\mask_labels\reef_support\SEAFLOWER_BOLIVAR\masks_stitched\20220912_AnB_CB10 (160)_mask.png
mask,20220912_AnB_CB10 (161)_mask,20220912_AnB_CB10 (161)_mask.png,C:\Users\20231807\Documents\GitHub\Cap_coral_reefs\New_version_of_the_project\website\benthic_datasets\mask_labels\reef_support\SEAFLOWER_BOLIVAR\masks_stitched\20220912_AnB_CB10 (161)_mask.png
mask,20220912_AnB_CB10 (165)_mask,20220912_AnB_CB10 (165)_mask.png,C:\Users\20231807\Documents\GitHub\Cap_coral_reefs\New_version_of_the_project\website\benthic_datasets\mask_labels\reef_support\SEAFLOWER_BOLIVAR\masks_stitched\20220912_AnB_CB10 (165)_mask.png
mask,20220912_AnB_CB10 (18)_mask,20220912_AnB_CB10 (18)_mask.png,C:\Users\20231807\Documents\GitHub\Cap_coral_reefs\New_version_of_the_project\website\benthic_datasets\mask_labels\reef_support\SEAFLOWER_BOLIVAR\masks_stitched\20220912_AnB_CB10 (18)_mask.png
mask,20220912_AnB_CB10 (181)_mask,20220912_AnB_CB10 (181)_mask.png,C:\Users\20231807\Documents\GitHub\Cap_coral_reefs\New_version_of_the_project\website\benthic_datasets\mask_labels\reef_support\SEAFLOWER_BOLIVAR\masks_stitched\20220912_AnB_CB10 (181)_mask.png
mask,20220912_AnB_CB10 (21)_mask,20220912_AnB_CB10 (21)_mask.png,C:\Users\20231807\Documents\GitHub\Cap_coral_reefs\New_version_of_the_project\website\benthic_datasets\mask_labels\reef_support\SEAFLOWER_BOLIVAR\masks_stitched\20220912_AnB_CB10 (21)_mask.png
mask,20220912_AnB_CB10 (25)_mask,20220912_AnB_CB10 (25)_mask.png,C:\Users\20231807\Documents\GitHub\Cap_coral_reefs\New_version_of_the_project\website\benthic_datasets\mask_labels\reef_support\SEAFLOWER_BOLIVAR\masks_stitched\20220912_AnB_CB10 (25)_mask.png
mask,20220912_AnB_CB10 (27)_mask,20220912_AnB_CB10 (27)_mask.png,C:\Users\20231807\Documents\GitHub\Cap_coral_reefs\New_version_of_the_project\website\benthic_datasets\mask_labels\reef_support\SEAFLOWER_BOLIVAR\masks_stitched\20220912_AnB_CB10 (27)_mask.png
mask,20220912_AnB_CB10 (32)_mask,20220912_AnB_CB10 (32)_mask.png,C:\Users\20231807\Documents\GitHub\Cap_coral_reefs\New_version_of_the_project\website\benthic_datasets\mask_labels\reef_support\SEAFLOWER_BOLIVAR\masks_stitched\20220912_AnB_CB10 (32)_mask.png
mask,20220912_AnB_CB10 (38)_mask,20220912_AnB_CB10 (38)_mask.png,C:\Users\20231807\Documents\GitHub\Cap_coral_reefs\New_version_of_the_project\website\benthic_datasets\mask_labels\reef_support\SEAFLOWER_BOLIVAR\masks_stitched\20220912_AnB_CB10 (38)_mask.png
mask,20220912_AnB_CB10 (39)_mask,20220912_AnB_CB10 (39)_mask.png,C:\Users\20231807\Documents\GitHub\Cap_coral_reefs\New_version_of_the_project\website\benthic_datasets\mask_labels\reef_support\SEAFLOWER_BOLIVAR\masks_stitched\20220912_AnB_CB10 (39)_mask.png
mask,20220912_AnB_CB10 (40)_mask,20220912_AnB_CB10 (40)_mask.png,C:\Users\20231807\Documents\GitHub\Cap_coral_reefs\New_version_of_the_project\website\benthic_datasets\mask_labels\reef_support\SEAFLOWER_BOLIVAR\masks_stitched\20220912_AnB_CB10 (40)_mask.png
mask,20220912_AnB_CB10 (41)_mask,20220912_AnB_CB10 (41)_mask.png,C:\Users\20231807\Documents\GitHub\Cap_coral_reefs\New_version_of_the_project\website\benthic_datasets\mask_labels\reef_support\SEAFLOWER_BOLIVAR\masks_stitched\20220912_AnB_CB10 (41)_mask.png
mask,20220912_AnB_CB10 (45)_mask,20220912_AnB_CB10 (45)_mask.png,C:\Users\20231807\Documents\GitHub\Cap_coral_reefs\New_version_of_the_project\website\benthic_datasets\mask_labels\reef_support\SEAFLOWER_BOLIVAR\masks_stitched\20220912_AnB_CB10 (45)_mask.png
mask,20220912_AnB_CB10 (47)_mask,20220912_AnB_CB10 (47)_mask.png,C:\Users\20231807\Documents\GitHub\Cap_coral_reefs\New_version_of_the_project\website\benthic_datasets\mask_labels\reef_support\SEAFLOWER_BOLIVAR\masks_stitched\20220912_AnB_CB10 (47)_mask.png
mask,20220912_AnB_CB10 (53)_mask,20220912_AnB_CB10 (53)_mask.png,C:\Users\20231807\Documents\GitHub\Cap_coral_reefs\New_version_of_the_project\website\benthic_datasets\mask_labels\reef_support\SEAFLOWER_BOLIVAR\masks_stitched\20220912_AnB_CB10 (53)_mask.png
mask,20220912_AnB_CB10 (60)_mask,20220912_AnB_CB10 (60)_mask.png,C:\Users\20231807\Documents\GitHub\Cap_coral_reefs\New_version_of_the_project\website\benthic_datasets\mask_labels\reef_support\SEAFLOWER_BOLIVAR\masks_stitched\20220912_AnB_CB10 (60)_mask.png
mask,20220912_AnB_CB10 (70)_mask,20220912_AnB_CB10 (70)_mask.png,C:\Users\20231807\Documents\GitHub\Cap_coral_reefs\New_version_of_the_project\website\benthic_datasets\mask_labels\reef_support\SEAFLOWER_BOLIVAR\masks_stitched\20220912_AnB_CB10 (70)_mask.png
mask,20220912_AnB_CB10 (94)_mask,20220912_AnB_CB10 (94)_mask.png,C:\Users\20231807\Documents\GitHub\Cap_coral_reefs\New_version_of_the_project\website\benthic_datasets\mask_labels\reef_support\SEAFLOWER_BOLIVAR\masks_stitched\20220912_AnB_CB10 (94)_mask.png
mask,20220912_AnB_CB8 (18)_mask,20220912_AnB_CB8 (18)_mask.png,C:\Users\20231807\Documents\GitHub\Cap_coral_reefs\New_version_of_the_project\website\benthic_datasets\mask_labels\reef_support\SEAFLOWER_BOLIVAR\masks_stitched\20220912_AnB_CB8 (18)_mask.png
mask,20220912_AnB_CB8 (25)_mask,20220912_AnB_CB8 (25)_mask.png,C:\Users\20231807\Documents\GitHub\Cap_coral_reefs\New_version_of_the_project\website\benthic_datasets\mask_labels\reef_support\SEAFLOWER_BOLIVAR\masks_stitched\20220912_AnB_CB8 (25)_mask.png
mask,20220912_AnB_CB8 (29)_mask,20220912_AnB_CB8 (29)_mask.png,C:\Users\20231807\Documents\GitHub\Cap_coral_reefs\New_version_of_the_project\website\benthic_datasets\mask_labels\reef_support\SEAFLOWER_BOLIVAR\masks_stitched\20220912_AnB_CB8 (29)_mask.png
mask,20220912_AnB_CB8 (40)_mask,20220912_AnB_CB8 (40)_mask.png,C:\Users\20231807\Documents\GitHub\Cap_coral_reefs\New_version_of_the_project\website\benthic_datasets\mask_labels\reef_support\SEAFLOWER_BOLIVAR\masks_stitched\20220912_AnB_CB8 (40)_mask.png
mask,20220912_AnB_CB8 (52)_mask,20220912_AnB_CB8 (52)_mask.png,C:\Users\20231807\Documents\GitHub\Cap_coral_reefs\New_version_of_the_project\website\benthic_datasets\mask_labels\reef_support\SEAFLOWER_BOLIVAR\masks_stitched\20220912_AnB_CB8 (52)_mask.png
mask,20220912_AnB_CB8 (64)_mask,20220912_AnB_CB8 (64)_mask.png,C:\Users\20231807\Documents\GitHub\Cap_coral_reefs\New_version_of_the_project\website\benthic_datasets\mask_labels\reef_support\SEAFLOWER_BOLIVAR\masks_stitched\20220912_AnB_CB8 (64)_mask.png
mask,20220912_AnB_CB8 (7)_mask,20220912_AnB_CB8 (7)_mask.png,C:\Users\20231807\Documents\GitHub\Cap_coral_reefs\New_version_of_the_project\website\benthic_datasets\mask_labels\reef_support\SEAFLOWER_BOLIVAR\masks_stitched\20220912_AnB_CB8 (7)_mask.png
mask,20220912_AnB_CB8 (8)_mask,20220912_AnB_CB8 (8)_mask.png,C:\Users\20231807\Documents\GitHub\Cap_coral_reefs\New_version_of_the_project\website\benthic_datasets\mask_labels\reef_support\SEAFLOWER_BOLIVAR\masks_stitched\20220912_AnB_CB8 (8)_mask.png
mask,20220912_AnB_CB8 (80)_mask,20220912_AnB_CB8 (80)_mask.png,C:\Users\20231807\Documents\GitHub\Cap_coral_reefs\New_version_of_the_project\website\benthic_datasets\mask_labels\reef_support\SEAFLOWER_BOLIVAR\masks_stitched\20220912_AnB_CB8 (80)_mask.png
mask,20220912_AnB_CB8 (9)_mask,20220912_AnB_CB8 (9)_mask.png,C:\Users\20231807\Documents\GitHub\Cap_coral_reefs\New_version_of_the_project\website\benthic_datasets\mask_labels\reef_support\SEAFLOWER_BOLIVAR\masks_stitched\20220912_AnB_CB8 (9)_mask.png
mask,20220912_AnB_CB8 (91)_mask,20220912_AnB_CB8 (91)_mask.png,C:\Users\20231807\Documents\GitHub\Cap_coral_reefs\New_version_of_the_project\website\benthic_datasets\mask_labels\reef_support\SEAFLOWER_BOLIVAR\masks_stitched\20220912_AnB_CB8 (91)_mask.png
mask,20220912_BnA_CB9 (149)_mask,20220912_BnA_CB9 (149)_mask.png,C:\Users\20231807\Documents\GitHub\Cap_coral_reefs\New_version_of_the_project\website\benthic_datasets\mask_labels\reef_support\SEAFLOWER_BOLIVAR\masks_stitched\20220912_BnA_CB9 (149)_mask.png
mask,20220912_BnA_CB9 (157)_mask,20220912_BnA_CB9 (157)_mask.png,C:\Users\20231807\Documents\GitHub\Cap_coral_reefs\New_version_of_the_project\website\benthic_datasets\mask_labels\reef_support\SEAFLOWER_BOLIVAR\masks_stitched\20220912_BnA_CB9 (157)_mask.png
mask,20220912_BnA_CB9 (190)_mask,20220912_BnA_CB9 (190)_mask.png,C:\Users\20231807\Documents\GitHub\Cap_coral_reefs\New_version_of_the_project\website\benthic_datasets\mask_labels\reef_support\SEAFLOWER_BOLIVAR\masks_stitched\20220912_BnA_CB9 (190)_mask.png
mask,20220912_BnA_CB9 (198)_mask,20220912_BnA_CB9 (198)_mask.png,C:\Users\20231807\Documents\GitHub\Cap_coral_reefs\New_version_of_the_project\website\benthic_datasets\mask_labels\reef_support\SEAFLOWER_BOLIVAR\masks_stitched\20220912_BnA_CB9 (198)_mask.png
mask,20220912_BnA_CB9 (202)_mask,20220912_BnA_CB9 (202)_mask.png,C:\Users\20231807\Documents\GitHub\Cap_coral_reefs\New_version_of_the_project\website\benthic_datasets\mask_labels\reef_support\SEAFLOWER_BOLIVAR\masks_stitched\20220912_BnA_CB9 (202)_mask.png
mask,20220912_BnA_CB9 (211)_mask,20220912_BnA_CB9 (211)_mask.png,C:\Users\20231807\Documents\GitHub\Cap_coral_reefs\New_version_of_the_project\website\benthic_datasets\mask_labels\reef_support\SEAFLOWER_BOLIVAR\masks_stitched\20220912_BnA_CB9 (211)_mask.png
mask,20220912_BnA_CB9 (24)_mask,20220912_BnA_CB9 (24)_mask.png,C:\Users\20231807\Documents\GitHub\Cap_coral_reefs\New_version_of_the_project\website\benthic_datasets\mask_labels\reef_support\SEAFLOWER_BOLIVAR\masks_stitched\20220912_BnA_CB9 (24)_mask.png
mask,20220912_BnA_CB9 (43)_mask,20220912_BnA_CB9 (43)_mask.png,C:\Users\20231807\Documents\GitHub\Cap_coral_reefs\New_version_of_the_project\website\benthic_datasets\mask_labels\reef_support\SEAFLOWER_BOLIVAR\masks_stitched\20220912_BnA_CB9 (43)_mask.png
mask,20220912_BnA_CB9 (7)_mask,20220912_BnA_CB9 (7)_mask.png,C:\Users\20231807\Documents\GitHub\Cap_coral_reefs\New_version_of_the_project\website\benthic_datasets\mask_labels\reef_support\SEAFLOWER_BOLIVAR\masks_stitched\20220912_BnA_CB9 (7)_mask.png
mask,20220912_BnA_CB9 (70)_mask,20220912_BnA_CB9 (70)_mask.png,C:\Users\20231807\Documents\GitHub\Cap_coral_reefs\New_version_of_the_project\website\benthic_datasets\mask_labels\reef_support\SEAFLOWER_BOLIVAR\masks_stitched\20220912_BnA_CB9 (70)_mask.png
mask,20220912_BnA_CB9 (76)_mask,20220912_BnA_CB9 (76)_mask.png,C:\Users\20231807\Documents\GitHub\Cap_coral_reefs\New_version_of_the_project\website\benthic_datasets\mask_labels\reef_support\SEAFLOWER_BOLIVAR\masks_stitched\20220912_BnA_CB9 (76)_mask.png
mask,20220912_BnA_CB9 (78)_mask,20220912_BnA_CB9 (78)_mask.png,C:\Users\20231807\Documents\GitHub\Cap_coral_reefs\New_version_of_the_project\website\benthic_datasets\mask_labels\reef_support\SEAFLOWER_BOLIVAR\masks_stitched\20220912_BnA_CB9 (78)_mask.png
mask,20220912_BnA_CB9 (89)_mask,20220912_BnA_CB9 (89)_mask.png,C:\Users\20231807\Documents\GitHub\Cap_coral_reefs\New_version_of_the_project\website\benthic_datasets\mask_labels\reef_support\SEAFLOWER_BOLIVAR\masks_stitched\20220912_BnA_CB9 (89)_mask.png
mask,20220912_BnA_CB9 (92)_mask,20220912_BnA_CB9 (92)_mask.png,C:\Users\20231807\Documents\GitHub\Cap_coral_reefs\New_version_of_the_project\website\benthic_datasets\mask_labels\reef_support\SEAFLOWER_BOLIVAR\masks_stitched\20220912_BnA_CB9 (92)_mask.png
mask,20220912_BnA_CB9 (97)_mask,20220912_BnA_CB9 (97)_mask.png,C:\Users\20231807\Documents\GitHub\Cap_coral_reefs\New_version_of_the_project\website\benthic_datasets\mask_labels\reef_support\SEAFLOWER_BOLIVAR\masks_stitched\20220912_BnA_CB9 (97)_mask.png
mask,20220913_AnB_CB11 (108)_mask,20220913_AnB_CB11 (108)_mask.png,C:\Users\20231807\Documents\GitHub\Cap_coral_reefs\New_version_of_the_project\website\benthic_datasets\mask_labels\reef_support\SEAFLOWER_BOLIVAR\masks_stitched\20220913_AnB_CB11 (108)_mask.png
mask,20220913_AnB_CB11 (110)_mask,20220913_AnB_CB11 (110)_mask.png,C:\Users\20231807\Documents\GitHub\Cap_coral_reefs\New_version_of_the_project\website\benthic_datasets\mask_labels\reef_support\SEAFLOWER_BOLIVAR\masks_stitched\20220913_AnB_CB11 (110)_mask.png
mask,20220913_AnB_CB11 (142)_mask,20220913_AnB_CB11 (142)_mask.png,C:\Users\20231807\Documents\GitHub\Cap_coral_reefs\New_version_of_the_project\website\benthic_datasets\mask_labels\reef_support\SEAFLOWER_BOLIVAR\masks_stitched\20220913_AnB_CB11 (142)_mask.png
mask,20220913_AnB_CB11 (144)_mask,20220913_AnB_CB11 (144)_mask.png,C:\Users\20231807\Documents\GitHub\Cap_coral_reefs\New_version_of_the_project\website\benthic_datasets\mask_labels\reef_support\SEAFLOWER_BOLIVAR\masks_stitched\20220913_AnB_CB11 (144)_mask.png
mask,20220913_AnB_CB11 (149)_mask,20220913_AnB_CB11 (149)_mask.png,C:\Users\20231807\Documents\GitHub\Cap_coral_reefs\New_version_of_the_project\website\benthic_datasets\mask_labels\reef_support\SEAFLOWER_BOLIVAR\masks_stitched\20220913_AnB_CB11 (149)_mask.png
mask,20220913_AnB_CB11 (156)_mask,20220913_AnB_CB11 (156)_mask.png,C:\Users\20231807\Documents\GitHub\Cap_coral_reefs\New_version_of_the_project\website\benthic_datasets\mask_labels\reef_support\SEAFLOWER_BOLIVAR\masks_stitched\20220913_AnB_CB11 (156)_mask.png
mask,20220913_AnB_CB11 (197)_mask,20220913_AnB_CB11 (197)_mask.png,C:\Users\20231807\Documents\GitHub\Cap_coral_reefs\New_version_of_the_project\website\benthic_datasets\mask_labels\reef_support\SEAFLOWER_BOLIVAR\masks_stitched\20220913_AnB_CB11 (197)_mask.png
mask,20220913_AnB_CB11 (207)_mask,20220913_AnB_CB11 (207)_mask.png,C:\Users\20231807\Documents\GitHub\Cap_coral_reefs\New_version_of_the_project\website\benthic_datasets\mask_labels\reef_support\SEAFLOWER_BOLIVAR\masks_stitched\20220913_AnB_CB11 (207)_mask.png
mask,20220913_AnB_CB11 (21)_mask,20220913_AnB_CB11 (21)_mask.png,C:\Users\20231807\Documents\GitHub\Cap_coral_reefs\New_version_of_the_project\website\benthic_datasets\mask_labels\reef_support\SEAFLOWER_BOLIVAR\masks_stitched\20220913_AnB_CB11 (21)_mask.png
mask,20220913_AnB_CB11 (210)_mask,20220913_AnB_CB11 (210)_mask.png,C:\Users\20231807\Documents\GitHub\Cap_coral_reefs\New_version_of_the_project\website\benthic_datasets\mask_labels\reef_support\SEAFLOWER_BOLIVAR\masks_stitched\20220913_AnB_CB11 (210)_mask.png
mask,20220913_AnB_CB11 (223)_mask,20220913_AnB_CB11 (223)_mask.png,C:\Users\20231807\Documents\GitHub\Cap_coral_reefs\New_version_of_the_project\website\benthic_datasets\mask_labels\reef_support\SEAFLOWER_BOLIVAR\masks_stitched\20220913_AnB_CB11 (223)_mask.png
mask,20220913_AnB_CB11 (249)_mask,20220913_AnB_CB11 (249)_mask.png,C:\Users\20231807\Documents\GitHub\Cap_coral_reefs\New_version_of_the_project\website\benthic_datasets\mask_labels\reef_support\SEAFLOWER_BOLIVAR\masks_stitched\20220913_AnB_CB11 (249)_mask.png
mask,20220913_AnB_CB11 (26)_mask,20220913_AnB_CB11 (26)_mask.png,C:\Users\20231807\Documents\GitHub\Cap_coral_reefs\New_version_of_the_project\website\benthic_datasets\mask_labels\reef_support\SEAFLOWER_BOLIVAR\masks_stitched\20220913_AnB_CB11 (26)_mask.png
mask,20220913_AnB_CB11 (270)_mask,20220913_AnB_CB11 (270)_mask.png,C:\Users\20231807\Documents\GitHub\Cap_coral_reefs\New_version_of_the_project\website\benthic_datasets\mask_labels\reef_support\SEAFLOWER_BOLIVAR\masks_stitched\20220913_AnB_CB11 (270)_mask.png
mask,20220913_AnB_CB11 (389)_mask,20220913_AnB_CB11 (389)_mask.png,C:\Users\20231807\Documents\GitHub\Cap_coral_reefs\New_version_of_the_project\website\benthic_datasets\mask_labels\reef_support\SEAFLOWER_BOLIVAR\masks_stitched\20220913_AnB_CB11 (389)_mask.png
mask,20220913_AnB_CB11 (433)_mask,20220913_AnB_CB11 (433)_mask.png,C:\Users\20231807\Documents\GitHub\Cap_coral_reefs\New_version_of_the_project\website\benthic_datasets\mask_labels\reef_support\SEAFLOWER_BOLIVAR\masks_stitched\20220913_AnB_CB11 (433)_mask.png
mask,20220913_AnB_CB11 (450)_mask,20220913_AnB_CB11 (450)_mask.png,C:\Users\20231807\Documents\GitHub\Cap_coral_reefs\New_version_of_the_project\website\benthic_datasets\mask_labels\reef_support\SEAFLOWER_BOLIVAR\masks_stitched\20220913_AnB_CB11 (450)_mask.png
mask,20220913_AnB_CB11 (452)_mask,20220913_AnB_CB11 (452)_mask.png,C:\Users\20231807\Documents\GitHub\Cap_coral_reefs\New_version_of_the_project\website\benthic_datasets\mask_labels\reef_support\SEAFLOWER_BOLIVAR\masks_stitched\20220913_AnB_CB11 (452)_mask.png
mask,20220913_AnB_CB11 (495)_mask,20220913_AnB_CB11 (495)_mask.png,C:\Users\20231807\Documents\GitHub\Cap_coral_reefs\New_version_of_the_project\website\benthic_datasets\mask_labels\reef_support\SEAFLOWER_BOLIVAR\masks_stitched\20220913_AnB_CB11 (495)_mask.png
mask,20220913_AnB_CB11 (496)_mask,20220913_AnB_CB11 (496)_mask.png,C:\Users\20231807\Documents\GitHub\Cap_coral_reefs\New_version_of_the_project\website\benthic_datasets\mask_labels\reef_support\SEAFLOWER_BOLIVAR\masks_stitched\20220913_AnB_CB11 (496)_mask.png
mask,20220913_AnB_CB11 (59)_mask,20220913_AnB_CB11 (59)_mask.png,C:\Users\20231807\Documents\GitHub\Cap_coral_reefs\New_version_of_the_project\website\benthic_datasets\mask_labels\reef_support\SEAFLOWER_BOLIVAR\masks_stitched\20220913_AnB_CB11 (59)_mask.png
mask,20220913_AnB_CB11 (88)_mask,20220913_AnB_CB11 (88)_mask.png,C:\Users\20231807\Documents\GitHub\Cap_coral_reefs\New_version_of_the_project\website\benthic_datasets\mask_labels\reef_support\SEAFLOWER_BOLIVAR\masks_stitched\20220913_AnB_CB11 (88)_mask.png
mask,20220913_AnB_CB11 (95)_mask,20220913_AnB_CB11 (95)_mask.png,C:\Users\20231807\Documents\GitHub\Cap_coral_reefs\New_version_of_the_project\website\benthic_datasets\mask_labels\reef_support\SEAFLOWER_BOLIVAR\masks_stitched\20220913_AnB_CB11 (95)_mask.png
mask,20220913_AnB_CB12 (102)_mask,20220913_AnB_CB12 (102)_mask.png,C:\Users\20231807\Documents\GitHub\Cap_coral_reefs\New_version_of_the_project\website\benthic_datasets\mask_labels\reef_support\SEAFLOWER_BOLIVAR\masks_stitched\20220913_AnB_CB12 (102)_mask.png
mask,20220913_AnB_CB12 (122)_mask,20220913_AnB_CB12 (122)_mask.png,C:\Users\20231807\Documents\GitHub\Cap_coral_reefs\New_version_of_the_project\website\benthic_datasets\mask_labels\reef_support\SEAFLOWER_BOLIVAR\masks_stitched\20220913_AnB_CB12 (122)_mask.png
mask,20220913_AnB_CB12 (127)_mask,20220913_AnB_CB12 (127)_mask.png,C:\Users\20231807\Documents\GitHub\Cap_coral_reefs\New_version_of_the_project\website\benthic_datasets\mask_labels\reef_support\SEAFLOWER_BOLIVAR\masks_stitched\20220913_AnB_CB12 (127)_mask.png
mask,20220913_AnB_CB12 (137)_mask,20220913_AnB_CB12 (137)_mask.png,C:\Users\20231807\Documents\GitHub\Cap_coral_reefs\New_version_of_the_project\website\benthic_datasets\mask_labels\reef_support\SEAFLOWER_BOLIVAR\masks_stitched\20220913_AnB_CB12 (137)_mask.png
mask,20220913_AnB_CB12 (148)_mask,20220913_AnB_CB12 (148)_mask.png,C:\Users\20231807\Documents\GitHub\Cap_coral_reefs\New_version_of_the_project\website\benthic_datasets\mask_labels\reef_support\SEAFLOWER_BOLIVAR\masks_stitched\20220913_AnB_CB12 (148)_mask.png
mask,20220913_AnB_CB12 (150)_mask,20220913_AnB_CB12 (150)_mask.png,C:\Users\20231807\Documents\GitHub\Cap_coral_reefs\New_version_of_the_project\website\benthic_datasets\mask_labels\reef_support\SEAFLOWER_BOLIVAR\masks_stitched\20220913_AnB_CB12 (150)_mask.png
mask,20220913_AnB_CB12 (151)_mask,20220913_AnB_CB12 (151)_mask.png,C:\Users\20231807\Documents\GitHub\Cap_coral_reefs\New_version_of_the_project\website\benthic_datasets\mask_labels\reef_support\SEAFLOWER_BOLIVAR\masks_stitched\20220913_AnB_CB12 (151)_mask.png
mask,20220913_AnB_CB12 (163)_mask,20220913_AnB_CB12 (163)_mask.png,C:\Users\20231807\Documents\GitHub\Cap_coral_reefs\New_version_of_the_project\website\benthic_datasets\mask_labels\reef_support\SEAFLOWER_BOLIVAR\masks_stitched\20220913_AnB_CB12 (163)_mask.png
mask,20220913_AnB_CB12 (164)_mask,20220913_AnB_CB12 (164)_mask.png,C:\Users\20231807\Documents\GitHub\Cap_coral_reefs\New_version_of_the_project\website\benthic_datasets\mask_labels\reef_support\SEAFLOWER_BOLIVAR\masks_stitched\20220913_AnB_CB12 (164)_mask.png
mask,20220913_AnB_CB12 (203)_mask,20220913_AnB_CB12 (203)_mask.png,C:\Users\20231807\Documents\GitHub\Cap_coral_reefs\New_version_of_the_project\website\benthic_datasets\mask_labels\reef_support\SEAFLOWER_BOLIVAR\masks_stitched\20220913_AnB_CB12 (203)_mask.png
mask,20220913_AnB_CB12 (21)_mask,20220913_AnB_CB12 (21)_mask.png,C:\Users\20231807\Documents\GitHub\Cap_coral_reefs\New_version_of_the_project\website\benthic_datasets\mask_labels\reef_support\SEAFLOWER_BOLIVAR\masks_stitched\20220913_AnB_CB12 (21)_mask.png
mask,20220913_AnB_CB12 (214)_mask,20220913_AnB_CB12 (214)_mask.png,C:\Users\20231807\Documents\GitHub\Cap_coral_reefs\New_version_of_the_project\website\benthic_datasets\mask_labels\reef_support\SEAFLOWER_BOLIVAR\masks_stitched\20220913_AnB_CB12 (214)_mask.png
mask,20220913_AnB_CB12 (215)_mask,20220913_AnB_CB12 (215)_mask.png,C:\Users\20231807\Documents\GitHub\Cap_coral_reefs\New_version_of_the_project\website\benthic_datasets\mask_labels\reef_support\SEAFLOWER_BOLIVAR\masks_stitched\20220913_AnB_CB12 (215)_mask.png
mask,20220913_AnB_CB12 (216)_mask,20220913_AnB_CB12 (216)_mask.png,C:\Users\20231807\Documents\GitHub\Cap_coral_reefs\New_version_of_the_project\website\benthic_datasets\mask_labels\reef_support\SEAFLOWER_BOLIVAR\masks_stitched\20220913_AnB_CB12 (216)_mask.png
mask,20220913_AnB_CB12 (228)_mask,20220913_AnB_CB12 (228)_mask.png,C:\Users\20231807\Documents\GitHub\Cap_coral_reefs\New_version_of_the_project\website\benthic_datasets\mask_labels\reef_support\SEAFLOWER_BOLIVAR\masks_stitched\20220913_AnB_CB12 (228)_mask.png
mask,20220913_AnB_CB12 (249)_mask,20220913_AnB_CB12 (249)_mask.png,C:\Users\20231807\Documents\GitHub\Cap_coral_reefs\New_version_of_the_project\website\benthic_datasets\mask_labels\reef_support\SEAFLOWER_BOLIVAR\masks_stitched\20220913_AnB_CB12 (249)_mask.png
mask,20220913_AnB_CB12 (26)_mask,20220913_AnB_CB12 (26)_mask.png,C:\Users\20231807\Documents\GitHub\Cap_coral_reefs\New_version_of_the_project\website\benthic_datasets\mask_labels\reef_support\SEAFLOWER_BOLIVAR\masks_stitched\20220913_AnB_CB12 (26)_mask.png
mask,20220913_AnB_CB12 (53)_mask,20220913_AnB_CB12 (53)_mask.png,C:\Users\20231807\Documents\GitHub\Cap_coral_reefs\New_version_of_the_project\website\benthic_datasets\mask_labels\reef_support\SEAFLOWER_BOLIVAR\masks_stitched\20220913_AnB_CB12 (53)_mask.png
mask,20220913_AnB_CB12 (54)_mask,20220913_AnB_CB12 (54)_mask.png,C:\Users\20231807\Documents\GitHub\Cap_coral_reefs\New_version_of_the_project\website\benthic_datasets\mask_labels\reef_support\SEAFLOWER_BOLIVAR\masks_stitched\20220913_AnB_CB12 (54)_mask.png
mask,20220913_AnB_CB12 (82)_mask,20220913_AnB_CB12 (82)_mask.png,C:\Users\20231807\Documents\GitHub\Cap_coral_reefs\New_version_of_the_project\website\benthic_datasets\mask_labels\reef_support\SEAFLOWER_BOLIVAR\masks_stitched\20220913_AnB_CB12 (82)_mask.png
mask,20220913_AnB_CB12 (93)_mask,20220913_AnB_CB12 (93)_mask.png,C:\Users\20231807\Documents\GitHub\Cap_coral_reefs\New_version_of_the_project\website\benthic_datasets\mask_labels\reef_support\SEAFLOWER_BOLIVAR\masks_stitched\20220913_AnB_CB12 (93)_mask.png
mask,20220914_AnB_CB14 (13)_mask,20220914_AnB_CB14 (13)_mask.png,C:\Users\20231807\Documents\GitHub\Cap_coral_reefs\New_version_of_the_project\website\benthic_datasets\mask_labels\reef_support\SEAFLOWER_BOLIVAR\masks_stitched\20220914_AnB_CB14 (13)_mask.png
mask,20220914_AnB_CB14 (181)_mask,20220914_AnB_CB14 (181)_mask.png,C:\Users\20231807\Documents\GitHub\Cap_coral_reefs\New_version_of_the_project\website\benthic_datasets\mask_labels\reef_support\SEAFLOWER_BOLIVAR\masks_stitched\20220914_AnB_CB14 (181)_mask.png
mask,20220914_AnB_CB14 (211)_mask,20220914_AnB_CB14 (211)_mask.png,C:\Users\20231807\Documents\GitHub\Cap_coral_reefs\New_version_of_the_project\website\benthic_datasets\mask_labels\reef_support\SEAFLOWER_BOLIVAR\masks_stitched\20220914_AnB_CB14 (211)_mask.png
mask,20220914_AnB_CB14 (217)_mask,20220914_AnB_CB14 (217)_mask.png,C:\Users\20231807\Documents\GitHub\Cap_coral_reefs\New_version_of_the_project\website\benthic_datasets\mask_labels\reef_support\SEAFLOWER_BOLIVAR\masks_stitched\20220914_AnB_CB14 (217)_mask.png
mask,20220914_AnB_CB14 (219)_mask,20220914_AnB_CB14 (219)_mask.png,C:\Users\20231807\Documents\GitHub\Cap_coral_reefs\New_version_of_the_project\website\benthic_datasets\mask_labels\reef_support\SEAFLOWER_BOLIVAR\masks_stitched\20220914_AnB_CB14 (219)_mask.png
mask,20220914_AnB_CB14 (224)_mask,20220914_AnB_CB14 (224)_mask.png,C:\Users\20231807\Documents\GitHub\Cap_coral_reefs\New_version_of_the_project\website\benthic_datasets\mask_labels\reef_support\SEAFLOWER_BOLIVAR\masks_stitched\20220914_AnB_CB14 (224)_mask.png
mask,20220914_AnB_CB14 (259)_mask,20220914_AnB_CB14 (259)_mask.png,C:\Users\20231807\Documents\GitHub\Cap_coral_reefs\New_version_of_the_project\website\benthic_datasets\mask_labels\reef_support\SEAFLOWER_BOLIVAR\masks_stitched\20220914_AnB_CB14 (259)_mask.png
mask,20220914_AnB_CB14 (26)_mask,20220914_AnB_CB14 (26)_mask.png,C:\Users\20231807\Documents\GitHub\Cap_coral_reefs\New_version_of_the_project\website\benthic_datasets\mask_labels\reef_support\SEAFLOWER_BOLIVAR\masks_stitched\20220914_AnB_CB14 (26)_mask.png
mask,20220914_AnB_CB14 (3)_mask,20220914_AnB_CB14 (3)_mask.png,C:\Users\20231807\Documents\GitHub\Cap_coral_reefs\New_version_of_the_project\website\benthic_datasets\mask_labels\reef_support\SEAFLOWER_BOLIVAR\masks_stitched\20220914_AnB_CB14 (3)_mask.png
mask,20220914_AnB_CB14 (33)_mask,20220914_AnB_CB14 (33)_mask.png,C:\Users\20231807\Documents\GitHub\Cap_coral_reefs\New_version_of_the_project\website\benthic_datasets\mask_labels\reef_support\SEAFLOWER_BOLIVAR\masks_stitched\20220914_AnB_CB14 (33)_mask.png
mask,20220914_AnB_CB14 (40)_mask,20220914_AnB_CB14 (40)_mask.png,C:\Users\20231807\Documents\GitHub\Cap_coral_reefs\New_version_of_the_project\website\benthic_datasets\mask_labels\reef_support\SEAFLOWER_BOLIVAR\masks_stitched\20220914_AnB_CB14 (40)_mask.png
mask,20220914_AnB_CB14 (42)_mask,20220914_AnB_CB14 (42)_mask.png,C:\Users\20231807\Documents\GitHub\Cap_coral_reefs\New_version_of_the_project\website\benthic_datasets\mask_labels\reef_support\SEAFLOWER_BOLIVAR\masks_stitched\20220914_AnB_CB14 (42)_mask.png
mask,20220914_AnB_CB14 (61)_mask,20220914_AnB_CB14 (61)_mask.png,C:\Users\20231807\Documents\GitHub\Cap_coral_reefs\New_version_of_the_project\website\benthic_datasets\mask_labels\reef_support\SEAFLOWER_BOLIVAR\masks_stitched\20220914_AnB_CB14 (61)_mask.png
mask,20220914_AnB_CB14 (62)_mask,20220914_AnB_CB14 (62)_mask.png,C:\Users\20231807\Documents\GitHub\Cap_coral_reefs\New_version_of_the_project\website\benthic_datasets\mask_labels\reef_support\SEAFLOWER_BOLIVAR\masks_stitched\20220914_AnB_CB14 (62)_mask.png
mask,20220914_AnB_CB14 (66)_mask,20220914_AnB_CB14 (66)_mask.png,C:\Users\20231807\Documents\GitHub\Cap_coral_reefs\New_version_of_the_project\website\benthic_datasets\mask_labels\reef_support\SEAFLOWER_BOLIVAR\masks_stitched\20220914_AnB_CB14 (66)_mask.png
mask,20220914_AnB_CB14 (75)_mask,20220914_AnB_CB14 (75)_mask.png,C:\Users\20231807\Documents\GitHub\Cap_coral_reefs\New_version_of_the_project\website\benthic_datasets\mask_labels\reef_support\SEAFLOWER_BOLIVAR\masks_stitched\20220914_AnB_CB14 (75)_mask.png
mask,20220914_AnB_CB14 (81)_mask,20220914_AnB_CB14 (81)_mask.png,C:\Users\20231807\Documents\GitHub\Cap_coral_reefs\New_version_of_the_project\website\benthic_datasets\mask_labels\reef_support\SEAFLOWER_BOLIVAR\masks_stitched\20220914_AnB_CB14 (81)_mask.png
mask,20220914_AnB_CB14 (87)_mask,20220914_AnB_CB14 (87)_mask.png,C:\Users\20231807\Documents\GitHub\Cap_coral_reefs\New_version_of_the_project\website\benthic_datasets\mask_labels\reef_support\SEAFLOWER_BOLIVAR\masks_stitched\20220914_AnB_CB14 (87)_mask.png
image,20220912_AnB_CB10 (113),20220912_AnB_CB10 (113).JPG,C:\Users\20231807\Documents\GitHub\Cap_coral_reefs\New_version_of_the_project\website\benthic_datasets\mask_labels\reef_support\SEAFLOWER_BOLIVAR\images\20220912_AnB_CB10 (113).JPG
image,20220912_AnB_CB10 (12),20220912_AnB_CB10 (12).JPG,C:\Users\20231807\Documents\GitHub\Cap_coral_reefs\New_version_of_the_project\website\benthic_datasets\mask_labels\reef_support\SEAFLOWER_BOLIVAR\images\20220912_AnB_CB10 (12).JPG
image,20220912_AnB_CB10 (125),20220912_AnB_CB10 (125).JPG,C:\Users\20231807\Documents\GitHub\Cap_coral_reefs\New_version_of_the_project\website\benthic_datasets\mask_labels\reef_support\SEAFLOWER_BOLIVAR\images\20220912_AnB_CB10 (125).JPG
image,20220912_AnB_CB10 (126),20220912_AnB_CB10 (126).JPG,C:\Users\20231807\Documents\GitHub\Cap_coral_reefs\New_version_of_the_project\website\benthic_datasets\mask_labels\reef_support\SEAFLOWER_BOLIVAR\images\20220912_AnB_CB10 (126).JPG
image,20220912_AnB_CB10 (127),20220912_AnB_CB10 (127).JPG,C:\Users\20231807\Documents\GitHub\Cap_coral_reefs\New_version_of_the_project\website\benthic_datasets\mask_labels\reef_support\SEAFLOWER_BOLIVAR\images\20220912_AnB_CB10 (127).JPG
image,20220912_AnB_CB10 (130),20220912_AnB_CB10 (130).JPG,C:\Users\20231807\Documents\GitHub\Cap_coral_reefs\New_version_of_the_project\website\benthic_datasets\mask_labels\reef_support\SEAFLOWER_BOLIVAR\images\20220912_AnB_CB10 (130).JPG
image,20220912_AnB_CB10 (133),20220912_AnB_CB10 (133).JPG,C:\Users\20231807\Documents\GitHub\Cap_coral_reefs\New_version_of_the_project\website\benthic_datasets\mask_labels\reef_support\SEAFLOWER_BOLIVAR\images\20220912_AnB_CB10 (133).JPG
image,20220912_AnB_CB10 (145),20220912_AnB_CB10 (145).JPG,C:\Users\20231807\Documents\GitHub\Cap_coral_reefs\New_version_of_the_project\website\benthic_datasets\mask_labels\reef_support\SEAFLOWER_BOLIVAR\images\20220912_AnB_CB10 (145).JPG
image,20220912_AnB_CB10 (158),20220912_AnB_CB10 (158).JPG,C:\Users\20231807\Documents\GitHub\Cap_coral_reefs\New_version_of_the_project\website\benthic_datasets\mask_labels\reef_support\SEAFLOWER_BOLIVAR\images\20220912_AnB_CB10 (158).JPG
image,20220912_AnB_CB10 (164),20220912_AnB_CB10 (164).JPG,C:\Users\20231807\Documents\GitHub\Cap_coral_reefs\New_version_of_the_project\website\benthic_datasets\mask_labels\reef_support\SEAFLOWER_BOLIVAR\images\20220912_AnB_CB10 (164).JPG
image,20220912_AnB_CB10 (165),20220912_AnB_CB10 (165).JPG,C:\Users\20231807\Documents\GitHub\Cap_coral_reefs\New_version_of_the_project\website\benthic_datasets\mask_labels\reef_support\SEAFLOWER_BOLIVAR\images\20220912_AnB_CB10 (165).JPG
image,20220912_AnB_CB10 (17),20220912_AnB_CB10 (17).JPG,C:\Users\20231807\Documents\GitHub\Cap_coral_reefs\New_version_of_the_project\website\benthic_datasets\mask_labels\reef_support\SEAFLOWER_BOLIVAR\images\20220912_AnB_CB10 (17).JPG
image,20220912_AnB_CB10 (170),20220912_AnB_CB10 (170).JPG,C:\Users\20231807\Documents\GitHub\Cap_coral_reefs\New_version_of_the_project\website\benthic_datasets\mask_labels\reef_support\SEAFLOWER_BOLIVAR\images\20220912_AnB_CB10 (170).JPG
image,20220912_AnB_CB10 (171),20220912_AnB_CB10 (171).JPG,C:\Users\20231807\Documents\GitHub\Cap_coral_reefs\New_version_of_the_project\website\benthic_datasets\mask_labels\reef_support\SEAFLOWER_BOLIVAR\images\20220912_AnB_CB10 (171).JPG
image,20220912_AnB_CB10 (18),20220912_AnB_CB10 (18).JPG,C:\Users\20231807\Documents\GitHub\Cap_coral_reefs\New_version_of_the_project\website\benthic_datasets\mask_labels\reef_support\SEAFLOWER_BOLIVAR\images\20220912_AnB_CB10 (18).JPG
image,20220912_AnB_CB10 (181),20220912_AnB_CB10 (181).JPG,C:\Users\20231807\Documents\GitHub\Cap_coral_reefs\New_version_of_the_project\website\benthic_datasets\mask_labels\reef_support\SEAFLOWER_BOLIVAR\images\20220912_AnB_CB10 (181).JPG
image,20220912_AnB_CB10 (182),20220912_AnB_CB10 (182).JPG,C:\Users\20231807\Documents\GitHub\Cap_coral_reefs\New_version_of_the_project\website\benthic_datasets\mask_labels\reef_support\SEAFLOWER_BOLIVAR\images\20220912_AnB_CB10 (182).JPG
image,20220912_AnB_CB10 (183),20220912_AnB_CB10 (183).JPG,C:\Users\20231807\Documents\GitHub\Cap_coral_reefs\New_version_of_the_project\website\benthic_datasets\mask_labels\reef_support\SEAFLOWER_BOLIVAR\images\20220912_AnB_CB10 (183).JPG
image,20220912_AnB_CB10 (184),20220912_AnB_CB10 (184).JPG,C:\Users\20231807\Documents\GitHub\Cap_coral_reefs\New_version_of_the_project\website\benthic_datasets\mask_labels\reef_support\SEAFLOWER_BOLIVAR\images\20220912_AnB_CB10 (184).JPG
image,20220912_AnB_CB10 (22),20220912_AnB_CB10 (22).JPG,C:\Users\20231807\Documents\GitHub\Cap_coral_reefs\New_version_of_the_project\website\benthic_datasets\mask_labels\reef_support\SEAFLOWER_BOLIVAR\images\20220912_AnB_CB10 (22).JPG
image,20220912_AnB_CB10 (23),20220912_AnB_CB10 (23).JPG,C:\Users\20231807\Documents\GitHub\Cap_coral_reefs\New_version_of_the_project\website\benthic_datasets\mask_labels\reef_support\SEAFLOWER_BOLIVAR\images\20220912_AnB_CB10 (23).JPG
image,20220912_AnB_CB10 (25),20220912_AnB_CB10 (25).JPG,C:\Users\20231807\Documents\GitHub\Cap_coral_reefs\New_version_of_the_project\website\benthic_datasets\mask_labels\reef_support\SEAFLOWER_BOLIVAR\images\20220912_AnB_CB10 (25).JPG
image,20220912_AnB_CB10 (30),20220912_AnB_CB10 (30).JPG,C:\Users\20231807\Documents\GitHub\Cap_coral_reefs\New_version_of_the_project\website\benthic_datasets\mask_labels\reef_support\SEAFLOWER_BOLIVAR\images\20220912_AnB_CB10 (30).JPG
image,20220912_AnB_CB10 (37),20220912_AnB_CB10 (37).JPG,C:\Users\20231807\Documents\GitHub\Cap_coral_reefs\New_version_of_the_project\website\benthic_datasets\mask_labels\reef_support\SEAFLOWER_BOLIVAR\images\20220912_AnB_CB10 (37).JPG
image,20220912_AnB_CB10 (38),20220912_AnB_CB10 (38).JPG,C:\Users\20231807\Documents\GitHub\Cap_coral_reefs\New_version_of_the_project\website\benthic_datasets\mask_labels\reef_support\SEAFLOWER_BOLIVAR\images\20220912_AnB_CB10 (38).JPG
image,20220912_AnB_CB10 (39),20220912_AnB_CB10 (39).JPG,C:\Users\20231807\Documents\GitHub\Cap_coral_reefs\New_version_of_the_project\website\benthic_datasets\mask_labels\reef_support\SEAFLOWER_BOLIVAR\images\20220912_AnB_CB10 (39).JPG
image,20220912_AnB_CB10 (40),20220912_AnB_CB10 (40).JPG,C:\Users\20231807\Documents\GitHub\Cap_coral_reefs\New_version_of_the_project\website\benthic_datasets\mask_labels\reef_support\SEAFLOWER_BOLIVAR\images\20220912_AnB_CB10 (40).JPG
image,20220912_AnB_CB10 (41),20220912_AnB_CB10 (41).JPG,C:\Users\20231807\Documents\GitHub\Cap_coral_reefs\New_version_of_the_project\website\benthic_datasets\mask_labels\reef_support\SEAFLOWER_BOLIVAR\images\20220912_AnB_CB10 (41).JPG
image,20220912_AnB_CB10 (42),20220912_AnB_CB10 (42).JPG,C:\Users\20231807\Documents\GitHub\Cap_coral_reefs\New_version_of_the_project\website\benthic_datasets\mask_labels\reef_support\SEAFLOWER_BOLIVAR\images\20220912_AnB_CB10 (42).JPG
image,20220912_AnB_CB10 (49),20220912_AnB_CB10 (49).JPG,C:\Users\20231807\Documents\GitHub\Cap_coral_reefs\New_version_of_the_project\website\benthic_datasets\mask_labels\reef_support\SEAFLOWER_BOLIVAR\images\20220912_AnB_CB10 (49).JPG
image,20220912_AnB_CB10 (57),20220912_AnB_CB10 (57).JPG,C:\Users\20231807\Documents\GitHub\Cap_coral_reefs\New_version_of_the_project\website\benthic_datasets\mask_labels\reef_support\SEAFLOWER_BOLIVAR\images\20220912_AnB_CB10 (57).JPG
image,20220912_AnB_CB10 (60),20220912_AnB_CB10 (60).JPG,C:\Users\20231807\Documents\GitHub\Cap_coral_reefs\New_version_of_the_project\website\benthic_datasets\mask_labels\reef_support\SEAFLOWER_BOLIVAR\images\20220912_AnB_CB10 (60).JPG
image,20220912_AnB_CB10 (69),20220912_AnB_CB10 (69).JPG,C:\Users\20231807\Documents\GitHub\Cap_coral_reefs\New_version_of_the_project\website\benthic_datasets\mask_labels\reef_support\SEAFLOWER_BOLIVAR\images\20220912_AnB_CB10 (69).JPG
image,20220912_AnB_CB10 (72),20220912_AnB_CB10 (72).JPG,C:\Users\20231807\Documents\GitHub\Cap_coral_reefs\New_version_of_the_project\website\benthic_datasets\mask_labels\reef_support\SEAFLOWER_BOLIVAR\images\20220912_AnB_CB10 (72).JPG
image,20220912_AnB_CB10 (76),20220912_AnB_CB10 (76).JPG,C:\Users\20231807\Documents\GitHub\Cap_coral_reefs\New_version_of_the_project\website\benthic_datasets\mask_labels\reef_support\SEAFLOWER_BOLIVAR\images\20220912_AnB_CB10 (76).JPG
image,20220912_AnB_CB10 (88),20220912_AnB_CB10 (88).JPG,C:\Users\20231807\Documents\GitHub\Cap_coral_reefs\New_version_of_the_project\website\benthic_datasets\mask_labels\reef_support\SEAFLOWER_BOLIVAR\images\20220912_AnB_CB10 (88).JPG
image,20220912_AnB_CB10 (94),20220912_AnB_CB10 (94).JPG,C:\Users\20231807\Documents\GitHub\Cap_coral_reefs\New_version_of_the_project\website\benthic_datasets\mask_labels\reef_support\SEAFLOWER_BOLIVAR\images\20220912_AnB_CB10 (94).JPG
image,20220912_AnB_CB8 (25),20220912_AnB_CB8 (25).JPG,C:\Users\20231807\Documents\GitHub\Cap_coral_reefs\New_version_of_the_project\website\benthic_datasets\mask_labels\reef_support\SEAFLOWER_BOLIVAR\images\20220912_AnB_CB8 (25).JPG
image,20220912_AnB_CB8 (26),20220912_AnB_CB8 (26).JPG,C:\Users\20231807\Documents\GitHub\Cap_coral_reefs\New_version_of_the_project\website\benthic_datasets\mask_labels\reef_support\SEAFLOWER_BOLIVAR\images\20220912_AnB_CB8 (26).JPG
image,20220912_AnB_CB8 (27),20220912_AnB_CB8 (27).JPG,C:\Users\20231807\Documents\GitHub\Cap_coral_reefs\New_version_of_the_project\website\benthic_datasets\mask_labels\reef_support\SEAFLOWER_BOLIVAR\images\20220912_AnB_CB8 (27).JPG
image,20220912_AnB_CB8 (56),20220912_AnB_CB8 (56).JPG,C:\Users\20231807\Documents\GitHub\Cap_coral_reefs\New_version_of_the_project\website\benthic_datasets\mask_labels\reef_support\SEAFLOWER_BOLIVAR\images\20220912_AnB_CB8 (56).JPG
image,20220912_AnB_CB8 (64),20220912_AnB_CB8 (64).JPG,C:\Users\20231807\Documents\GitHub\Cap_coral_reefs\New_version_of_the_project\website\benthic_datasets\mask_labels\reef_support\SEAFLOWER_BOLIVAR\images\20220912_AnB_CB8 (64).JPG
image,20220912_AnB_CB8 (7),20220912_AnB_CB8 (7).JPG,C:\Users\20231807\Documents\GitHub\Cap_coral_reefs\New_version_of_the_project\website\benthic_datasets\mask_labels\reef_support\SEAFLOWER_BOLIVAR\images\20220912_AnB_CB8 (7).JPG
image,20220912_AnB_CB8 (8),20220912_AnB_CB8 (8).JPG,C:\Users\20231807\Documents\GitHub\Cap_coral_reefs\New_version_of_the_project\website\benthic_datasets\mask_labels\reef_support\SEAFLOWER_BOLIVAR\images\20220912_AnB_CB8 (8).JPG
image,20220912_AnB_CB8 (80),20220912_AnB_CB8 (80).JPG,C:\Users\20231807\Documents\GitHub\Cap_coral_reefs\New_version_of_the_project\website\benthic_datasets\mask_labels\reef_support\SEAFLOWER_BOLIVAR\images\20220912_AnB_CB8 (80).JPG
image,20220912_AnB_CB8 (88),20220912_AnB_CB8 (88).JPG,C:\Users\20231807\Documents\GitHub\Cap_coral_reefs\New_version_of_the_project\website\benthic_datasets\mask_labels\reef_support\SEAFLOWER_BOLIVAR\images\20220912_AnB_CB8 (88).JPG
image,20220912_AnB_CB8 (9),20220912_AnB_CB8 (9).JPG,C:\Users\20231807\Documents\GitHub\Cap_coral_reefs\New_version_of_the_project\website\benthic_datasets\mask_labels\reef_support\SEAFLOWER_BOLIVAR\images\20220912_AnB_CB8 (9).JPG
image,20220912_BnA_CB9 (106),20220912_BnA_CB9 (106).JPG,C:\Users\20231807\Documents\GitHub\Cap_coral_reefs\New_version_of_the_project\website\benthic_datasets\mask_labels\reef_support\SEAFLOWER_BOLIVAR\images\20220912_BnA_CB9 (106).JPG
image,20220912_BnA_CB9 (127),20220912_BnA_CB9 (127).JPG,C:\Users\20231807\Documents\GitHub\Cap_coral_reefs\New_version_of_the_project\website\benthic_datasets\mask_labels\reef_support\SEAFLOWER_BOLIVAR\images\20220912_BnA_CB9 (127).JPG
image,20220912_BnA_CB9 (15),20220912_BnA_CB9 (15).JPG,C:\Users\20231807\Documents\GitHub\Cap_coral_reefs\New_version_of_the_project\website\benthic_datasets\mask_labels\reef_support\SEAFLOWER_BOLIVAR\images\20220912_BnA_CB9 (15).JPG
image,20220912_BnA_CB9 (157),20220912_BnA_CB9 (157).JPG,C:\Users\20231807\Documents\GitHub\Cap_coral_reefs\New_version_of_the_project\website\benthic_datasets\mask_labels\reef_support\SEAFLOWER_BOLIVAR\images\20220912_BnA_CB9 (157).JPG
image,20220912_BnA_CB9 (195),20220912_BnA_CB9 (195).JPG,C:\Users\20231807\Documents\GitHub\Cap_coral_reefs\New_version_of_the_project\website\benthic_datasets\mask_labels\reef_support\SEAFLOWER_BOLIVAR\images\20220912_BnA_CB9 (195).JPG
image,20220912_BnA_CB9 (207),20220912_BnA_CB9 (207).JPG,C:\Users\20231807\Documents\GitHub\Cap_coral_reefs\New_version_of_the_project\website\benthic_datasets\mask_labels\reef_support\SEAFLOWER_BOLIVAR\images\20220912_BnA_CB9 (207).JPG
image,20220912_BnA_CB9 (211),20220912_BnA_CB9 (211).JPG,C:\Users\20231807\Documents\GitHub\Cap_coral_reefs\New_version_of_the_project\website\benthic_datasets\mask_labels\reef_support\SEAFLOWER_BOLIVAR\images\20220912_BnA_CB9 (211).JPG
image,20220912_BnA_CB9 (218),20220912_BnA_CB9 (218).JPG,C:\Users\20231807\Documents\GitHub\Cap_coral_reefs\New_version_of_the_project\website\benthic_datasets\mask_labels\reef_support\SEAFLOWER_BOLIVAR\images\20220912_BnA_CB9 (218).JPG
image,20220912_BnA_CB9 (35),20220912_BnA_CB9 (35).JPG,C:\Users\20231807\Documents\GitHub\Cap_coral_reefs\New_version_of_the_project\website\benthic_datasets\mask_labels\reef_support\SEAFLOWER_BOLIVAR\images\20220912_BnA_CB9 (35).JPG
image,20220912_BnA_CB9 (48),20220912_BnA_CB9 (48).JPG,C:\Users\20231807\Documents\GitHub\Cap_coral_reefs\New_version_of_the_project\website\benthic_datasets\mask_labels\reef_support\SEAFLOWER_BOLIVAR\images\20220912_BnA_CB9 (48).JPG
image,20220912_BnA_CB9 (70),20220912_BnA_CB9 (70).JPG,C:\Users\20231807\Documents\GitHub\Cap_coral_reefs\New_version_of_the_project\website\benthic_datasets\mask_labels\reef_support\SEAFLOWER_BOLIVAR\images\20220912_BnA_CB9 (70).JPG
image,20220912_BnA_CB9 (78),20220912_BnA_CB9 (78).JPG,C:\Users\20231807\Documents\GitHub\Cap_coral_reefs\New_version_of_the_project\website\benthic_datasets\mask_labels\reef_support\SEAFLOWER_BOLIVAR\images\20220912_BnA_CB9 (78).JPG
image,20220912_BnA_CB9 (97),20220912_BnA_CB9 (97).JPG,C:\Users\20231807\Documents\GitHub\Cap_coral_reefs\New_version_of_the_project\website\benthic_datasets\mask_labels\reef_support\SEAFLOWER_BOLIVAR\images\20220912_BnA_CB9 (97).JPG
image,20220913_AnB_CB11 (105),20220913_AnB_CB11 (105).JPG,C:\Users\20231807\Documents\GitHub\Cap_coral_reefs\New_version_of_the_project\website\benthic_datasets\mask_labels\reef_support\SEAFLOWER_BOLIVAR\images\20220913_AnB_CB11 (105).JPG
image,20220913_AnB_CB11 (107),20220913_AnB_CB11 (107).JPG,C:\Users\20231807\Documents\GitHub\Cap_coral_reefs\New_version_of_the_project\website\benthic_datasets\mask_labels\reef_support\SEAFLOWER_BOLIVAR\images\20220913_AnB_CB11 (107).JPG
image,20220913_AnB_CB11 (108),20220913_AnB_CB11 (108).JPG,C:\Users\20231807\Documents\GitHub\Cap_coral_reefs\New_version_of_the_project\website\benthic_datasets\mask_labels\reef_support\SEAFLOWER_BOLIVAR\images\20220913_AnB_CB11 (108).JPG
image,20220913_AnB_CB11 (110),20220913_AnB_CB11 (110).JPG,C:\Users\20231807\Documents\GitHub\Cap_coral_reefs\New_version_of_the_project\website\benthic_datasets\mask_labels\reef_support\SEAFLOWER_BOLIVAR\images\20220913_AnB_CB11 (110).JPG
image,20220913_AnB_CB11 (141),20220913_AnB_CB11 (141).JPG,C:\Users\20231807\Documents\GitHub\Cap_coral_reefs\New_version_of_the_project\website\benthic_datasets\mask_labels\reef_support\SEAFLOWER_BOLIVAR\images\20220913_AnB_CB11 (141).JPG
image,20220913_AnB_CB11 (142),20220913_AnB_CB11 (142).JPG,C:\Users\20231807\Documents\GitHub\Cap_coral_reefs\New_version_of_the_project\website\benthic_datasets\mask_labels\reef_support\SEAFLOWER_BOLIVAR\images\20220913_AnB_CB11 (142).JPG
image,20220913_AnB_CB11 (144),20220913_AnB_CB11 (144).JPG,C:\Users\20231807\Documents\GitHub\Cap_coral_reefs\New_version_of_the_project\website\benthic_datasets\mask_labels\reef_support\SEAFLOWER_BOLIVAR\images\20220913_AnB_CB11 (144).JPG
image,20220913_AnB_CB11 (156),20220913_AnB_CB11 (156).JPG,C:\Users\20231807\Documents\GitHub\Cap_coral_reefs\New_version_of_the_project\website\benthic_datasets\mask_labels\reef_support\SEAFLOWER_BOLIVAR\images\20220913_AnB_CB11 (156).JPG
image,20220913_AnB_CB11 (194),20220913_AnB_CB11 (194).JPG,C:\Users\20231807\Documents\GitHub\Cap_coral_reefs\New_version_of_the_project\website\benthic_datasets\mask_labels\reef_support\SEAFLOWER_BOLIVAR\images\20220913_AnB_CB11 (194).JPG
image,20220913_AnB_CB11 (195),20220913_AnB_CB11 (195).JPG,C:\Users\20231807\Documents\GitHub\Cap_coral_reefs\New_version_of_the_project\website\benthic_datasets\mask_labels\reef_support\SEAFLOWER_BOLIVAR\images\20220913_AnB_CB11 (195).JPG
image,20220913_AnB_CB11 (197),20220913_AnB_CB11 (197).JPG,C:\Users\20231807\Documents\GitHub\Cap_coral_reefs\New_version_of_the_project\website\benthic_datasets\mask_labels\reef_support\SEAFLOWER_BOLIVAR\images\20220913_AnB_CB11 (197).JPG
image,20220913_AnB_CB11 (206),20220913_AnB_CB11 (206).JPG,C:\Users\20231807\Documents\GitHub\Cap_coral_reefs\New_version_of_the_project\website\benthic_datasets\mask_labels\reef_support\SEAFLOWER_BOLIVAR\images\20220913_AnB_CB11 (206).JPG
image,20220913_AnB_CB11 (21),20220913_AnB_CB11 (21).JPG,C:\Users\20231807\Documents\GitHub\Cap_coral_reefs\New_version_of_the_project\website\benthic_datasets\mask_labels\reef_support\SEAFLOWER_BOLIVAR\images\20220913_AnB_CB11 (21).JPG
image,20220913_AnB_CB11 (210),20220913_AnB_CB11 (210).JPG,C:\Users\20231807\Documents\GitHub\Cap_coral_reefs\New_version_of_the_project\website\benthic_datasets\mask_labels\reef_support\SEAFLOWER_BOLIVAR\images\20220913_AnB_CB11 (210).JPG
image,20220913_AnB_CB11 (223),20220913_AnB_CB11 (223).JPG,C:\Users\20231807\Documents\GitHub\Cap_coral_reefs\New_version_of_the_project\website\benthic_datasets\mask_labels\reef_support\SEAFLOWER_BOLIVAR\images\20220913_AnB_CB11 (223).JPG
image,20220913_AnB_CB11 (237),20220913_AnB_CB11 (237).JPG,C:\Users\20231807\Documents\GitHub\Cap_coral_reefs\New_version_of_the_project\website\benthic_datasets\mask_labels\reef_support\SEAFLOWER_BOLIVAR\images\20220913_AnB_CB11 (237).JPG
image,20220913_AnB_CB11 (249),20220913_AnB_CB11 (249).JPG,C:\Users\20231807\Documents\GitHub\Cap_coral_reefs\New_version_of_the_project\website\benthic_datasets\mask_labels\reef_support\SEAFLOWER_BOLIVAR\images\20220913_AnB_CB11 (249).JPG
image,20220913_AnB_CB11 (36),20220913_AnB_CB11 (36).JPG,C:\Users\20231807\Documents\GitHub\Cap_coral_reefs\New_version_of_the_project\website\benthic_datasets\mask_labels\reef_support\SEAFLOWER_BOLIVAR\images\20220913_AnB_CB11 (36).JPG
image,20220913_AnB_CB11 (37),20220913_AnB_CB11 (37).JPG,C:\Users\20231807\Documents\GitHub\Cap_coral_reefs\New_version_of_the_project\website\benthic_datasets\mask_labels\reef_support\SEAFLOWER_BOLIVAR\images\20220913_AnB_CB11 (37).JPG
image,20220913_AnB_CB11 (391),20220913_AnB_CB11 (391).JPG,C:\Users\20231807\Documents\GitHub\Cap_coral_reefs\New_version_of_the_project\website\benthic_datasets\mask_labels\reef_support\SEAFLOWER_BOLIVAR\images\20220913_AnB_CB11 (391).JPG
image,20220913_AnB_CB11 (433),20220913_AnB_CB11 (433).JPG,C:\Users\20231807\Documents\GitHub\Cap_coral_reefs\New_version_of_the_project\website\benthic_datasets\mask_labels\reef_support\SEAFLOWER_BOLIVAR\images\20220913_AnB_CB11 (433).JPG
image,20220913_AnB_CB11 (450),20220913_AnB_CB11 (450).JPG,C:\Users\20231807\Documents\GitHub\Cap_coral_reefs\New_version_of_the_project\website\benthic_datasets\mask_labels\reef_support\SEAFLOWER_BOLIVAR\images\20220913_AnB_CB11 (450).JPG
image,20220913_AnB_CB11 (452),20220913_AnB_CB11 (452).JPG,C:\Users\20231807\Documents\GitHub\Cap_coral_reefs\New_version_of_the_project\website\benthic_datasets\mask_labels\reef_support\SEAFLOWER_BOLIVAR\images\20220913_AnB_CB11 (452).JPG
image,20220913_AnB_CB11 (495),20220913_AnB_CB11 (495).JPG,C:\Users\20231807\Documents\GitHub\Cap_coral_reefs\New_version_of_the_project\website\benthic_datasets\mask_labels\reef_support\SEAFLOWER_BOLIVAR\images\20220913_AnB_CB11 (495).JPG
image,20220913_AnB_CB11 (496),20220913_AnB_CB11 (496).JPG,C:\Users\20231807\Documents\GitHub\Cap_coral_reefs\New_version_of_the_project\website\benthic_datasets\mask_labels\reef_support\SEAFLOWER_BOLIVAR\images\20220913_AnB_CB11 (496).JPG
image,20220913_AnB_CB11 (85),20220913_AnB_CB11 (85).JPG,C:\Users\20231807\Documents\GitHub\Cap_coral_reefs\New_version_of_the_project\website\benthic_datasets\mask_labels\reef_support\SEAFLOWER_BOLIVAR\images\20220913_AnB_CB11 (85).JPG
image,20220913_AnB_CB12 (127),20220913_AnB_CB12 (127).JPG,C:\Users\20231807\Documents\GitHub\Cap_coral_reefs\New_version_of_the_project\website\benthic_datasets\mask_labels\reef_support\SEAFLOWER_BOLIVAR\images\20220913_AnB_CB12 (127).JPG
image,20220913_AnB_CB12 (150),20220913_AnB_CB12 (150).JPG,C:\Users\20231807\Documents\GitHub\Cap_coral_reefs\New_version_of_the_project\website\benthic_datasets\mask_labels\reef_support\SEAFLOWER_BOLIVAR\images\20220913_AnB_CB12 (150).JPG
image,20220913_AnB_CB12 (151),20220913_AnB_CB12 (151).JPG,C:\Users\20231807\Documents\GitHub\Cap_coral_reefs\New_version_of_the_project\website\benthic_datasets\mask_labels\reef_support\SEAFLOWER_BOLIVAR\images\20220913_AnB_CB12 (151).JPG
image,20220913_AnB_CB12 (163),20220913_AnB_CB12 (163).JPG,C:\Users\20231807\Documents\GitHub\Cap_coral_reefs\New_version_of_the_project\website\benthic_datasets\mask_labels\reef_support\SEAFLOWER_BOLIVAR\images\20220913_AnB_CB12 (163).JPG
image,20220913_AnB_CB12 (164),20220913_AnB_CB12 (164).JPG,C:\Users\20231807\Documents\GitHub\Cap_coral_reefs\New_version_of_the_project\website\benthic_datasets\mask_labels\reef_support\SEAFLOWER_BOLIVAR\images\20220913_AnB_CB12 (164).JPG
image,20220913_AnB_CB12 (212),20220913_AnB_CB12 (212).JPG,C:\Users\20231807\Documents\GitHub\Cap_coral_reefs\New_version_of_the_project\website\benthic_datasets\mask_labels\reef_support\SEAFLOWER_BOLIVAR\images\20220913_AnB_CB12 (212).JPG
image,20220913_AnB_CB12 (225),20220913_AnB_CB12 (225).JPG,C:\Users\20231807\Documents\GitHub\Cap_coral_reefs\New_version_of_the_project\website\benthic_datasets\mask_labels\reef_support\SEAFLOWER_BOLIVAR\images\20220913_AnB_CB12 (225).JPG
image,20220913_AnB_CB12 (26),20220913_AnB_CB12 (26).JPG,C:\Users\20231807\Documents\GitHub\Cap_coral_reefs\New_version_of_the_project\website\benthic_datasets\mask_labels\reef_support\SEAFLOWER_BOLIVAR\images\20220913_AnB_CB12 (26).JPG
image,20220913_AnB_CB12 (51),20220913_AnB_CB12 (51).JPG,C:\Users\20231807\Documents\GitHub\Cap_coral_reefs\New_version_of_the_project\website\benthic_datasets\mask_labels\reef_support\SEAFLOWER_BOLIVAR\images\20220913_AnB_CB12 (51).JPG
image,20220913_AnB_CB12 (64),20220913_AnB_CB12 (64).JPG,C:\Users\20231807\Documents\GitHub\Cap_coral_reefs\New_version_of_the_project\website\benthic_datasets\mask_labels\reef_support\SEAFLOWER_BOLIVAR\images\20220913_AnB_CB12 (64).JPG
image,20220913_AnB_CB12 (82),20220913_AnB_CB12 (82).JPG,C:\Users\20231807\Documents\GitHub\Cap_coral_reefs\New_version_of_the_project\website\benthic_datasets\mask_labels\reef_support\SEAFLOWER_BOLIVAR\images\20220913_AnB_CB12 (82).JPG
image,20220914_AnB_CB14 (162),20220914_AnB_CB14 (162).JPG,C:\Users\20231807\Documents\GitHub\Cap_coral_reefs\New_version_of_the_project\website\benthic_datasets\mask_labels\reef_support\SEAFLOWER_BOLIVAR\images\20220914_AnB_CB14 (162).JPG
image,20220914_AnB_CB14 (169),20220914_AnB_CB14 (169).JPG,C:\Users\20231807\Documents\GitHub\Cap_coral_reefs\New_version_of_the_project\website\benthic_datasets\mask_labels\reef_support\SEAFLOWER_BOLIVAR\images\20220914_AnB_CB14 (169).JPG
image,20220914_AnB_CB14 (17),20220914_AnB_CB14 (17).JPG,C:\Users\20231807\Documents\GitHub\Cap_coral_reefs\New_version_of_the_project\website\benthic_datasets\mask_labels\reef_support\SEAFLOWER_BOLIVAR\images\20220914_AnB_CB14 (17).JPG
image,20220914_AnB_CB14 (181),20220914_AnB_CB14 (181).JPG,C:\Users\20231807\Documents\GitHub\Cap_coral_reefs\New_version_of_the_project\website\benthic_datasets\mask_labels\reef_support\SEAFLOWER_BOLIVAR\images\20220914_AnB_CB14 (181).JPG
image,20220914_AnB_CB14 (182),20220914_AnB_CB14 (182).JPG,C:\Users\20231807\Documents\GitHub\Cap_coral_reefs\New_version_of_the_project\website\benthic_datasets\mask_labels\reef_support\SEAFLOWER_BOLIVAR\images\20220914_AnB_CB14 (182).JPG
image,20220914_AnB_CB14 (211),20220914_AnB_CB14 (211).JPG,C:\Users\20231807\Documents\GitHub\Cap_coral_reefs\New_version_of_the_project\website\benthic_datasets\mask_labels\reef_support\SEAFLOWER_BOLIVAR\images\20220914_AnB_CB14 (211).JPG
image,20220914_AnB_CB14 (217),20220914_AnB_CB14 (217).JPG,C:\Users\20231807\Documents\GitHub\Cap_coral_reefs\New_version_of_the_project\website\benthic_datasets\mask_labels\reef_support\SEAFLOWER_BOLIVAR\images\20220914_AnB_CB14 (217).JPG
image,20220914_AnB_CB14 (219),20220914_AnB_CB14 (219).JPG,C:\Users\20231807\Documents\GitHub\Cap_coral_reefs\New_version_of_the_project\website\benthic_datasets\mask_labels\reef_support\SEAFLOWER_BOLIVAR\images\20220914_AnB_CB14 (219).JPG
image,20220914_AnB_CB14 (221),20220914_AnB_CB14 (221).JPG,C:\Users\20231807\Documents\GitHub\Cap_coral_reefs\New_version_of_the_project\website\benthic_datasets\mask_labels\reef_support\SEAFLOWER_BOLIVAR\images\20220914_AnB_CB14 (221).JPG
image,20220914_AnB_CB14 (223),20220914_AnB_CB14 (223).JPG,C:\Users\20231807\Documents\GitHub\Cap_coral_reefs\New_version_of_the_project\website\benthic_datasets\mask_labels\reef_support\SEAFLOWER_BOLIVAR\images\20220914_AnB_CB14 (223).JPG
image,20220914_AnB_CB14 (224),20220914_AnB_CB14 (224).JPG,C:\Users\20231807\Documents\GitHub\Cap_coral_reefs\New_version_of_the_project\website\benthic_datasets\mask_labels\reef_support\SEAFLOWER_BOLIVAR\images\20220914_AnB_CB14 (224).JPG
image,20220914_AnB_CB14 (23),20220914_AnB_CB14 (23).JPG,C:\Users\20231807\Documents\GitHub\Cap_coral_reefs\New_version_of_the_project\website\benthic_datasets\mask_labels\reef_support\SEAFLOWER_BOLIVAR\images\20220914_AnB_CB14 (23).JPG
image,20220914_AnB_CB14 (242),20220914_AnB_CB14 (242).JPG,C:\Users\20231807\Documents\GitHub\Cap_coral_reefs\New_version_of_the_project\website\benthic_datasets\mask_labels\reef_support\SEAFLOWER_BOLIVAR\images\20220914_AnB_CB14 (242).JPG
image,20220914_AnB_CB14 (243),20220914_AnB_CB14 (243).JPG,C:\Users\20231807\Documents\GitHub\Cap_coral_reefs\New_version_of_the_project\website\benthic_datasets\mask_labels\reef_support\SEAFLOWER_BOLIVAR\images\20220914_AnB_CB14 (243).JPG
image,20220914_AnB_CB14 (249),20220914_AnB_CB14 (249).JPG,C:\Users\20231807\Documents\GitHub\Cap_coral_reefs\New_version_of_the_project\website\benthic_datasets\mask_labels\reef_support\SEAFLOWER_BOLIVAR\images\20220914_AnB_CB14 (249).JPG
image,20220914_AnB_CB14 (321),20220914_AnB_CB14 (321).JPG,C:\Users\20231807\Documents\GitHub\Cap_coral_reefs\New_version_of_the_project\website\benthic_datasets\mask_labels\reef_support\SEAFLOWER_BOLIVAR\images\20220914_AnB_CB14 (321).JPG
image,20220914_AnB_CB14 (33),20220914_AnB_CB14 (33).JPG,C:\Users\20231807\Documents\GitHub\Cap_coral_reefs\New_version_of_the_project\website\benthic_datasets\mask_labels\reef_support\SEAFLOWER_BOLIVAR\images\20220914_AnB_CB14 (33).JPG
image,20220914_AnB_CB14 (36),20220914_AnB_CB14 (36).JPG,C:\Users\20231807\Documents\GitHub\Cap_coral_reefs\New_version_of_the_project\website\benthic_datasets\mask_labels\reef_support\SEAFLOWER_BOLIVAR\images\20220914_AnB_CB14 (36).JPG
image,20220914_AnB_CB14 (40),20220914_AnB_CB14 (40).JPG,C:\Users\20231807\Documents\GitHub\Cap_coral_reefs\New_version_of_the_project\website\benthic_datasets\mask_labels\reef_support\SEAFLOWER_BOLIVAR\images\20220914_AnB_CB14 (40).JPG
image,20220914_AnB_CB14 (42),20220914_AnB_CB14 (42).JPG,C:\Users\20231807\Documents\GitHub\Cap_coral_reefs\New_version_of_the_project\website\benthic_datasets\mask_labels\reef_support\SEAFLOWER_BOLIVAR\images\20220914_AnB_CB14 (42).JPG
image,20220914_AnB_CB14 (49),20220914_AnB_CB14 (49).JPG,C:\Users\20231807\Documents\GitHub\Cap_coral_reefs\New_version_of_the_project\website\benthic_datasets\mask_labels\reef_support\SEAFLOWER_BOLIVAR\images\20220914_AnB_CB14 (49).JPG
image,20220914_AnB_CB14 (66),20220914_AnB_CB14 (66).JPG,C:\Users\20231807\Documents\GitHub\Cap_coral_reefs\New_version_of_the_project\website\benthic_datasets\mask_labels\reef_support\SEAFLOWER_BOLIVAR\images\20220914_AnB_CB14 (66).JPG
image,20220914_AnB_CB14 (69),20220914_AnB_CB14 (69).JPG,C:\Users\20231807\Documents\GitHub\Cap_coral_reefs\New_version_of_the_project\website\benthic_datasets\mask_labels\reef_support\SEAFLOWER_BOLIVAR\images\20220914_AnB_CB14 (69).JPG
image,20220914_AnB_CB14 (71),20220914_AnB_CB14 (71).JPG,C:\Users\20231807\Documents\GitHub\Cap_coral_reefs\New_version_of_the_project\website\benthic_datasets\mask_labels\reef_support\SEAFLOWER_BOLIVAR\images\20220914_AnB_CB14 (71).JPG
image,20220914_AnB_CB14 (85),20220914_AnB_CB14 (85).JPG,C:\Users\20231807\Documents\GitHub\Cap_coral_reefs\New_version_of_the_project\website\benthic_datasets\mask_labels\reef_support\SEAFLOWER_BOLIVAR\images\20220914_AnB_CB14 (85).JPG
image,20220914_AnB_CB14 (87),20220914_AnB_CB14 (87).JPG,C:\Users\20231807\Documents\GitHub\Cap_coral_reefs\New_version_of_the_project\website\benthic_datasets\mask_labels\reef_support\SEAFLOWER_BOLIVAR\images\20220914_AnB_CB14 (87).JPG
image,20220914_AnB_CB14 (91),20220914_AnB_CB14 (91).JPG,C:\Users\20231807\Documents\GitHub\Cap_coral_reefs\New_version_of_the_project\website\benthic_datasets\mask_labels\reef_support\SEAFLOWER_BOLIVAR\images\20220914_AnB_CB14 (91).JPG
image,20220914_AnB_CB14 (92),20220914_AnB_CB14 (92).JPG,C:\Users\20231807\Documents\GitHub\Cap_coral_reefs\New_version_of_the_project\website\benthic_datasets\mask_labels\reef_support\SEAFLOWER_BOLIVAR\images\20220914_AnB_CB14 (92).JPG
image,P9150331,P9150331.JPG,C:\Users\20231807\Documents\GitHub\Cap_coral_reefs\New_version_of_the_project\website\benthic_datasets\mask_labels\reef_support\SEAFLOWER_BOLIVAR\images\P9150331.JPG
mask,E0_T1_C12_Corr_30sep22_mask,E0_T1_C12_Corr_30sep22_mask.png,C:\Users\20231807\Documents\GitHub\Cap_coral_reefs\New_version_of_the_project\website\benthic_datasets\mask_labels\reef_support\SEAFLOWER_COURTOWN\masks_stitched\E0_T1_C12_Corr_30sep22_mask.png
mask,E0_T1_C13_Corr_30sep22_mask,E0_T1_C13_Corr_30sep22_mask.png,C:\Users\20231807\Documents\GitHub\Cap_coral_reefs\New_version_of_the_project\website\benthic_datasets\mask_labels\reef_support\SEAFLOWER_COURTOWN\masks_stitched\E0_T1_C13_Corr_30sep22_mask.png
mask,E0_T1_C2_Corr_30sep22_mask,E0_T1_C2_Corr_30sep22_mask.png,C:\Users\20231807\Documents\GitHub\Cap_coral_reefs\New_version_of_the_project\website\benthic_datasets\mask_labels\reef_support\SEAFLOWER_COURTOWN\masks_stitched\E0_T1_C2_Corr_30sep22_mask.png
mask,E0_T1_C3_Corr_30sep22_mask,E0_T1_C3_Corr_30sep22_mask.png,C:\Users\20231807\Documents\GitHub\Cap_coral_reefs\New_version_of_the_project\website\benthic_datasets\mask_labels\reef_support\SEAFLOWER_COURTOWN\masks_stitched\E0_T1_C3_Corr_30sep22_mask.png
mask,E0_T1_C6_Corr_30sep22_mask,E0_T1_C6_Corr_30sep22_mask.png,C:\Users\20231807\Documents\GitHub\Cap_coral_reefs\New_version_of_the_project\website\benthic_datasets\mask_labels\reef_support\SEAFLOWER_COURTOWN\masks_stitched\E0_T1_C6_Corr_30sep22_mask.png
mask,E0_T1_C7_Corr_30sep22_mask,E0_T1_C7_Corr_30sep22_mask.png,C:\Users\20231807\Documents\GitHub\Cap_coral_reefs\New_version_of_the_project\website\benthic_datasets\mask_labels\reef_support\SEAFLOWER_COURTOWN\masks_stitched\E0_T1_C7_Corr_30sep22_mask.png
mask,E0_T1_C8_Corr_30sep22_mask,E0_T1_C8_Corr_30sep22_mask.png,C:\Users\20231807\Documents\GitHub\Cap_coral_reefs\New_version_of_the_project\website\benthic_datasets\mask_labels\reef_support\SEAFLOWER_COURTOWN\masks_stitched\E0_T1_C8_Corr_30sep22_mask.png
mask,E10_T2_C11_Corr_28sep22_mask,E10_T2_C11_Corr_28sep22_mask.png,C:\Users\20231807\Documents\GitHub\Cap_coral_reefs\New_version_of_the_project\website\benthic_datasets\mask_labels\reef_support\SEAFLOWER_COURTOWN\masks_stitched\E10_T2_C11_Corr_28sep22_mask.png
mask,E10_T2_C1_Corr_28sep22_mask,E10_T2_C1_Corr_28sep22_mask.png,C:\Users\20231807\Documents\GitHub\Cap_coral_reefs\New_version_of_the_project\website\benthic_datasets\mask_labels\reef_support\SEAFLOWER_COURTOWN\masks_stitched\E10_T2_C1_Corr_28sep22_mask.png
mask,E10_T2_C2_Corr_28sep22_mask,E10_T2_C2_Corr_28sep22_mask.png,C:\Users\20231807\Documents\GitHub\Cap_coral_reefs\New_version_of_the_project\website\benthic_datasets\mask_labels\reef_support\SEAFLOWER_COURTOWN\masks_stitched\E10_T2_C2_Corr_28sep22_mask.png
mask,E10_T2_C5_Corr_28sep22_mask,E10_T2_C5_Corr_28sep22_mask.png,C:\Users\20231807\Documents\GitHub\Cap_coral_reefs\New_version_of_the_project\website\benthic_datasets\mask_labels\reef_support\SEAFLOWER_COURTOWN\masks_stitched\E10_T2_C5_Corr_28sep22_mask.png
mask,E10_T2_C6_Corr_28sep22_mask,E10_T2_C6_Corr_28sep22_mask.png,C:\Users\20231807\Documents\GitHub\Cap_coral_reefs\New_version_of_the_project\website\benthic_datasets\mask_labels\reef_support\SEAFLOWER_COURTOWN\masks_stitched\E10_T2_C6_Corr_28sep22_mask.png
mask,E10_T2_C9_Corr_28sep22_mask,E10_T2_C9_Corr_28sep22_mask.png,C:\Users\20231807\Documents\GitHub\Cap_coral_reefs\New_version_of_the_project\website\benthic_datasets\mask_labels\reef_support\SEAFLOWER_COURTOWN\masks_stitched\E10_T2_C9_Corr_28sep22_mask.png
mask,E11_T2_C10_Corr_26sep22_mask,E11_T2_C10_Corr_26sep22_mask.png,C:\Users\20231807\Documents\GitHub\Cap_coral_reefs\New_version_of_the_project\website\benthic_datasets\mask_labels\reef_support\SEAFLOWER_COURTOWN\masks_stitched\E11_T2_C10_Corr_26sep22_mask.png
mask,E11_T2_C13_Corr_26sep22_mask,E11_T2_C13_Corr_26sep22_mask.png,C:\Users\20231807\Documents\GitHub\Cap_coral_reefs\New_version_of_the_project\website\benthic_datasets\mask_labels\reef_support\SEAFLOWER_COURTOWN\masks_stitched\E11_T2_C13_Corr_26sep22_mask.png
mask,E11_T2_C3_Corr_26sep22_mask,E11_T2_C3_Corr_26sep22_mask.png,C:\Users\20231807\Documents\GitHub\Cap_coral_reefs\New_version_of_the_project\website\benthic_datasets\mask_labels\reef_support\SEAFLOWER_COURTOWN\masks_stitched\E11_T2_C3_Corr_26sep22_mask.png
mask,E11_T2_C4_Corr_26sep22_mask,E11_T2_C4_Corr_26sep22_mask.png,C:\Users\20231807\Documents\GitHub\Cap_coral_reefs\New_version_of_the_project\website\benthic_datasets\mask_labels\reef_support\SEAFLOWER_COURTOWN\masks_stitched\E11_T2_C4_Corr_26sep22_mask.png
mask,E11_T2_C7_Corr_26sep22_mask,E11_T2_C7_Corr_26sep22_mask.png,C:\Users\20231807\Documents\GitHub\Cap_coral_reefs\New_version_of_the_project\website\benthic_datasets\mask_labels\reef_support\SEAFLOWER_COURTOWN\masks_stitched\E11_T2_C7_Corr_26sep22_mask.png
mask,E11_T2_C8_Corr_26sep22_mask,E11_T2_C8_Corr_26sep22_mask.png,C:\Users\20231807\Documents\GitHub\Cap_coral_reefs\New_version_of_the_project\website\benthic_datasets\mask_labels\reef_support\SEAFLOWER_COURTOWN\masks_stitched\E11_T2_C8_Corr_26sep22_mask.png
mask,E12_T2_C12_Corr_22sep22_mask,E12_T2_C12_Corr_22sep22_mask.png,C:\Users\20231807\Documents\GitHub\Cap_coral_reefs\New_version_of_the_project\website\benthic_datasets\mask_labels\reef_support\SEAFLOWER_COURTOWN\masks_stitched\E12_T2_C12_Corr_22sep22_mask.png
mask,E12_T2_C13_Corr_22sep22_mask,E12_T2_C13_Corr_22sep22_mask.png,C:\Users\20231807\Documents\GitHub\Cap_coral_reefs\New_version_of_the_project\website\benthic_datasets\mask_labels\reef_support\SEAFLOWER_COURTOWN\masks_stitched\E12_T2_C13_Corr_22sep22_mask.png
mask,E12_T2_C16_Corr_22sep22_mask,E12_T2_C16_Corr_22sep22_mask.png,C:\Users\20231807\Documents\GitHub\Cap_coral_reefs\New_version_of_the_project\website\benthic_datasets\mask_labels\reef_support\SEAFLOWER_COURTOWN\masks_stitched\E12_T2_C16_Corr_22sep22_mask.png
mask,E12_T2_C1_Corr_22sep22_mask,E12_T2_C1_Corr_22sep22_mask.png,C:\Users\20231807\Documents\GitHub\Cap_coral_reefs\New_version_of_the_project\website\benthic_datasets\mask_labels\reef_support\SEAFLOWER_COURTOWN\masks_stitched\E12_T2_C1_Corr_22sep22_mask.png
mask,E12_T2_C2_Corr_22sep22_mask,E12_T2_C2_Corr_22sep22_mask.png,C:\Users\20231807\Documents\GitHub\Cap_coral_reefs\New_version_of_the_project\website\benthic_datasets\mask_labels\reef_support\SEAFLOWER_COURTOWN\masks_stitched\E12_T2_C2_Corr_22sep22_mask.png
mask,E12_T2_C5_Corr_22sep22_mask,E12_T2_C5_Corr_22sep22_mask.png,C:\Users\20231807\Documents\GitHub\Cap_coral_reefs\New_version_of_the_project\website\benthic_datasets\mask_labels\reef_support\SEAFLOWER_COURTOWN\masks_stitched\E12_T2_C5_Corr_22sep22_mask.png
mask,E12_T2_C6_Corr_22sep22_mask,E12_T2_C6_Corr_22sep22_mask.png,C:\Users\20231807\Documents\GitHub\Cap_coral_reefs\New_version_of_the_project\website\benthic_datasets\mask_labels\reef_support\SEAFLOWER_COURTOWN\masks_stitched\E12_T2_C6_Corr_22sep22_mask.png
mask,E12_T2_C7_Corr_22sep22_mask,E12_T2_C7_Corr_22sep22_mask.png,C:\Users\20231807\Documents\GitHub\Cap_coral_reefs\New_version_of_the_project\website\benthic_datasets\mask_labels\reef_support\SEAFLOWER_COURTOWN\masks_stitched\E12_T2_C7_Corr_22sep22_mask.png
mask,E13_T3_C11_Corr_24sep22_mask,E13_T3_C11_Corr_24sep22_mask.png,C:\Users\20231807\Documents\GitHub\Cap_coral_reefs\New_version_of_the_project\website\benthic_datasets\mask_labels\reef_support\SEAFLOWER_COURTOWN\masks_stitched\E13_T3_C11_Corr_24sep22_mask.png
mask,E13_T3_C12_Corr_24sep22_mask,E13_T3_C12_Corr_24sep22_mask.png,C:\Users\20231807\Documents\GitHub\Cap_coral_reefs\New_version_of_the_project\website\benthic_datasets\mask_labels\reef_support\SEAFLOWER_COURTOWN\masks_stitched\E13_T3_C12_Corr_24sep22_mask.png
mask,E13_T3_C15_Corr_24sep22_mask,E13_T3_C15_Corr_24sep22_mask.png,C:\Users\20231807\Documents\GitHub\Cap_coral_reefs\New_version_of_the_project\website\benthic_datasets\mask_labels\reef_support\SEAFLOWER_COURTOWN\masks_stitched\E13_T3_C15_Corr_24sep22_mask.png
mask,E13_T3_C16_Corr_24sep22_mask,E13_T3_C16_Corr_24sep22_mask.png,C:\Users\20231807\Documents\GitHub\Cap_coral_reefs\New_version_of_the_project\website\benthic_datasets\mask_labels\reef_support\SEAFLOWER_COURTOWN\masks_stitched\E13_T3_C16_Corr_24sep22_mask.png
mask,E13_T3_C1_Corr_24sep22_mask,E13_T3_C1_Corr_24sep22_mask.png,C:\Users\20231807\Documents\GitHub\Cap_coral_reefs\New_version_of_the_project\website\benthic_datasets\mask_labels\reef_support\SEAFLOWER_COURTOWN\masks_stitched\E13_T3_C1_Corr_24sep22_mask.png
mask,E13_T3_C4_Corr_24sep22_mask,E13_T3_C4_Corr_24sep22_mask.png,C:\Users\20231807\Documents\GitHub\Cap_coral_reefs\New_version_of_the_project\website\benthic_datasets\mask_labels\reef_support\SEAFLOWER_COURTOWN\masks_stitched\E13_T3_C4_Corr_24sep22_mask.png
mask,E13_T3_C5_Corr_24sep22_mask,E13_T3_C5_Corr_24sep22_mask.png,C:\Users\20231807\Documents\GitHub\Cap_coral_reefs\New_version_of_the_project\website\benthic_datasets\mask_labels\reef_support\SEAFLOWER_COURTOWN\masks_stitched\E13_T3_C5_Corr_24sep22_mask.png
mask,E13_T3_C9_Corr_24sep22_mask,E13_T3_C9_Corr_24sep22_mask.png,C:\Users\20231807\Documents\GitHub\Cap_coral_reefs\New_version_of_the_project\website\benthic_datasets\mask_labels\reef_support\SEAFLOWER_COURTOWN\masks_stitched\E13_T3_C9_Corr_24sep22_mask.png
mask,E14_T2_C11_Corr_22sep22_mask,E14_T2_C11_Corr_22sep22_mask.png,C:\Users\20231807\Documents\GitHub\Cap_coral_reefs\New_version_of_the_project\website\benthic_datasets\mask_labels\reef_support\SEAFLOWER_COURTOWN\masks_stitched\E14_T2_C11_Corr_22sep22_mask.png
mask,E14_T2_C1_Corr_22sep22_mask,E14_T2_C1_Corr_22sep22_mask.png,C:\Users\20231807\Documents\GitHub\Cap_coral_reefs\New_version_of_the_project\website\benthic_datasets\mask_labels\reef_support\SEAFLOWER_COURTOWN\masks_stitched\E14_T2_C1_Corr_22sep22_mask.png
mask,E14_T2_C4_Corr_22sep22_mask,E14_T2_C4_Corr_22sep22_mask.png,C:\Users\20231807\Documents\GitHub\Cap_coral_reefs\New_version_of_the_project\website\benthic_datasets\mask_labels\reef_support\SEAFLOWER_COURTOWN\masks_stitched\E14_T2_C4_Corr_22sep22_mask.png
mask,E14_T2_C5_Corr_22sep22_mask,E14_T2_C5_Corr_22sep22_mask.png,C:\Users\20231807\Documents\GitHub\Cap_coral_reefs\New_version_of_the_project\website\benthic_datasets\mask_labels\reef_support\SEAFLOWER_COURTOWN\masks_stitched\E14_T2_C5_Corr_22sep22_mask.png
mask,E14_T2_C8_Corr_22sep22_mask,E14_T2_C8_Corr_22sep22_mask.png,C:\Users\20231807\Documents\GitHub\Cap_coral_reefs\New_version_of_the_project\website\benthic_datasets\mask_labels\reef_support\SEAFLOWER_COURTOWN\masks_stitched\E14_T2_C8_Corr_22sep22_mask.png
mask,E14_T2_C9_Corr_22sep22_mask,E14_T2_C9_Corr_22sep22_mask.png,C:\Users\20231807\Documents\GitHub\Cap_coral_reefs\New_version_of_the_project\website\benthic_datasets\mask_labels\reef_support\SEAFLOWER_COURTOWN\masks_stitched\E14_T2_C9_Corr_22sep22_mask.png
mask,E15_T3_C10_Corr_25sep22_mask,E15_T3_C10_Corr_25sep22_mask.png,C:\Users\20231807\Documents\GitHub\Cap_coral_reefs\New_version_of_the_project\website\benthic_datasets\mask_labels\reef_support\SEAFLOWER_COURTOWN\masks_stitched\E15_T3_C10_Corr_25sep22_mask.png
mask,E15_T3_C11_Corr_25sep22_mask,E15_T3_C11_Corr_25sep22_mask.png,C:\Users\20231807\Documents\GitHub\Cap_coral_reefs\New_version_of_the_project\website\benthic_datasets\mask_labels\reef_support\SEAFLOWER_COURTOWN\masks_stitched\E15_T3_C11_Corr_25sep22_mask.png
mask,E15_T3_C2_Corr_25sep22_mask,E15_T3_C2_Corr_25sep22_mask.png,C:\Users\20231807\Documents\GitHub\Cap_coral_reefs\New_version_of_the_project\website\benthic_datasets\mask_labels\reef_support\SEAFLOWER_COURTOWN\masks_stitched\E15_T3_C2_Corr_25sep22_mask.png
mask,E15_T3_C3_Corr_25sep22_mask,E15_T3_C3_Corr_25sep22_mask.png,C:\Users\20231807\Documents\GitHub\Cap_coral_reefs\New_version_of_the_project\website\benthic_datasets\mask_labels\reef_support\SEAFLOWER_COURTOWN\masks_stitched\E15_T3_C3_Corr_25sep22_mask.png
mask,E15_T3_C4_Corr_25sep22_mask,E15_T3_C4_Corr_25sep22_mask.png,C:\Users\20231807\Documents\GitHub\Cap_coral_reefs\New_version_of_the_project\website\benthic_datasets\mask_labels\reef_support\SEAFLOWER_COURTOWN\masks_stitched\E15_T3_C4_Corr_25sep22_mask.png
mask,E15_T3_C7_Corr_25sep22_mask,E15_T3_C7_Corr_25sep22_mask.png,C:\Users\20231807\Documents\GitHub\Cap_coral_reefs\New_version_of_the_project\website\benthic_datasets\mask_labels\reef_support\SEAFLOWER_COURTOWN\masks_stitched\E15_T3_C7_Corr_25sep22_mask.png
mask,E15_T3_C8_Corr_25sep22_mask,E15_T3_C8_Corr_25sep22_mask.png,C:\Users\20231807\Documents\GitHub\Cap_coral_reefs\New_version_of_the_project\website\benthic_datasets\mask_labels\reef_support\SEAFLOWER_COURTOWN\masks_stitched\E15_T3_C8_Corr_25sep22_mask.png
mask,E16_T3_C11_Corr_24sep22_mask,E16_T3_C11_Corr_24sep22_mask.png,C:\Users\20231807\Documents\GitHub\Cap_coral_reefs\New_version_of_the_project\website\benthic_datasets\mask_labels\reef_support\SEAFLOWER_COURTOWN\masks_stitched\E16_T3_C11_Corr_24sep22_mask.png
mask,E16_T3_C12_Corr_24sep22_mask,E16_T3_C12_Corr_24sep22_mask.png,C:\Users\20231807\Documents\GitHub\Cap_coral_reefs\New_version_of_the_project\website\benthic_datasets\mask_labels\reef_support\SEAFLOWER_COURTOWN\masks_stitched\E16_T3_C12_Corr_24sep22_mask.png
mask,E16_T3_C13_Corr_24sep22_mask,E16_T3_C13_Corr_24sep22_mask.png,C:\Users\20231807\Documents\GitHub\Cap_coral_reefs\New_version_of_the_project\website\benthic_datasets\mask_labels\reef_support\SEAFLOWER_COURTOWN\masks_stitched\E16_T3_C13_Corr_24sep22_mask.png
mask,E16_T3_C1_Corr_24sep22_mask,E16_T3_C1_Corr_24sep22_mask.png,C:\Users\20231807\Documents\GitHub\Cap_coral_reefs\New_version_of_the_project\website\benthic_datasets\mask_labels\reef_support\SEAFLOWER_COURTOWN\masks_stitched\E16_T3_C1_Corr_24sep22_mask.png
mask,E16_T3_C4_Corr_24sep22_mask,E16_T3_C4_Corr_24sep22_mask.png,C:\Users\20231807\Documents\GitHub\Cap_coral_reefs\New_version_of_the_project\website\benthic_datasets\mask_labels\reef_support\SEAFLOWER_COURTOWN\masks_stitched\E16_T3_C4_Corr_24sep22_mask.png
mask,E16_T3_C5_Corr_24sep22_mask,E16_T3_C5_Corr_24sep22_mask.png,C:\Users\20231807\Documents\GitHub\Cap_coral_reefs\New_version_of_the_project\website\benthic_datasets\mask_labels\reef_support\SEAFLOWER_COURTOWN\masks_stitched\E16_T3_C5_Corr_24sep22_mask.png
mask,E16_T3_C9_Corr_24sep22_mask,E16_T3_C9_Corr_24sep22_mask.png,C:\Users\20231807\Documents\GitHub\Cap_coral_reefs\New_version_of_the_project\website\benthic_datasets\mask_labels\reef_support\SEAFLOWER_COURTOWN\masks_stitched\E16_T3_C9_Corr_24sep22_mask.png
mask,E17_T3_C10_Corr_24sep22_mask,E17_T3_C10_Corr_24sep22_mask.png,C:\Users\20231807\Documents\GitHub\Cap_coral_reefs\New_version_of_the_project\website\benthic_datasets\mask_labels\reef_support\SEAFLOWER_COURTOWN\masks_stitched\E17_T3_C10_Corr_24sep22_mask.png
mask,E17_T3_C1_Corr_24sep22_mask,E17_T3_C1_Corr_24sep22_mask.png,C:\Users\20231807\Documents\GitHub\Cap_coral_reefs\New_version_of_the_project\website\benthic_datasets\mask_labels\reef_support\SEAFLOWER_COURTOWN\masks_stitched\E17_T3_C1_Corr_24sep22_mask.png
mask,E17_T3_C2_Corr_24sep22_mask,E17_T3_C2_Corr_24sep22_mask.png,C:\Users\20231807\Documents\GitHub\Cap_coral_reefs\New_version_of_the_project\website\benthic_datasets\mask_labels\reef_support\SEAFLOWER_COURTOWN\masks_stitched\E17_T3_C2_Corr_24sep22_mask.png
mask,E17_T3_C6_Corr_24sep22_mask,E17_T3_C6_Corr_24sep22_mask.png,C:\Users\20231807\Documents\GitHub\Cap_coral_reefs\New_version_of_the_project\website\benthic_datasets\mask_labels\reef_support\SEAFLOWER_COURTOWN\masks_stitched\E17_T3_C6_Corr_24sep22_mask.png
mask,E17_T3_C7_Corr_24sep22_mask,E17_T3_C7_Corr_24sep22_mask.png,C:\Users\20231807\Documents\GitHub\Cap_coral_reefs\New_version_of_the_project\website\benthic_datasets\mask_labels\reef_support\SEAFLOWER_COURTOWN\masks_stitched\E17_T3_C7_Corr_24sep22_mask.png
mask,E19_T2_C10_Corr_22sep22_mask,E19_T2_C10_Corr_22sep22_mask.png,C:\Users\20231807\Documents\GitHub\Cap_coral_reefs\New_version_of_the_project\website\benthic_datasets\mask_labels\reef_support\SEAFLOWER_COURTOWN\masks_stitched\E19_T2_C10_Corr_22sep22_mask.png
mask,E19_T2_C11_Corr_22sep22_mask,E19_T2_C11_Corr_22sep22_mask.png,C:\Users\20231807\Documents\GitHub\Cap_coral_reefs\New_version_of_the_project\website\benthic_datasets\mask_labels\reef_support\SEAFLOWER_COURTOWN\masks_stitched\E19_T2_C11_Corr_22sep22_mask.png
mask,E19_T2_C12_Corr_22sep22_mask,E19_T2_C12_Corr_22sep22_mask.png,C:\Users\20231807\Documents\GitHub\Cap_coral_reefs\New_version_of_the_project\website\benthic_datasets\mask_labels\reef_support\SEAFLOWER_COURTOWN\masks_stitched\E19_T2_C12_Corr_22sep22_mask.png
mask,E19_T2_C15_Corr_22sep22_mask,E19_T2_C15_Corr_22sep22_mask.png,C:\Users\20231807\Documents\GitHub\Cap_coral_reefs\New_version_of_the_project\website\benthic_datasets\mask_labels\reef_support\SEAFLOWER_COURTOWN\masks_stitched\E19_T2_C15_Corr_22sep22_mask.png
mask,E19_T2_C16_Corr_22sep22_mask,E19_T2_C16_Corr_22sep22_mask.png,C:\Users\20231807\Documents\GitHub\Cap_coral_reefs\New_version_of_the_project\website\benthic_datasets\mask_labels\reef_support\SEAFLOWER_COURTOWN\masks_stitched\E19_T2_C16_Corr_22sep22_mask.png
mask,E19_T2_C2_Corr_22sep22_mask,E19_T2_C2_Corr_22sep22_mask.png,C:\Users\20231807\Documents\GitHub\Cap_coral_reefs\New_version_of_the_project\website\benthic_datasets\mask_labels\reef_support\SEAFLOWER_COURTOWN\masks_stitched\E19_T2_C2_Corr_22sep22_mask.png
mask,E19_T2_C3_Corr_22sep22_mask,E19_T2_C3_Corr_22sep22_mask.png,C:\Users\20231807\Documents\GitHub\Cap_coral_reefs\New_version_of_the_project\website\benthic_datasets\mask_labels\reef_support\SEAFLOWER_COURTOWN\masks_stitched\E19_T2_C3_Corr_22sep22_mask.png
mask,E19_T2_C4_Corr_22sep22_mask,E19_T2_C4_Corr_22sep22_mask.png,C:\Users\20231807\Documents\GitHub\Cap_coral_reefs\New_version_of_the_project\website\benthic_datasets\mask_labels\reef_support\SEAFLOWER_COURTOWN\masks_stitched\E19_T2_C4_Corr_22sep22_mask.png
mask,E19_T2_C7_Corr_22sep22_mask,E19_T2_C7_Corr_22sep22_mask.png,C:\Users\20231807\Documents\GitHub\Cap_coral_reefs\New_version_of_the_project\website\benthic_datasets\mask_labels\reef_support\SEAFLOWER_COURTOWN\masks_stitched\E19_T2_C7_Corr_22sep22_mask.png
mask,E19_T2_C8_Corr_22sep22_mask,E19_T2_C8_Corr_22sep22_mask.png,C:\Users\20231807\Documents\GitHub\Cap_coral_reefs\New_version_of_the_project\website\benthic_datasets\mask_labels\reef_support\SEAFLOWER_COURTOWN\masks_stitched\E19_T2_C8_Corr_22sep22_mask.png
mask,E21_T2_C10_Corr_25sep22_mask,E21_T2_C10_Corr_25sep22_mask.png,C:\Users\20231807\Documents\GitHub\Cap_coral_reefs\New_version_of_the_project\website\benthic_datasets\mask_labels\reef_support\SEAFLOWER_COURTOWN\masks_stitched\E21_T2_C10_Corr_25sep22_mask.png
mask,E21_T2_C11_Corr_25sep22_mask,E21_T2_C11_Corr_25sep22_mask.png,C:\Users\20231807\Documents\GitHub\Cap_coral_reefs\New_version_of_the_project\website\benthic_datasets\mask_labels\reef_support\SEAFLOWER_COURTOWN\masks_stitched\E21_T2_C11_Corr_25sep22_mask.png
mask,E21_T2_C1_Corr_25sep22_mask,E21_T2_C1_Corr_25sep22_mask.png,C:\Users\20231807\Documents\GitHub\Cap_coral_reefs\New_version_of_the_project\website\benthic_datasets\mask_labels\reef_support\SEAFLOWER_COURTOWN\masks_stitched\E21_T2_C1_Corr_25sep22_mask.png
mask,E21_T2_C5_Corr_25sep22_mask,E21_T2_C5_Corr_25sep22_mask.png,C:\Users\20231807\Documents\GitHub\Cap_coral_reefs\New_version_of_the_project\website\benthic_datasets\mask_labels\reef_support\SEAFLOWER_COURTOWN\masks_stitched\E21_T2_C5_Corr_25sep22_mask.png
mask,E21_T2_C6_Corr_25sep22_mask,E21_T2_C6_Corr_25sep22_mask.png,C:\Users\20231807\Documents\GitHub\Cap_coral_reefs\New_version_of_the_project\website\benthic_datasets\mask_labels\reef_support\SEAFLOWER_COURTOWN\masks_stitched\E21_T2_C6_Corr_25sep22_mask.png
mask,E21_T2_C9_Corr_25sep22_mask,E21_T2_C9_Corr_25sep22_mask.png,C:\Users\20231807\Documents\GitHub\Cap_coral_reefs\New_version_of_the_project\website\benthic_datasets\mask_labels\reef_support\SEAFLOWER_COURTOWN\masks_stitched\E21_T2_C9_Corr_25sep22_mask.png
mask,E2_T2_C2_Corr_23sep22_mask,E2_T2_C2_Corr_23sep22_mask.png,C:\Users\20231807\Documents\GitHub\Cap_coral_reefs\New_version_of_the_project\website\benthic_datasets\mask_labels\reef_support\SEAFLOWER_COURTOWN\masks_stitched\E2_T2_C2_Corr_23sep22_mask.png
mask,E2_T2_C3_Corr_23sep22_mask,E2_T2_C3_Corr_23sep22_mask.png,C:\Users\20231807\Documents\GitHub\Cap_coral_reefs\New_version_of_the_project\website\benthic_datasets\mask_labels\reef_support\SEAFLOWER_COURTOWN\masks_stitched\E2_T2_C3_Corr_23sep22_mask.png
mask,E2_T2_C7_Corr_23sep22_mask,E2_T2_C7_Corr_23sep22_mask.png,C:\Users\20231807\Documents\GitHub\Cap_coral_reefs\New_version_of_the_project\website\benthic_datasets\mask_labels\reef_support\SEAFLOWER_COURTOWN\masks_stitched\E2_T2_C7_Corr_23sep22_mask.png
mask,E2_T2_C8_Corr_23sep22_mask,E2_T2_C8_Corr_23sep22_mask.png,C:\Users\20231807\Documents\GitHub\Cap_coral_reefs\New_version_of_the_project\website\benthic_datasets\mask_labels\reef_support\SEAFLOWER_COURTOWN\masks_stitched\E2_T2_C8_Corr_23sep22_mask.png
mask,E3_T1_C11_Corr_27sep22_mask,E3_T1_C11_Corr_27sep22_mask.png,C:\Users\20231807\Documents\GitHub\Cap_coral_reefs\New_version_of_the_project\website\benthic_datasets\mask_labels\reef_support\SEAFLOWER_COURTOWN\masks_stitched\E3_T1_C11_Corr_27sep22_mask.png
mask,E3_T1_C12_Corr_27sep22_mask,E3_T1_C12_Corr_27sep22_mask.png,C:\Users\20231807\Documents\GitHub\Cap_coral_reefs\New_version_of_the_project\website\benthic_datasets\mask_labels\reef_support\SEAFLOWER_COURTOWN\masks_stitched\E3_T1_C12_Corr_27sep22_mask.png
mask,E3_T1_C1_Corr_27sep22_mask,E3_T1_C1_Corr_27sep22_mask.png,C:\Users\20231807\Documents\GitHub\Cap_coral_reefs\New_version_of_the_project\website\benthic_datasets\mask_labels\reef_support\SEAFLOWER_COURTOWN\masks_stitched\E3_T1_C1_Corr_27sep22_mask.png
mask,E3_T1_C4_Corr_27sep22_mask,E3_T1_C4_Corr_27sep22_mask.png,C:\Users\20231807\Documents\GitHub\Cap_coral_reefs\New_version_of_the_project\website\benthic_datasets\mask_labels\reef_support\SEAFLOWER_COURTOWN\masks_stitched\E3_T1_C4_Corr_27sep22_mask.png
mask,E3_T1_C5_Corr_27sep22_mask,E3_T1_C5_Corr_27sep22_mask.png,C:\Users\20231807\Documents\GitHub\Cap_coral_reefs\New_version_of_the_project\website\benthic_datasets\mask_labels\reef_support\SEAFLOWER_COURTOWN\masks_stitched\E3_T1_C5_Corr_27sep22_mask.png
mask,E3_T1_C6_Corr_27sep22_mask,E3_T1_C6_Corr_27sep22_mask.png,C:\Users\20231807\Documents\GitHub\Cap_coral_reefs\New_version_of_the_project\website\benthic_datasets\mask_labels\reef_support\SEAFLOWER_COURTOWN\masks_stitched\E3_T1_C6_Corr_27sep22_mask.png
mask,E3_T1_C9_Corr_27sep22_mask,E3_T1_C9_Corr_27sep22_mask.png,C:\Users\20231807\Documents\GitHub\Cap_coral_reefs\New_version_of_the_project\website\benthic_datasets\mask_labels\reef_support\SEAFLOWER_COURTOWN\masks_stitched\E3_T1_C9_Corr_27sep22_mask.png
mask,E4_T1_C1_Corr_28sep22_mask,E4_T1_C1_Corr_28sep22_mask.png,C:\Users\20231807\Documents\GitHub\Cap_coral_reefs\New_version_of_the_project\website\benthic_datasets\mask_labels\reef_support\SEAFLOWER_COURTOWN\masks_stitched\E4_T1_C1_Corr_28sep22_mask.png
mask,E4_T1_C2_Corr_28sep22_mask,E4_T1_C2_Corr_28sep22_mask.png,C:\Users\20231807\Documents\GitHub\Cap_coral_reefs\New_version_of_the_project\website\benthic_datasets\mask_labels\reef_support\SEAFLOWER_COURTOWN\masks_stitched\E4_T1_C2_Corr_28sep22_mask.png
mask,E4_T1_C6_Corr_28sep22_mask,E4_T1_C6_Corr_28sep22_mask.png,C:\Users\20231807\Documents\GitHub\Cap_coral_reefs\New_version_of_the_project\website\benthic_datasets\mask_labels\reef_support\SEAFLOWER_COURTOWN\masks_stitched\E4_T1_C6_Corr_28sep22_mask.png
mask,E4_T1_C7_Corr_28sep22_mask,E4_T1_C7_Corr_28sep22_mask.png,C:\Users\20231807\Documents\GitHub\Cap_coral_reefs\New_version_of_the_project\website\benthic_datasets\mask_labels\reef_support\SEAFLOWER_COURTOWN\masks_stitched\E4_T1_C7_Corr_28sep22_mask.png
mask,E5_T2_C10_Corr_25sep22_mask,E5_T2_C10_Corr_25sep22_mask.png,C:\Users\20231807\Documents\GitHub\Cap_coral_reefs\New_version_of_the_project\website\benthic_datasets\mask_labels\reef_support\SEAFLOWER_COURTOWN\masks_stitched\E5_T2_C10_Corr_25sep22_mask.png
mask,E5_T2_C13_Corr_25sep22_mask,E5_T2_C13_Corr_25sep22_mask.png,C:\Users\20231807\Documents\GitHub\Cap_coral_reefs\New_version_of_the_project\website\benthic_datasets\mask_labels\reef_support\SEAFLOWER_COURTOWN\masks_stitched\E5_T2_C13_Corr_25sep22_mask.png
mask,E5_T2_C14_Corr_25sep22_mask,E5_T2_C14_Corr_25sep22_mask.png,C:\Users\20231807\Documents\GitHub\Cap_coral_reefs\New_version_of_the_project\website\benthic_datasets\mask_labels\reef_support\SEAFLOWER_COURTOWN\masks_stitched\E5_T2_C14_Corr_25sep22_mask.png
mask,E5_T2_C1_Corr_25sep22_mask,E5_T2_C1_Corr_25sep22_mask.png,C:\Users\20231807\Documents\GitHub\Cap_coral_reefs\New_version_of_the_project\website\benthic_datasets\mask_labels\reef_support\SEAFLOWER_COURTOWN\masks_stitched\E5_T2_C1_Corr_25sep22_mask.png
mask,E5_T2_C2_Corr_25sep22_mask,E5_T2_C2_Corr_25sep22_mask.png,C:\Users\20231807\Documents\GitHub\Cap_coral_reefs\New_version_of_the_project\website\benthic_datasets\mask_labels\reef_support\SEAFLOWER_COURTOWN\masks_stitched\E5_T2_C2_Corr_25sep22_mask.png
mask,E5_T2_C3_Corr_25sep22_mask,E5_T2_C3_Corr_25sep22_mask.png,C:\Users\20231807\Documents\GitHub\Cap_coral_reefs\New_version_of_the_project\website\benthic_datasets\mask_labels\reef_support\SEAFLOWER_COURTOWN\masks_stitched\E5_T2_C3_Corr_25sep22_mask.png
mask,E5_T2_C6_Corr_25sep22_mask,E5_T2_C6_Corr_25sep22_mask.png,C:\Users\20231807\Documents\GitHub\Cap_coral_reefs\New_version_of_the_project\website\benthic_datasets\mask_labels\reef_support\SEAFLOWER_COURTOWN\masks_stitched\E5_T2_C6_Corr_25sep22_mask.png
mask,E5_T2_C7_Corr_25sep22_mask,E5_T2_C7_Corr_25sep22_mask.png,C:\Users\20231807\Documents\GitHub\Cap_coral_reefs\New_version_of_the_project\website\benthic_datasets\mask_labels\reef_support\SEAFLOWER_COURTOWN\masks_stitched\E5_T2_C7_Corr_25sep22_mask.png
mask,E6_T2_C10_Corr_27sep22_mask,E6_T2_C10_Corr_27sep22_mask.png,C:\Users\20231807\Documents\GitHub\Cap_coral_reefs\New_version_of_the_project\website\benthic_datasets\mask_labels\reef_support\SEAFLOWER_COURTOWN\masks_stitched\E6_T2_C10_Corr_27sep22_mask.png
mask,E6_T2_C11_Corr_27sep22_mask,E6_T2_C11_Corr_27sep22_mask.png,C:\Users\20231807\Documents\GitHub\Cap_coral_reefs\New_version_of_the_project\website\benthic_datasets\mask_labels\reef_support\SEAFLOWER_COURTOWN\masks_stitched\E6_T2_C11_Corr_27sep22_mask.png
mask,E6_T2_C2_Corr_27sep22_mask,E6_T2_C2_Corr_27sep22_mask.png,C:\Users\20231807\Documents\GitHub\Cap_coral_reefs\New_version_of_the_project\website\benthic_datasets\mask_labels\reef_support\SEAFLOWER_COURTOWN\masks_stitched\E6_T2_C2_Corr_27sep22_mask.png
mask,E6_T2_C3_Corr_27sep22_mask,E6_T2_C3_Corr_27sep22_mask.png,C:\Users\20231807\Documents\GitHub\Cap_coral_reefs\New_version_of_the_project\website\benthic_datasets\mask_labels\reef_support\SEAFLOWER_COURTOWN\masks_stitched\E6_T2_C3_Corr_27sep22_mask.png
mask,E6_T2_C4_Corr_27sep22_mask,E6_T2_C4_Corr_27sep22_mask.png,C:\Users\20231807\Documents\GitHub\Cap_coral_reefs\New_version_of_the_project\website\benthic_datasets\mask_labels\reef_support\SEAFLOWER_COURTOWN\masks_stitched\E6_T2_C4_Corr_27sep22_mask.png
mask,E6_T2_C7_Corr_27sep22_mask,E6_T2_C7_Corr_27sep22_mask.png,C:\Users\20231807\Documents\GitHub\Cap_coral_reefs\New_version_of_the_project\website\benthic_datasets\mask_labels\reef_support\SEAFLOWER_COURTOWN\masks_stitched\E6_T2_C7_Corr_27sep22_mask.png
mask,E6_T2_C8_Corr_27sep22_mask,E6_T2_C8_Corr_27sep22_mask.png,C:\Users\20231807\Documents\GitHub\Cap_coral_reefs\New_version_of_the_project\website\benthic_datasets\mask_labels\reef_support\SEAFLOWER_COURTOWN\masks_stitched\E6_T2_C8_Corr_27sep22_mask.png
mask,E7_T2_C11_Corr_29sep22_mask,E7_T2_C11_Corr_29sep22_mask.png,C:\Users\20231807\Documents\GitHub\Cap_coral_reefs\New_version_of_the_project\website\benthic_datasets\mask_labels\reef_support\SEAFLOWER_COURTOWN\masks_stitched\E7_T2_C11_Corr_29sep22_mask.png
mask,E7_T2_C12_Corr_29sep22_mask,E7_T2_C12_Corr_29sep22_mask.png,C:\Users\20231807\Documents\GitHub\Cap_coral_reefs\New_version_of_the_project\website\benthic_datasets\mask_labels\reef_support\SEAFLOWER_COURTOWN\masks_stitched\E7_T2_C12_Corr_29sep22_mask.png
mask,E7_T2_C3_Corr_29sep22_mask,E7_T2_C3_Corr_29sep22_mask.png,C:\Users\20231807\Documents\GitHub\Cap_coral_reefs\New_version_of_the_project\website\benthic_datasets\mask_labels\reef_support\SEAFLOWER_COURTOWN\masks_stitched\E7_T2_C3_Corr_29sep22_mask.png
mask,E7_T2_C4_Corr_29sep22_mask,E7_T2_C4_Corr_29sep22_mask.png,C:\Users\20231807\Documents\GitHub\Cap_coral_reefs\New_version_of_the_project\website\benthic_datasets\mask_labels\reef_support\SEAFLOWER_COURTOWN\masks_stitched\E7_T2_C4_Corr_29sep22_mask.png
mask,E7_T2_C5_Corr_29sep22_mask,E7_T2_C5_Corr_29sep22_mask.png,C:\Users\20231807\Documents\GitHub\Cap_coral_reefs\New_version_of_the_project\website\benthic_datasets\mask_labels\reef_support\SEAFLOWER_COURTOWN\masks_stitched\E7_T2_C5_Corr_29sep22_mask.png
mask,E7_T2_C8_Corr_29sep22_mask,E7_T2_C8_Corr_29sep22_mask.png,C:\Users\20231807\Documents\GitHub\Cap_coral_reefs\New_version_of_the_project\website\benthic_datasets\mask_labels\reef_support\SEAFLOWER_COURTOWN\masks_stitched\E7_T2_C8_Corr_29sep22_mask.png
mask,E7_T2_C9_Corr_29sep22_mask,E7_T2_C9_Corr_29sep22_mask.png,C:\Users\20231807\Documents\GitHub\Cap_coral_reefs\New_version_of_the_project\website\benthic_datasets\mask_labels\reef_support\SEAFLOWER_COURTOWN\masks_stitched\E7_T2_C9_Corr_29sep22_mask.png
mask,E8_T3_C12_Corr_23sep22_mask,E8_T3_C12_Corr_23sep22_mask.png,C:\Users\20231807\Documents\GitHub\Cap_coral_reefs\New_version_of_the_project\website\benthic_datasets\mask_labels\reef_support\SEAFLOWER_COURTOWN\masks_stitched\E8_T3_C12_Corr_23sep22_mask.png
mask,E8_T3_C1_Corr_23sep22_mask,E8_T3_C1_Corr_23sep22_mask.png,C:\Users\20231807\Documents\GitHub\Cap_coral_reefs\New_version_of_the_project\website\benthic_datasets\mask_labels\reef_support\SEAFLOWER_COURTOWN\masks_stitched\E8_T3_C1_Corr_23sep22_mask.png
mask,E8_T3_C4_Corr_23sep22_mask,E8_T3_C4_Corr_23sep22_mask.png,C:\Users\20231807\Documents\GitHub\Cap_coral_reefs\New_version_of_the_project\website\benthic_datasets\mask_labels\reef_support\SEAFLOWER_COURTOWN\masks_stitched\E8_T3_C4_Corr_23sep22_mask.png
mask,E8_T3_C5_Corr_23sep22_mask,E8_T3_C5_Corr_23sep22_mask.png,C:\Users\20231807\Documents\GitHub\Cap_coral_reefs\New_version_of_the_project\website\benthic_datasets\mask_labels\reef_support\SEAFLOWER_COURTOWN\masks_stitched\E8_T3_C5_Corr_23sep22_mask.png
mask,E8_T3_C6_Corr_23sep22_mask,E8_T3_C6_Corr_23sep22_mask.png,C:\Users\20231807\Documents\GitHub\Cap_coral_reefs\New_version_of_the_project\website\benthic_datasets\mask_labels\reef_support\SEAFLOWER_COURTOWN\masks_stitched\E8_T3_C6_Corr_23sep22_mask.png
mask,E8_T3_C9_Corr_23sep22_mask,E8_T3_C9_Corr_23sep22_mask.png,C:\Users\20231807\Documents\GitHub\Cap_coral_reefs\New_version_of_the_project\website\benthic_datasets\mask_labels\reef_support\SEAFLOWER_COURTOWN\masks_stitched\E8_T3_C9_Corr_23sep22_mask.png
mask,E9_T1_C11_Corr_26sep22__mask,E9_T1_C11_Corr_26sep22__mask.png,C:\Users\20231807\Documents\GitHub\Cap_coral_reefs\New_version_of_the_project\website\benthic_datasets\mask_labels\reef_support\SEAFLOWER_COURTOWN\masks_stitched\E9_T1_C11_Corr_26sep22__mask.png
mask,E9_T1_C1_Corr_26sep22__mask,E9_T1_C1_Corr_26sep22__mask.png,C:\Users\20231807\Documents\GitHub\Cap_coral_reefs\New_version_of_the_project\website\benthic_datasets\mask_labels\reef_support\SEAFLOWER_COURTOWN\masks_stitched\E9_T1_C1_Corr_26sep22__mask.png
mask,E9_T1_C2_Corr_26sep22__mask,E9_T1_C2_Corr_26sep22__mask.png,C:\Users\20231807\Documents\GitHub\Cap_coral_reefs\New_version_of_the_project\website\benthic_datasets\mask_labels\reef_support\SEAFLOWER_COURTOWN\masks_stitched\E9_T1_C2_Corr_26sep22__mask.png
mask,E9_T1_C3_Corr_26sep22__mask,E9_T1_C3_Corr_26sep22__mask.png,C:\Users\20231807\Documents\GitHub\Cap_coral_reefs\New_version_of_the_project\website\benthic_datasets\mask_labels\reef_support\SEAFLOWER_COURTOWN\masks_stitched\E9_T1_C3_Corr_26sep22__mask.png
mask,E9_T1_C7_Corr_26sep22__mask,E9_T1_C7_Corr_26sep22__mask.png,C:\Users\20231807\Documents\GitHub\Cap_coral_reefs\New_version_of_the_project\website\benthic_datasets\mask_labels\reef_support\SEAFLOWER_COURTOWN\masks_stitched\E9_T1_C7_Corr_26sep22__mask.png
mask,E9_T1_C8_Corr_26sep22__mask,E9_T1_C8_Corr_26sep22__mask.png,C:\Users\20231807\Documents\GitHub\Cap_coral_reefs\New_version_of_the_project\website\benthic_datasets\mask_labels\reef_support\SEAFLOWER_COURTOWN\masks_stitched\E9_T1_C8_Corr_26sep22__mask.png
mask,E9_T1_C9_Corr_26sep22__mask,E9_T1_C9_Corr_26sep22__mask.png,C:\Users\20231807\Documents\GitHub\Cap_coral_reefs\New_version_of_the_project\website\benthic_datasets\mask_labels\reef_support\SEAFLOWER_COURTOWN\masks_stitched\E9_T1_C9_Corr_26sep22__mask.png
image,E0_T1_C10_Corr_30sep22,E0_T1_C10_Corr_30sep22.jpg,C:\Users\20231807\Documents\GitHub\Cap_coral_reefs\New_version_of_the_project\website\benthic_datasets\mask_labels\reef_support\SEAFLOWER_COURTOWN\images\E0_T1_C10_Corr_30sep22.jpg
image,E0_T1_C11_Corr_30sep22,E0_T1_C11_Corr_30sep22.jpg,C:\Users\20231807\Documents\GitHub\Cap_coral_reefs\New_version_of_the_project\website\benthic_datasets\mask_labels\reef_support\SEAFLOWER_COURTOWN\images\E0_T1_C11_Corr_30sep22.jpg
image,E0_T1_C3_Corr_30sep22,E0_T1_C3_Corr_30sep22.jpg,C:\Users\20231807\Documents\GitHub\Cap_coral_reefs\New_version_of_the_project\website\benthic_datasets\mask_labels\reef_support\SEAFLOWER_COURTOWN\images\E0_T1_C3_Corr_30sep22.jpg
image,E0_T1_C4_Corr_30sep22,E0_T1_C4_Corr_30sep22.jpg,C:\Users\20231807\Documents\GitHub\Cap_coral_reefs\New_version_of_the_project\website\benthic_datasets\mask_labels\reef_support\SEAFLOWER_COURTOWN\images\E0_T1_C4_Corr_30sep22.jpg
image,E0_T1_C5_Corr_30sep22,E0_T1_C5_Corr_30sep22.jpg,C:\Users\20231807\Documents\GitHub\Cap_coral_reefs\New_version_of_the_project\website\benthic_datasets\mask_labels\reef_support\SEAFLOWER_COURTOWN\images\E0_T1_C5_Corr_30sep22.jpg
image,E0_T1_C8_Corr_30sep22,E0_T1_C8_Corr_30sep22.jpg,C:\Users\20231807\Documents\GitHub\Cap_coral_reefs\New_version_of_the_project\website\benthic_datasets\mask_labels\reef_support\SEAFLOWER_COURTOWN\images\E0_T1_C8_Corr_30sep22.jpg
image,E0_T1_C9_Corr_30sep22,E0_T1_C9_Corr_30sep22.jpg,C:\Users\20231807\Documents\GitHub\Cap_coral_reefs\New_version_of_the_project\website\benthic_datasets\mask_labels\reef_support\SEAFLOWER_COURTOWN\images\E0_T1_C9_Corr_30sep22.jpg
image,E10_T2_C10_Corr_28sep22,E10_T2_C10_Corr_28sep22.jpg,C:\Users\20231807\Documents\GitHub\Cap_coral_reefs\New_version_of_the_project\website\benthic_datasets\mask_labels\reef_support\SEAFLOWER_COURTOWN\images\E10_T2_C10_Corr_28sep22.jpg
image,E10_T2_C11_Corr_28sep22,E10_T2_C11_Corr_28sep22.jpg,C:\Users\20231807\Documents\GitHub\Cap_coral_reefs\New_version_of_the_project\website\benthic_datasets\mask_labels\reef_support\SEAFLOWER_COURTOWN\images\E10_T2_C11_Corr_28sep22.jpg
image,E10_T2_C1_Corr_28sep22,E10_T2_C1_Corr_28sep22.jpg,C:\Users\20231807\Documents\GitHub\Cap_coral_reefs\New_version_of_the_project\website\benthic_datasets\mask_labels\reef_support\SEAFLOWER_COURTOWN\images\E10_T2_C1_Corr_28sep22.jpg
image,E10_T2_C5_Corr_28sep22,E10_T2_C5_Corr_28sep22.jpg,C:\Users\20231807\Documents\GitHub\Cap_coral_reefs\New_version_of_the_project\website\benthic_datasets\mask_labels\reef_support\SEAFLOWER_COURTOWN\images\E10_T2_C5_Corr_28sep22.jpg
image,E10_T2_C6_Corr_28sep22,E10_T2_C6_Corr_28sep22.jpg,C:\Users\20231807\Documents\GitHub\Cap_coral_reefs\New_version_of_the_project\website\benthic_datasets\mask_labels\reef_support\SEAFLOWER_COURTOWN\images\E10_T2_C6_Corr_28sep22.jpg
image,E10_T2_C7_Corr_28sep22,E10_T2_C7_Corr_28sep22.jpg,C:\Users\20231807\Documents\GitHub\Cap_coral_reefs\New_version_of_the_project\website\benthic_datasets\mask_labels\reef_support\SEAFLOWER_COURTOWN\images\E10_T2_C7_Corr_28sep22.jpg
image,E11_T2_C10_Corr_26sep22,E11_T2_C10_Corr_26sep22.jpg,C:\Users\20231807\Documents\GitHub\Cap_coral_reefs\New_version_of_the_project\website\benthic_datasets\mask_labels\reef_support\SEAFLOWER_COURTOWN\images\E11_T2_C10_Corr_26sep22.jpg
image,E11_T2_C11_Corr_26sep22,E11_T2_C11_Corr_26sep22.jpg,C:\Users\20231807\Documents\GitHub\Cap_coral_reefs\New_version_of_the_project\website\benthic_datasets\mask_labels\reef_support\SEAFLOWER_COURTOWN\images\E11_T2_C11_Corr_26sep22.jpg
image,E11_T2_C3_Corr_26sep22,E11_T2_C3_Corr_26sep22.jpg,C:\Users\20231807\Documents\GitHub\Cap_coral_reefs\New_version_of_the_project\website\benthic_datasets\mask_labels\reef_support\SEAFLOWER_COURTOWN\images\E11_T2_C3_Corr_26sep22.jpg
image,E11_T2_C4_Corr_26sep22,E11_T2_C4_Corr_26sep22.jpg,C:\Users\20231807\Documents\GitHub\Cap_coral_reefs\New_version_of_the_project\website\benthic_datasets\mask_labels\reef_support\SEAFLOWER_COURTOWN\images\E11_T2_C4_Corr_26sep22.jpg
image,E11_T2_C6_Corr_26sep22,E11_T2_C6_Corr_26sep22.jpg,C:\Users\20231807\Documents\GitHub\Cap_coral_reefs\New_version_of_the_project\website\benthic_datasets\mask_labels\reef_support\SEAFLOWER_COURTOWN\images\E11_T2_C6_Corr_26sep22.jpg
image,E11_T2_C8_Corr_26sep22,E11_T2_C8_Corr_26sep22.jpg,C:\Users\20231807\Documents\GitHub\Cap_coral_reefs\New_version_of_the_project\website\benthic_datasets\mask_labels\reef_support\SEAFLOWER_COURTOWN\images\E11_T2_C8_Corr_26sep22.jpg
image,E11_T2_C9_Corr_26sep22,E11_T2_C9_Corr_26sep22.jpg,C:\Users\20231807\Documents\GitHub\Cap_coral_reefs\New_version_of_the_project\website\benthic_datasets\mask_labels\reef_support\SEAFLOWER_COURTOWN\images\E11_T2_C9_Corr_26sep22.jpg
image,E12_T2_C10_Corr_22sep22,E12_T2_C10_Corr_22sep22.JPG,C:\Users\20231807\Documents\GitHub\Cap_coral_reefs\New_version_of_the_project\website\benthic_datasets\mask_labels\reef_support\SEAFLOWER_COURTOWN\images\E12_T2_C10_Corr_22sep22.JPG
image,E12_T2_C13_Corr_22sep22,E12_T2_C13_Corr_22sep22.JPG,C:\Users\20231807\Documents\GitHub\Cap_coral_reefs\New_version_of_the_project\website\benthic_datasets\mask_labels\reef_support\SEAFLOWER_COURTOWN\images\E12_T2_C13_Corr_22sep22.JPG
image,E12_T2_C14_Corr_22sep22,E12_T2_C14_Corr_22sep22.JPG,C:\Users\20231807\Documents\GitHub\Cap_coral_reefs\New_version_of_the_project\website\benthic_datasets\mask_labels\reef_support\SEAFLOWER_COURTOWN\images\E12_T2_C14_Corr_22sep22.JPG
image,E12_T2_C15_Corr_22sep22,E12_T2_C15_Corr_22sep22.JPG,C:\Users\20231807\Documents\GitHub\Cap_coral_reefs\New_version_of_the_project\website\benthic_datasets\mask_labels\reef_support\SEAFLOWER_COURTOWN\images\E12_T2_C15_Corr_22sep22.JPG
image,E12_T2_C4_Corr_22sep22,E12_T2_C4_Corr_22sep22.JPG,C:\Users\20231807\Documents\GitHub\Cap_coral_reefs\New_version_of_the_project\website\benthic_datasets\mask_labels\reef_support\SEAFLOWER_COURTOWN\images\E12_T2_C4_Corr_22sep22.JPG
image,E12_T2_C5_Corr_22sep22,E12_T2_C5_Corr_22sep22.JPG,C:\Users\20231807\Documents\GitHub\Cap_coral_reefs\New_version_of_the_project\website\benthic_datasets\mask_labels\reef_support\SEAFLOWER_COURTOWN\images\E12_T2_C5_Corr_22sep22.JPG
image,E12_T2_C9_Corr_22sep22,E12_T2_C9_Corr_22sep22.JPG,C:\Users\20231807\Documents\GitHub\Cap_coral_reefs\New_version_of_the_project\website\benthic_datasets\mask_labels\reef_support\SEAFLOWER_COURTOWN\images\E12_T2_C9_Corr_22sep22.JPG
image,E13_T3_C13_Corr_24sep22,E13_T3_C13_Corr_24sep22.JPG,C:\Users\20231807\Documents\GitHub\Cap_coral_reefs\New_version_of_the_project\website\benthic_datasets\mask_labels\reef_support\SEAFLOWER_COURTOWN\images\E13_T3_C13_Corr_24sep22.JPG
image,E13_T3_C14_Corr_24sep22,E13_T3_C14_Corr_24sep22.JPG,C:\Users\20231807\Documents\GitHub\Cap_coral_reefs\New_version_of_the_project\website\benthic_datasets\mask_labels\reef_support\SEAFLOWER_COURTOWN\images\E13_T3_C14_Corr_24sep22.JPG
image,E13_T3_C1_Corr_24sep22,E13_T3_C1_Corr_24sep22.JPG,C:\Users\20231807\Documents\GitHub\Cap_coral_reefs\New_version_of_the_project\website\benthic_datasets\mask_labels\reef_support\SEAFLOWER_COURTOWN\images\E13_T3_C1_Corr_24sep22.JPG
image,E13_T3_C2_Corr_24sep22,E13_T3_C2_Corr_24sep22.JPG,C:\Users\20231807\Documents\GitHub\Cap_coral_reefs\New_version_of_the_project\website\benthic_datasets\mask_labels\reef_support\SEAFLOWER_COURTOWN\images\E13_T3_C2_Corr_24sep22.JPG
image,E13_T3_C5_Corr_24sep22,E13_T3_C5_Corr_24sep22.JPG,C:\Users\20231807\Documents\GitHub\Cap_coral_reefs\New_version_of_the_project\website\benthic_datasets\mask_labels\reef_support\SEAFLOWER_COURTOWN\images\E13_T3_C5_Corr_24sep22.JPG
image,E13_T3_C6_Corr_24sep22,E13_T3_C6_Corr_24sep22.JPG,C:\Users\20231807\Documents\GitHub\Cap_coral_reefs\New_version_of_the_project\website\benthic_datasets\mask_labels\reef_support\SEAFLOWER_COURTOWN\images\E13_T3_C6_Corr_24sep22.JPG
image,E13_T3_C7_Corr_24sep22,E13_T3_C7_Corr_24sep22.JPG,C:\Users\20231807\Documents\GitHub\Cap_coral_reefs\New_version_of_the_project\website\benthic_datasets\mask_labels\reef_support\SEAFLOWER_COURTOWN\images\E13_T3_C7_Corr_24sep22.JPG
image,E14_T2_C2_Corr_22sep22,E14_T2_C2_Corr_22sep22.JPG,C:\Users\20231807\Documents\GitHub\Cap_coral_reefs\New_version_of_the_project\website\benthic_datasets\mask_labels\reef_support\SEAFLOWER_COURTOWN\images\E14_T2_C2_Corr_22sep22.JPG
image,E14_T2_C3_Corr_22sep22,E14_T2_C3_Corr_22sep22.JPG,C:\Users\20231807\Documents\GitHub\Cap_coral_reefs\New_version_of_the_project\website\benthic_datasets\mask_labels\reef_support\SEAFLOWER_COURTOWN\images\E14_T2_C3_Corr_22sep22.JPG
image,E14_T2_C4_Corr_22sep22,E14_T2_C4_Corr_22sep22.JPG,C:\Users\20231807\Documents\GitHub\Cap_coral_reefs\New_version_of_the_project\website\benthic_datasets\mask_labels\reef_support\SEAFLOWER_COURTOWN\images\E14_T2_C4_Corr_22sep22.JPG
image,E14_T2_C8_Corr_22sep22,E14_T2_C8_Corr_22sep22.JPG,C:\Users\20231807\Documents\GitHub\Cap_coral_reefs\New_version_of_the_project\website\benthic_datasets\mask_labels\reef_support\SEAFLOWER_COURTOWN\images\E14_T2_C8_Corr_22sep22.JPG
image,E14_T2_C9_Corr_22sep22,E14_T2_C9_Corr_22sep22.JPG,C:\Users\20231807\Documents\GitHub\Cap_coral_reefs\New_version_of_the_project\website\benthic_datasets\mask_labels\reef_support\SEAFLOWER_COURTOWN\images\E14_T2_C9_Corr_22sep22.JPG
image,E15_T3_C10_Corr_25sep22,E15_T3_C10_Corr_25sep22.jpg,C:\Users\20231807\Documents\GitHub\Cap_coral_reefs\New_version_of_the_project\website\benthic_datasets\mask_labels\reef_support\SEAFLOWER_COURTOWN\images\E15_T3_C10_Corr_25sep22.jpg
image,E15_T3_C11_Corr_25sep22,E15_T3_C11_Corr_25sep22.jpg,C:\Users\20231807\Documents\GitHub\Cap_coral_reefs\New_version_of_the_project\website\benthic_datasets\mask_labels\reef_support\SEAFLOWER_COURTOWN\images\E15_T3_C11_Corr_25sep22.jpg
image,E15_T3_C2_Corr_25sep22,E15_T3_C2_Corr_25sep22.jpg,C:\Users\20231807\Documents\GitHub\Cap_coral_reefs\New_version_of_the_project\website\benthic_datasets\mask_labels\reef_support\SEAFLOWER_COURTOWN\images\E15_T3_C2_Corr_25sep22.jpg
image,E15_T3_C3_Corr_25sep22,E15_T3_C3_Corr_25sep22.jpg,C:\Users\20231807\Documents\GitHub\Cap_coral_reefs\New_version_of_the_project\website\benthic_datasets\mask_labels\reef_support\SEAFLOWER_COURTOWN\images\E15_T3_C3_Corr_25sep22.jpg
image,E15_T3_C4_Corr_25sep22,E15_T3_C4_Corr_25sep22.jpg,C:\Users\20231807\Documents\GitHub\Cap_coral_reefs\New_version_of_the_project\website\benthic_datasets\mask_labels\reef_support\SEAFLOWER_COURTOWN\images\E15_T3_C4_Corr_25sep22.jpg
image,E15_T3_C7_Corr_25sep22,E15_T3_C7_Corr_25sep22.jpg,C:\Users\20231807\Documents\GitHub\Cap_coral_reefs\New_version_of_the_project\website\benthic_datasets\mask_labels\reef_support\SEAFLOWER_COURTOWN\images\E15_T3_C7_Corr_25sep22.jpg
image,E15_T3_C8_Corr_25sep22,E15_T3_C8_Corr_25sep22.jpg,C:\Users\20231807\Documents\GitHub\Cap_coral_reefs\New_version_of_the_project\website\benthic_datasets\mask_labels\reef_support\SEAFLOWER_COURTOWN\images\E15_T3_C8_Corr_25sep22.jpg
image,E15_T3_C9_Corr_25sep22,E15_T3_C9_Corr_25sep22.jpg,C:\Users\20231807\Documents\GitHub\Cap_coral_reefs\New_version_of_the_project\website\benthic_datasets\mask_labels\reef_support\SEAFLOWER_COURTOWN\images\E15_T3_C9_Corr_25sep22.jpg
image,E16_T3_C13_Corr_24sep22,E16_T3_C13_Corr_24sep22.jpg,C:\Users\20231807\Documents\GitHub\Cap_coral_reefs\New_version_of_the_project\website\benthic_datasets\mask_labels\reef_support\SEAFLOWER_COURTOWN\images\E16_T3_C13_Corr_24sep22.jpg
image,E16_T3_C3_Corr_24sep22,E16_T3_C3_Corr_24sep22.jpg,C:\Users\20231807\Documents\GitHub\Cap_coral_reefs\New_version_of_the_project\website\benthic_datasets\mask_labels\reef_support\SEAFLOWER_COURTOWN\images\E16_T3_C3_Corr_24sep22.jpg
image,E16_T3_C4_Corr_24sep22,E16_T3_C4_Corr_24sep22.jpg,C:\Users\20231807\Documents\GitHub\Cap_coral_reefs\New_version_of_the_project\website\benthic_datasets\mask_labels\reef_support\SEAFLOWER_COURTOWN\images\E16_T3_C4_Corr_24sep22.jpg
image,E16_T3_C5_Corr_24sep22,E16_T3_C5_Corr_24sep22.jpg,C:\Users\20231807\Documents\GitHub\Cap_coral_reefs\New_version_of_the_project\website\benthic_datasets\mask_labels\reef_support\SEAFLOWER_COURTOWN\images\E16_T3_C5_Corr_24sep22.jpg
image,E16_T3_C8_Corr_24sep22,E16_T3_C8_Corr_24sep22.jpg,C:\Users\20231807\Documents\GitHub\Cap_coral_reefs\New_version_of_the_project\website\benthic_datasets\mask_labels\reef_support\SEAFLOWER_COURTOWN\images\E16_T3_C8_Corr_24sep22.jpg
image,E16_T3_C9_Corr_24sep22,E16_T3_C9_Corr_24sep22.jpg,C:\Users\20231807\Documents\GitHub\Cap_coral_reefs\New_version_of_the_project\website\benthic_datasets\mask_labels\reef_support\SEAFLOWER_COURTOWN\images\E16_T3_C9_Corr_24sep22.jpg
image,E17_T3_C10_Corr_24sep22,E17_T3_C10_Corr_24sep22.JPG,C:\Users\20231807\Documents\GitHub\Cap_coral_reefs\New_version_of_the_project\website\benthic_datasets\mask_labels\reef_support\SEAFLOWER_COURTOWN\images\E17_T3_C10_Corr_24sep22.JPG
image,E17_T3_C11_Corr_24sep22,E17_T3_C11_Corr_24sep22.JPG,C:\Users\20231807\Documents\GitHub\Cap_coral_reefs\New_version_of_the_project\website\benthic_datasets\mask_labels\reef_support\SEAFLOWER_COURTOWN\images\E17_T3_C11_Corr_24sep22.JPG
image,E17_T3_C2_Corr_24sep22,E17_T3_C2_Corr_24sep22.JPG,C:\Users\20231807\Documents\GitHub\Cap_coral_reefs\New_version_of_the_project\website\benthic_datasets\mask_labels\reef_support\SEAFLOWER_COURTOWN\images\E17_T3_C2_Corr_24sep22.JPG
image,E17_T3_C3_Corr_24sep22,E17_T3_C3_Corr_24sep22.JPG,C:\Users\20231807\Documents\GitHub\Cap_coral_reefs\New_version_of_the_project\website\benthic_datasets\mask_labels\reef_support\SEAFLOWER_COURTOWN\images\E17_T3_C3_Corr_24sep22.JPG
image,E17_T3_C4_Corr_24sep22,E17_T3_C4_Corr_24sep22.JPG,C:\Users\20231807\Documents\GitHub\Cap_coral_reefs\New_version_of_the_project\website\benthic_datasets\mask_labels\reef_support\SEAFLOWER_COURTOWN\images\E17_T3_C4_Corr_24sep22.JPG
image,E17_T3_C7_Corr_24sep22,E17_T3_C7_Corr_24sep22.JPG,C:\Users\20231807\Documents\GitHub\Cap_coral_reefs\New_version_of_the_project\website\benthic_datasets\mask_labels\reef_support\SEAFLOWER_COURTOWN\images\E17_T3_C7_Corr_24sep22.JPG
image,E17_T3_C8_Corr_24sep22,E17_T3_C8_Corr_24sep22.JPG,C:\Users\20231807\Documents\GitHub\Cap_coral_reefs\New_version_of_the_project\website\benthic_datasets\mask_labels\reef_support\SEAFLOWER_COURTOWN\images\E17_T3_C8_Corr_24sep22.JPG
image,E17_T3_C9_Corr_24sep22,E17_T3_C9_Corr_24sep22.JPG,C:\Users\20231807\Documents\GitHub\Cap_coral_reefs\New_version_of_the_project\website\benthic_datasets\mask_labels\reef_support\SEAFLOWER_COURTOWN\images\E17_T3_C9_Corr_24sep22.JPG
image,E19_T2_C10_Corr_22sep22,E19_T2_C10_Corr_22sep22.JPG,C:\Users\20231807\Documents\GitHub\Cap_coral_reefs\New_version_of_the_project\website\benthic_datasets\mask_labels\reef_support\SEAFLOWER_COURTOWN\images\E19_T2_C10_Corr_22sep22.JPG
image,E19_T2_C11_Corr_22sep22,E19_T2_C11_Corr_22sep22.JPG,C:\Users\20231807\Documents\GitHub\Cap_coral_reefs\New_version_of_the_project\website\benthic_datasets\mask_labels\reef_support\SEAFLOWER_COURTOWN\images\E19_T2_C11_Corr_22sep22.JPG
image,E19_T2_C12_Corr_22sep22,E19_T2_C12_Corr_22sep22.JPG,C:\Users\20231807\Documents\GitHub\Cap_coral_reefs\New_version_of_the_project\website\benthic_datasets\mask_labels\reef_support\SEAFLOWER_COURTOWN\images\E19_T2_C12_Corr_22sep22.JPG
image,E19_T2_C15_Corr_22sep22,E19_T2_C15_Corr_22sep22.JPG,C:\Users\20231807\Documents\GitHub\Cap_coral_reefs\New_version_of_the_project\website\benthic_datasets\mask_labels\reef_support\SEAFLOWER_COURTOWN\images\E19_T2_C15_Corr_22sep22.JPG
image,E19_T2_C16_Corr_22sep22,E19_T2_C16_Corr_22sep22.JPG,C:\Users\20231807\Documents\GitHub\Cap_coral_reefs\New_version_of_the_project\website\benthic_datasets\mask_labels\reef_support\SEAFLOWER_COURTOWN\images\E19_T2_C16_Corr_22sep22.JPG
image,E19_T2_C4_Corr_22sep22,E19_T2_C4_Corr_22sep22.JPG,C:\Users\20231807\Documents\GitHub\Cap_coral_reefs\New_version_of_the_project\website\benthic_datasets\mask_labels\reef_support\SEAFLOWER_COURTOWN\images\E19_T2_C4_Corr_22sep22.JPG
image,E19_T2_C5_Corr_22sep22,E19_T2_C5_Corr_22sep22.JPG,C:\Users\20231807\Documents\GitHub\Cap_coral_reefs\New_version_of_the_project\website\benthic_datasets\mask_labels\reef_support\SEAFLOWER_COURTOWN\images\E19_T2_C5_Corr_22sep22.JPG
image,E19_T2_C9_Corr_22sep22,E19_T2_C9_Corr_22sep22.JPG,C:\Users\20231807\Documents\GitHub\Cap_coral_reefs\New_version_of_the_project\website\benthic_datasets\mask_labels\reef_support\SEAFLOWER_COURTOWN\images\E19_T2_C9_Corr_22sep22.JPG
image,E21_T2_C10_Corr_25sep22,E21_T2_C10_Corr_25sep22.jpg,C:\Users\20231807\Documents\GitHub\Cap_coral_reefs\New_version_of_the_project\website\benthic_datasets\mask_labels\reef_support\SEAFLOWER_COURTOWN\images\E21_T2_C10_Corr_25sep22.jpg
image,E21_T2_C1_Corr_25sep22,E21_T2_C1_Corr_25sep22.jpg,C:\Users\20231807\Documents\GitHub\Cap_coral_reefs\New_version_of_the_project\website\benthic_datasets\mask_labels\reef_support\SEAFLOWER_COURTOWN\images\E21_T2_C1_Corr_25sep22.jpg
image,E21_T2_C2_Corr_25sep22,E21_T2_C2_Corr_25sep22.jpg,C:\Users\20231807\Documents\GitHub\Cap_coral_reefs\New_version_of_the_project\website\benthic_datasets\mask_labels\reef_support\SEAFLOWER_COURTOWN\images\E21_T2_C2_Corr_25sep22.jpg
image,E21_T2_C3_Corr_25sep22,E21_T2_C3_Corr_25sep22.jpg,C:\Users\20231807\Documents\GitHub\Cap_coral_reefs\New_version_of_the_project\website\benthic_datasets\mask_labels\reef_support\SEAFLOWER_COURTOWN\images\E21_T2_C3_Corr_25sep22.jpg
image,E21_T2_C6_Corr_25sep22,E21_T2_C6_Corr_25sep22.jpg,C:\Users\20231807\Documents\GitHub\Cap_coral_reefs\New_version_of_the_project\website\benthic_datasets\mask_labels\reef_support\SEAFLOWER_COURTOWN\images\E21_T2_C6_Corr_25sep22.jpg
image,E21_T2_C7_Corr_25sep22,E21_T2_C7_Corr_25sep22.jpg,C:\Users\20231807\Documents\GitHub\Cap_coral_reefs\New_version_of_the_project\website\benthic_datasets\mask_labels\reef_support\SEAFLOWER_COURTOWN\images\E21_T2_C7_Corr_25sep22.jpg
image,E21_T2_C8_Corr_25sep22,E21_T2_C8_Corr_25sep22.jpg,C:\Users\20231807\Documents\GitHub\Cap_coral_reefs\New_version_of_the_project\website\benthic_datasets\mask_labels\reef_support\SEAFLOWER_COURTOWN\images\E21_T2_C8_Corr_25sep22.jpg
image,E2_T2_C12_Corr_23sep22,E2_T2_C12_Corr_23sep22.jpg,C:\Users\20231807\Documents\GitHub\Cap_coral_reefs\New_version_of_the_project\website\benthic_datasets\mask_labels\reef_support\SEAFLOWER_COURTOWN\images\E2_T2_C12_Corr_23sep22.jpg
image,E2_T2_C1_Corr_23sep22,E2_T2_C1_Corr_23sep22.jpg,C:\Users\20231807\Documents\GitHub\Cap_coral_reefs\New_version_of_the_project\website\benthic_datasets\mask_labels\reef_support\SEAFLOWER_COURTOWN\images\E2_T2_C1_Corr_23sep22.jpg
image,E2_T2_C2_Corr_23sep22,E2_T2_C2_Corr_23sep22.jpg,C:\Users\20231807\Documents\GitHub\Cap_coral_reefs\New_version_of_the_project\website\benthic_datasets\mask_labels\reef_support\SEAFLOWER_COURTOWN\images\E2_T2_C2_Corr_23sep22.jpg
image,E2_T2_C3_Corr_23sep22,E2_T2_C3_Corr_23sep22.jpg,C:\Users\20231807\Documents\GitHub\Cap_coral_reefs\New_version_of_the_project\website\benthic_datasets\mask_labels\reef_support\SEAFLOWER_COURTOWN\images\E2_T2_C3_Corr_23sep22.jpg
image,E2_T2_C6_Corr_23sep22,E2_T2_C6_Corr_23sep22.jpg,C:\Users\20231807\Documents\GitHub\Cap_coral_reefs\New_version_of_the_project\website\benthic_datasets\mask_labels\reef_support\SEAFLOWER_COURTOWN\images\E2_T2_C6_Corr_23sep22.jpg
image,E2_T2_C7_Corr_23sep22,E2_T2_C7_Corr_23sep22.jpg,C:\Users\20231807\Documents\GitHub\Cap_coral_reefs\New_version_of_the_project\website\benthic_datasets\mask_labels\reef_support\SEAFLOWER_COURTOWN\images\E2_T2_C7_Corr_23sep22.jpg
image,E2_T2_C8_Corr_23sep22,E2_T2_C8_Corr_23sep22.jpg,C:\Users\20231807\Documents\GitHub\Cap_coral_reefs\New_version_of_the_project\website\benthic_datasets\mask_labels\reef_support\SEAFLOWER_COURTOWN\images\E2_T2_C8_Corr_23sep22.jpg
image,E3_T1_C11_Corr_27sep22,E3_T1_C11_Corr_27sep22.jpg,C:\Users\20231807\Documents\GitHub\Cap_coral_reefs\New_version_of_the_project\website\benthic_datasets\mask_labels\reef_support\SEAFLOWER_COURTOWN\images\E3_T1_C11_Corr_27sep22.jpg
image,E3_T1_C12_Corr_27sep22,E3_T1_C12_Corr_27sep22.jpg,C:\Users\20231807\Documents\GitHub\Cap_coral_reefs\New_version_of_the_project\website\benthic_datasets\mask_labels\reef_support\SEAFLOWER_COURTOWN\images\E3_T1_C12_Corr_27sep22.jpg
image,E3_T1_C13_Corr_27sep22,E3_T1_C13_Corr_27sep22.jpg,C:\Users\20231807\Documents\GitHub\Cap_coral_reefs\New_version_of_the_project\website\benthic_datasets\mask_labels\reef_support\SEAFLOWER_COURTOWN\images\E3_T1_C13_Corr_27sep22.jpg
image,E3_T1_C3_Corr_27sep22,E3_T1_C3_Corr_27sep22.jpg,C:\Users\20231807\Documents\GitHub\Cap_coral_reefs\New_version_of_the_project\website\benthic_datasets\mask_labels\reef_support\SEAFLOWER_COURTOWN\images\E3_T1_C3_Corr_27sep22.jpg
image,E3_T1_C4_Corr_27sep22,E3_T1_C4_Corr_27sep22.jpg,C:\Users\20231807\Documents\GitHub\Cap_coral_reefs\New_version_of_the_project\website\benthic_datasets\mask_labels\reef_support\SEAFLOWER_COURTOWN\images\E3_T1_C4_Corr_27sep22.jpg
image,E3_T1_C8_Corr_27sep22,E3_T1_C8_Corr_27sep22.jpg,C:\Users\20231807\Documents\GitHub\Cap_coral_reefs\New_version_of_the_project\website\benthic_datasets\mask_labels\reef_support\SEAFLOWER_COURTOWN\images\E3_T1_C8_Corr_27sep22.jpg
image,E3_T1_C9_Corr_27sep22,E3_T1_C9_Corr_27sep22.jpg,C:\Users\20231807\Documents\GitHub\Cap_coral_reefs\New_version_of_the_project\website\benthic_datasets\mask_labels\reef_support\SEAFLOWER_COURTOWN\images\E3_T1_C9_Corr_27sep22.jpg
image,E4_T1_C11_Corr_28sep22,E4_T1_C11_Corr_28sep22.jpg,C:\Users\20231807\Documents\GitHub\Cap_coral_reefs\New_version_of_the_project\website\benthic_datasets\mask_labels\reef_support\SEAFLOWER_COURTOWN\images\E4_T1_C11_Corr_28sep22.jpg
image,E4_T1_C1_Corr_28sep22,E4_T1_C1_Corr_28sep22.jpg,C:\Users\20231807\Documents\GitHub\Cap_coral_reefs\New_version_of_the_project\website\benthic_datasets\mask_labels\reef_support\SEAFLOWER_COURTOWN\images\E4_T1_C1_Corr_28sep22.jpg
image,E4_T1_C2_Corr_28sep22,E4_T1_C2_Corr_28sep22.jpg,C:\Users\20231807\Documents\GitHub\Cap_coral_reefs\New_version_of_the_project\website\benthic_datasets\mask_labels\reef_support\SEAFLOWER_COURTOWN\images\E4_T1_C2_Corr_28sep22.jpg
image,E4_T1_C6_Corr_28sep22,E4_T1_C6_Corr_28sep22.jpg,C:\Users\20231807\Documents\GitHub\Cap_coral_reefs\New_version_of_the_project\website\benthic_datasets\mask_labels\reef_support\SEAFLOWER_COURTOWN\images\E4_T1_C6_Corr_28sep22.jpg
image,E4_T1_C7_Corr_28sep22,E4_T1_C7_Corr_28sep22.jpg,C:\Users\20231807\Documents\GitHub\Cap_coral_reefs\New_version_of_the_project\website\benthic_datasets\mask_labels\reef_support\SEAFLOWER_COURTOWN\images\E4_T1_C7_Corr_28sep22.jpg
image,E5_T2_C10_Corr_25sep22,E5_T2_C10_Corr_25sep22.jpg,C:\Users\20231807\Documents\GitHub\Cap_coral_reefs\New_version_of_the_project\website\benthic_datasets\mask_labels\reef_support\SEAFLOWER_COURTOWN\images\E5_T2_C10_Corr_25sep22.jpg
image,E5_T2_C14_Corr_25sep22,E5_T2_C14_Corr_25sep22.jpg,C:\Users\20231807\Documents\GitHub\Cap_coral_reefs\New_version_of_the_project\website\benthic_datasets\mask_labels\reef_support\SEAFLOWER_COURTOWN\images\E5_T2_C14_Corr_25sep22.jpg
image,E5_T2_C1_Corr_25sep22,E5_T2_C1_Corr_25sep22.jpg,C:\Users\20231807\Documents\GitHub\Cap_coral_reefs\New_version_of_the_project\website\benthic_datasets\mask_labels\reef_support\SEAFLOWER_COURTOWN\images\E5_T2_C1_Corr_25sep22.jpg
image,E5_T2_C2_Corr_25sep22,E5_T2_C2_Corr_25sep22.jpg,C:\Users\20231807\Documents\GitHub\Cap_coral_reefs\New_version_of_the_project\website\benthic_datasets\mask_labels\reef_support\SEAFLOWER_COURTOWN\images\E5_T2_C2_Corr_25sep22.jpg
image,E5_T2_C6_Corr_25sep22,E5_T2_C6_Corr_25sep22.jpg,C:\Users\20231807\Documents\GitHub\Cap_coral_reefs\New_version_of_the_project\website\benthic_datasets\mask_labels\reef_support\SEAFLOWER_COURTOWN\images\E5_T2_C6_Corr_25sep22.jpg
image,E5_T2_C7_Corr_25sep22,E5_T2_C7_Corr_25sep22.jpg,C:\Users\20231807\Documents\GitHub\Cap_coral_reefs\New_version_of_the_project\website\benthic_datasets\mask_labels\reef_support\SEAFLOWER_COURTOWN\images\E5_T2_C7_Corr_25sep22.jpg
image,E6_T2_C1_Corr_27sep22,E6_T2_C1_Corr_27sep22.jpg,C:\Users\20231807\Documents\GitHub\Cap_coral_reefs\New_version_of_the_project\website\benthic_datasets\mask_labels\reef_support\SEAFLOWER_COURTOWN\images\E6_T2_C1_Corr_27sep22.jpg
image,E6_T2_C2_Corr_27sep22,E6_T2_C2_Corr_27sep22.jpg,C:\Users\20231807\Documents\GitHub\Cap_coral_reefs\New_version_of_the_project\website\benthic_datasets\mask_labels\reef_support\SEAFLOWER_COURTOWN\images\E6_T2_C2_Corr_27sep22.jpg
image,E6_T2_C3_Corr_27sep22,E6_T2_C3_Corr_27sep22.jpg,C:\Users\20231807\Documents\GitHub\Cap_coral_reefs\New_version_of_the_project\website\benthic_datasets\mask_labels\reef_support\SEAFLOWER_COURTOWN\images\E6_T2_C3_Corr_27sep22.jpg
image,E6_T2_C6_Corr_27sep22,E6_T2_C6_Corr_27sep22.jpg,C:\Users\20231807\Documents\GitHub\Cap_coral_reefs\New_version_of_the_project\website\benthic_datasets\mask_labels\reef_support\SEAFLOWER_COURTOWN\images\E6_T2_C6_Corr_27sep22.jpg
image,E6_T2_C7_Corr_27sep22,E6_T2_C7_Corr_27sep22.jpg,C:\Users\20231807\Documents\GitHub\Cap_coral_reefs\New_version_of_the_project\website\benthic_datasets\mask_labels\reef_support\SEAFLOWER_COURTOWN\images\E6_T2_C7_Corr_27sep22.jpg
image,E6_T2_C8_Corr_27sep22,E6_T2_C8_Corr_27sep22.jpg,C:\Users\20231807\Documents\GitHub\Cap_coral_reefs\New_version_of_the_project\website\benthic_datasets\mask_labels\reef_support\SEAFLOWER_COURTOWN\images\E6_T2_C8_Corr_27sep22.jpg
image,E7_T2_C10_Corr_29sep22,E7_T2_C10_Corr_29sep22.jpg,C:\Users\20231807\Documents\GitHub\Cap_coral_reefs\New_version_of_the_project\website\benthic_datasets\mask_labels\reef_support\SEAFLOWER_COURTOWN\images\E7_T2_C10_Corr_29sep22.jpg
image,E7_T2_C11_Corr_29sep22,E7_T2_C11_Corr_29sep22.jpg,C:\Users\20231807\Documents\GitHub\Cap_coral_reefs\New_version_of_the_project\website\benthic_datasets\mask_labels\reef_support\SEAFLOWER_COURTOWN\images\E7_T2_C11_Corr_29sep22.jpg
image,E7_T2_C12_Corr_29sep22,E7_T2_C12_Corr_29sep22.jpg,C:\Users\20231807\Documents\GitHub\Cap_coral_reefs\New_version_of_the_project\website\benthic_datasets\mask_labels\reef_support\SEAFLOWER_COURTOWN\images\E7_T2_C12_Corr_29sep22.jpg
image,E7_T2_C2_Corr_29sep22,E7_T2_C2_Corr_29sep22.jpg,C:\Users\20231807\Documents\GitHub\Cap_coral_reefs\New_version_of_the_project\website\benthic_datasets\mask_labels\reef_support\SEAFLOWER_COURTOWN\images\E7_T2_C2_Corr_29sep22.jpg
image,E7_T2_C3_Corr_29sep22,E7_T2_C3_Corr_29sep22.jpg,C:\Users\20231807\Documents\GitHub\Cap_coral_reefs\New_version_of_the_project\website\benthic_datasets\mask_labels\reef_support\SEAFLOWER_COURTOWN\images\E7_T2_C3_Corr_29sep22.jpg
image,E7_T2_C4_Corr_29sep22,E7_T2_C4_Corr_29sep22.jpg,C:\Users\20231807\Documents\GitHub\Cap_coral_reefs\New_version_of_the_project\website\benthic_datasets\mask_labels\reef_support\SEAFLOWER_COURTOWN\images\E7_T2_C4_Corr_29sep22.jpg
image,E7_T2_C7_Corr_29sep22,E7_T2_C7_Corr_29sep22.jpg,C:\Users\20231807\Documents\GitHub\Cap_coral_reefs\New_version_of_the_project\website\benthic_datasets\mask_labels\reef_support\SEAFLOWER_COURTOWN\images\E7_T2_C7_Corr_29sep22.jpg
image,E7_T2_C8_Corr_29sep22,E7_T2_C8_Corr_29sep22.jpg,C:\Users\20231807\Documents\GitHub\Cap_coral_reefs\New_version_of_the_project\website\benthic_datasets\mask_labels\reef_support\SEAFLOWER_COURTOWN\images\E7_T2_C8_Corr_29sep22.jpg
image,E7_T2_C9_Corr_29sep22,E7_T2_C9_Corr_29sep22.jpg,C:\Users\20231807\Documents\GitHub\Cap_coral_reefs\New_version_of_the_project\website\benthic_datasets\mask_labels\reef_support\SEAFLOWER_COURTOWN\images\E7_T2_C9_Corr_29sep22.jpg
image,E8_T3_C10_Corr_23sep22,E8_T3_C10_Corr_23sep22.JPG,C:\Users\20231807\Documents\GitHub\Cap_coral_reefs\New_version_of_the_project\website\benthic_datasets\mask_labels\reef_support\SEAFLOWER_COURTOWN\images\E8_T3_C10_Corr_23sep22.JPG
image,E8_T3_C2_Corr_23sep22,E8_T3_C2_Corr_23sep22.JPG,C:\Users\20231807\Documents\GitHub\Cap_coral_reefs\New_version_of_the_project\website\benthic_datasets\mask_labels\reef_support\SEAFLOWER_COURTOWN\images\E8_T3_C2_Corr_23sep22.JPG
image,E8_T3_C3_Corr_23sep22,E8_T3_C3_Corr_23sep22.JPG,C:\Users\20231807\Documents\GitHub\Cap_coral_reefs\New_version_of_the_project\website\benthic_datasets\mask_labels\reef_support\SEAFLOWER_COURTOWN\images\E8_T3_C3_Corr_23sep22.JPG
image,E8_T3_C4_Corr_23sep22,E8_T3_C4_Corr_23sep22.JPG,C:\Users\20231807\Documents\GitHub\Cap_coral_reefs\New_version_of_the_project\website\benthic_datasets\mask_labels\reef_support\SEAFLOWER_COURTOWN\images\E8_T3_C4_Corr_23sep22.JPG
image,E8_T3_C8_Corr_23sep22,E8_T3_C8_Corr_23sep22.JPG,C:\Users\20231807\Documents\GitHub\Cap_coral_reefs\New_version_of_the_project\website\benthic_datasets\mask_labels\reef_support\SEAFLOWER_COURTOWN\images\E8_T3_C8_Corr_23sep22.JPG
image,E8_T3_C9_Corr_23sep22,E8_T3_C9_Corr_23sep22.JPG,C:\Users\20231807\Documents\GitHub\Cap_coral_reefs\New_version_of_the_project\website\benthic_datasets\mask_labels\reef_support\SEAFLOWER_COURTOWN\images\E8_T3_C9_Corr_23sep22.JPG
image,E9_T1_C11_Corr_26sep22_,E9_T1_C11_Corr_26sep22_.jpg,C:\Users\20231807\Documents\GitHub\Cap_coral_reefs\New_version_of_the_project\website\benthic_datasets\mask_labels\reef_support\SEAFLOWER_COURTOWN\images\E9_T1_C11_Corr_26sep22_.jpg
image,E9_T1_C4_Corr_26sep22_,E9_T1_C4_Corr_26sep22_.jpg,C:\Users\20231807\Documents\GitHub\Cap_coral_reefs\New_version_of_the_project\website\benthic_datasets\mask_labels\reef_support\SEAFLOWER_COURTOWN\images\E9_T1_C4_Corr_26sep22_.jpg
image,E9_T1_C5_Corr_26sep22_,E9_T1_C5_Corr_26sep22_.jpg,C:\Users\20231807\Documents\GitHub\Cap_coral_reefs\New_version_of_the_project\website\benthic_datasets\mask_labels\reef_support\SEAFLOWER_COURTOWN\images\E9_T1_C5_Corr_26sep22_.jpg
image,E9_T1_C6_Corr_26sep22_,E9_T1_C6_Corr_26sep22_.jpg,C:\Users\20231807\Documents\GitHub\Cap_coral_reefs\New_version_of_the_project\website\benthic_datasets\mask_labels\reef_support\SEAFLOWER_COURTOWN\images\E9_T1_C6_Corr_26sep22_.jpg
image,E9_T1_C7_Corr_26sep22_,E9_T1_C7_Corr_26sep22_.jpg,C:\Users\20231807\Documents\GitHub\Cap_coral_reefs\New_version_of_the_project\website\benthic_datasets\mask_labels\reef_support\SEAFLOWER_COURTOWN\images\E9_T1_C7_Corr_26sep22_.jpg
image,E9_T1_C8_Corr_26sep22_,E9_T1_C8_Corr_26sep22_.jpg,C:\Users\20231807\Documents\GitHub\Cap_coral_reefs\New_version_of_the_project\website\benthic_datasets\mask_labels\reef_support\SEAFLOWER_COURTOWN\images\E9_T1_C8_Corr_26sep22_.jpg
image,E9_T1_C9_Corr_26sep22_,E9_T1_C9_Corr_26sep22_.jpg,C:\Users\20231807\Documents\GitHub\Cap_coral_reefs\New_version_of_the_project\website\benthic_datasets\mask_labels\reef_support\SEAFLOWER_COURTOWN\images\E9_T1_C9_Corr_26sep22_.jpg
mask,17001652802_mask,17001652802_mask.png,C:\Users\20231807\Documents\GitHub\Cap_coral_reefs\New_version_of_the_project\website\benthic_datasets\mask_labels\reef_support\SEAVIEW_ATL\masks_stitched\17001652802_mask.png
mask,17001738102_mask,17001738102_mask.png,C:\Users\20231807\Documents\GitHub\Cap_coral_reefs\New_version_of_the_project\website\benthic_datasets\mask_labels\reef_support\SEAVIEW_ATL\masks_stitched\17001738102_mask.png
mask,17001738302_mask,17001738302_mask.png,C:\Users\20231807\Documents\GitHub\Cap_coral_reefs\New_version_of_the_project\website\benthic_datasets\mask_labels\reef_support\SEAVIEW_ATL\masks_stitched\17001738302_mask.png
mask,17001738502_mask,17001738502_mask.png,C:\Users\20231807\Documents\GitHub\Cap_coral_reefs\New_version_of_the_project\website\benthic_datasets\mask_labels\reef_support\SEAVIEW_ATL\masks_stitched\17001738502_mask.png
mask,17001738602_mask,17001738602_mask.png,C:\Users\20231807\Documents\GitHub\Cap_coral_reefs\New_version_of_the_project\website\benthic_datasets\mask_labels\reef_support\SEAVIEW_ATL\masks_stitched\17001738602_mask.png
mask,17001739502_mask,17001739502_mask.png,C:\Users\20231807\Documents\GitHub\Cap_coral_reefs\New_version_of_the_project\website\benthic_datasets\mask_labels\reef_support\SEAVIEW_ATL\masks_stitched\17001739502_mask.png
mask,17001739702_mask,17001739702_mask.png,C:\Users\20231807\Documents\GitHub\Cap_coral_reefs\New_version_of_the_project\website\benthic_datasets\mask_labels\reef_support\SEAVIEW_ATL\masks_stitched\17001739702_mask.png
mask,17001740902_mask,17001740902_mask.png,C:\Users\20231807\Documents\GitHub\Cap_coral_reefs\New_version_of_the_project\website\benthic_datasets\mask_labels\reef_support\SEAVIEW_ATL\masks_stitched\17001740902_mask.png
mask,17001745802_mask,17001745802_mask.png,C:\Users\20231807\Documents\GitHub\Cap_coral_reefs\New_version_of_the_project\website\benthic_datasets\mask_labels\reef_support\SEAVIEW_ATL\masks_stitched\17001745802_mask.png
mask,17004348102_mask,17004348102_mask.png,C:\Users\20231807\Documents\GitHub\Cap_coral_reefs\New_version_of_the_project\website\benthic_datasets\mask_labels\reef_support\SEAVIEW_ATL\masks_stitched\17004348102_mask.png
mask,17004348902_mask,17004348902_mask.png,C:\Users\20231807\Documents\GitHub\Cap_coral_reefs\New_version_of_the_project\website\benthic_datasets\mask_labels\reef_support\SEAVIEW_ATL\masks_stitched\17004348902_mask.png
mask,17004349502_mask,17004349502_mask.png,C:\Users\20231807\Documents\GitHub\Cap_coral_reefs\New_version_of_the_project\website\benthic_datasets\mask_labels\reef_support\SEAVIEW_ATL\masks_stitched\17004349502_mask.png
mask,17004349702_mask,17004349702_mask.png,C:\Users\20231807\Documents\GitHub\Cap_coral_reefs\New_version_of_the_project\website\benthic_datasets\mask_labels\reef_support\SEAVIEW_ATL\masks_stitched\17004349702_mask.png
mask,17004349902_mask,17004349902_mask.png,C:\Users\20231807\Documents\GitHub\Cap_coral_reefs\New_version_of_the_project\website\benthic_datasets\mask_labels\reef_support\SEAVIEW_ATL\masks_stitched\17004349902_mask.png
mask,17004350002_mask,17004350002_mask.png,C:\Users\20231807\Documents\GitHub\Cap_coral_reefs\New_version_of_the_project\website\benthic_datasets\mask_labels\reef_support\SEAVIEW_ATL\masks_stitched\17004350002_mask.png
mask,17004350202_mask,17004350202_mask.png,C:\Users\20231807\Documents\GitHub\Cap_coral_reefs\New_version_of_the_project\website\benthic_datasets\mask_labels\reef_support\SEAVIEW_ATL\masks_stitched\17004350202_mask.png
mask,17004350402_mask,17004350402_mask.png,C:\Users\20231807\Documents\GitHub\Cap_coral_reefs\New_version_of_the_project\website\benthic_datasets\mask_labels\reef_support\SEAVIEW_ATL\masks_stitched\17004350402_mask.png
mask,17004350602_mask,17004350602_mask.png,C:\Users\20231807\Documents\GitHub\Cap_coral_reefs\New_version_of_the_project\website\benthic_datasets\mask_labels\reef_support\SEAVIEW_ATL\masks_stitched\17004350602_mask.png
mask,17004350802_mask,17004350802_mask.png,C:\Users\20231807\Documents\GitHub\Cap_coral_reefs\New_version_of_the_project\website\benthic_datasets\mask_labels\reef_support\SEAVIEW_ATL\masks_stitched\17004350802_mask.png
mask,17004351002_mask,17004351002_mask.png,C:\Users\20231807\Documents\GitHub\Cap_coral_reefs\New_version_of_the_project\website\benthic_datasets\mask_labels\reef_support\SEAVIEW_ATL\masks_stitched\17004351002_mask.png
mask,17005029401_mask,17005029401_mask.png,C:\Users\20231807\Documents\GitHub\Cap_coral_reefs\New_version_of_the_project\website\benthic_datasets\mask_labels\reef_support\SEAVIEW_ATL\masks_stitched\17005029401_mask.png
mask,17005057001_mask,17005057001_mask.png,C:\Users\20231807\Documents\GitHub\Cap_coral_reefs\New_version_of_the_project\website\benthic_datasets\mask_labels\reef_support\SEAVIEW_ATL\masks_stitched\17005057001_mask.png
mask,17005057201_mask,17005057201_mask.png,C:\Users\20231807\Documents\GitHub\Cap_coral_reefs\New_version_of_the_project\website\benthic_datasets\mask_labels\reef_support\SEAVIEW_ATL\masks_stitched\17005057201_mask.png
mask,17005057401_mask,17005057401_mask.png,C:\Users\20231807\Documents\GitHub\Cap_coral_reefs\New_version_of_the_project\website\benthic_datasets\mask_labels\reef_support\SEAVIEW_ATL\masks_stitched\17005057401_mask.png
mask,17005057601_mask,17005057601_mask.png,C:\Users\20231807\Documents\GitHub\Cap_coral_reefs\New_version_of_the_project\website\benthic_datasets\mask_labels\reef_support\SEAVIEW_ATL\masks_stitched\17005057601_mask.png
mask,17005057801_mask,17005057801_mask.png,C:\Users\20231807\Documents\GitHub\Cap_coral_reefs\New_version_of_the_project\website\benthic_datasets\mask_labels\reef_support\SEAVIEW_ATL\masks_stitched\17005057801_mask.png
mask,17005058201_mask,17005058201_mask.png,C:\Users\20231807\Documents\GitHub\Cap_coral_reefs\New_version_of_the_project\website\benthic_datasets\mask_labels\reef_support\SEAVIEW_ATL\masks_stitched\17005058201_mask.png
mask,17005058401_mask,17005058401_mask.png,C:\Users\20231807\Documents\GitHub\Cap_coral_reefs\New_version_of_the_project\website\benthic_datasets\mask_labels\reef_support\SEAVIEW_ATL\masks_stitched\17005058401_mask.png
mask,17005058801_mask,17005058801_mask.png,C:\Users\20231807\Documents\GitHub\Cap_coral_reefs\New_version_of_the_project\website\benthic_datasets\mask_labels\reef_support\SEAVIEW_ATL\masks_stitched\17005058801_mask.png
mask,17005059001_mask,17005059001_mask.png,C:\Users\20231807\Documents\GitHub\Cap_coral_reefs\New_version_of_the_project\website\benthic_datasets\mask_labels\reef_support\SEAVIEW_ATL\masks_stitched\17005059001_mask.png
mask,17005059201_mask,17005059201_mask.png,C:\Users\20231807\Documents\GitHub\Cap_coral_reefs\New_version_of_the_project\website\benthic_datasets\mask_labels\reef_support\SEAVIEW_ATL\masks_stitched\17005059201_mask.png
mask,17005059401_mask,17005059401_mask.png,C:\Users\20231807\Documents\GitHub\Cap_coral_reefs\New_version_of_the_project\website\benthic_datasets\mask_labels\reef_support\SEAVIEW_ATL\masks_stitched\17005059401_mask.png
mask,17005059601_mask,17005059601_mask.png,C:\Users\20231807\Documents\GitHub\Cap_coral_reefs\New_version_of_the_project\website\benthic_datasets\mask_labels\reef_support\SEAVIEW_ATL\masks_stitched\17005059601_mask.png
mask,17006011002_mask,17006011002_mask.png,C:\Users\20231807\Documents\GitHub\Cap_coral_reefs\New_version_of_the_project\website\benthic_datasets\mask_labels\reef_support\SEAVIEW_ATL\masks_stitched\17006011002_mask.png
mask,17006011202_mask,17006011202_mask.png,C:\Users\20231807\Documents\GitHub\Cap_coral_reefs\New_version_of_the_project\website\benthic_datasets\mask_labels\reef_support\SEAVIEW_ATL\masks_stitched\17006011202_mask.png
mask,17006011402_mask,17006011402_mask.png,C:\Users\20231807\Documents\GitHub\Cap_coral_reefs\New_version_of_the_project\website\benthic_datasets\mask_labels\reef_support\SEAVIEW_ATL\masks_stitched\17006011402_mask.png
mask,17006011602_mask,17006011602_mask.png,C:\Users\20231807\Documents\GitHub\Cap_coral_reefs\New_version_of_the_project\website\benthic_datasets\mask_labels\reef_support\SEAVIEW_ATL\masks_stitched\17006011602_mask.png
mask,17006011802_mask,17006011802_mask.png,C:\Users\20231807\Documents\GitHub\Cap_coral_reefs\New_version_of_the_project\website\benthic_datasets\mask_labels\reef_support\SEAVIEW_ATL\masks_stitched\17006011802_mask.png
mask,17006011902_mask,17006011902_mask.png,C:\Users\20231807\Documents\GitHub\Cap_coral_reefs\New_version_of_the_project\website\benthic_datasets\mask_labels\reef_support\SEAVIEW_ATL\masks_stitched\17006011902_mask.png
mask,17006012002_mask,17006012002_mask.png,C:\Users\20231807\Documents\GitHub\Cap_coral_reefs\New_version_of_the_project\website\benthic_datasets\mask_labels\reef_support\SEAVIEW_ATL\masks_stitched\17006012002_mask.png
mask,17006012202_mask,17006012202_mask.png,C:\Users\20231807\Documents\GitHub\Cap_coral_reefs\New_version_of_the_project\website\benthic_datasets\mask_labels\reef_support\SEAVIEW_ATL\masks_stitched\17006012202_mask.png
mask,17006012402_mask,17006012402_mask.png,C:\Users\20231807\Documents\GitHub\Cap_coral_reefs\New_version_of_the_project\website\benthic_datasets\mask_labels\reef_support\SEAVIEW_ATL\masks_stitched\17006012402_mask.png
mask,17006012602_mask,17006012602_mask.png,C:\Users\20231807\Documents\GitHub\Cap_coral_reefs\New_version_of_the_project\website\benthic_datasets\mask_labels\reef_support\SEAVIEW_ATL\masks_stitched\17006012602_mask.png
mask,17006012802_mask,17006012802_mask.png,C:\Users\20231807\Documents\GitHub\Cap_coral_reefs\New_version_of_the_project\website\benthic_datasets\mask_labels\reef_support\SEAVIEW_ATL\masks_stitched\17006012802_mask.png
mask,17006013402_mask,17006013402_mask.png,C:\Users\20231807\Documents\GitHub\Cap_coral_reefs\New_version_of_the_project\website\benthic_datasets\mask_labels\reef_support\SEAVIEW_ATL\masks_stitched\17006013402_mask.png
mask,17006013802_mask,17006013802_mask.png,C:\Users\20231807\Documents\GitHub\Cap_coral_reefs\New_version_of_the_project\website\benthic_datasets\mask_labels\reef_support\SEAVIEW_ATL\masks_stitched\17006013802_mask.png
mask,17006014002_mask,17006014002_mask.png,C:\Users\20231807\Documents\GitHub\Cap_coral_reefs\New_version_of_the_project\website\benthic_datasets\mask_labels\reef_support\SEAVIEW_ATL\masks_stitched\17006014002_mask.png
mask,17017820102_mask,17017820102_mask.png,C:\Users\20231807\Documents\GitHub\Cap_coral_reefs\New_version_of_the_project\website\benthic_datasets\mask_labels\reef_support\SEAVIEW_ATL\masks_stitched\17017820102_mask.png
mask,17017820302_mask,17017820302_mask.png,C:\Users\20231807\Documents\GitHub\Cap_coral_reefs\New_version_of_the_project\website\benthic_datasets\mask_labels\reef_support\SEAVIEW_ATL\masks_stitched\17017820302_mask.png
mask,17017820502_mask,17017820502_mask.png,C:\Users\20231807\Documents\GitHub\Cap_coral_reefs\New_version_of_the_project\website\benthic_datasets\mask_labels\reef_support\SEAVIEW_ATL\masks_stitched\17017820502_mask.png
mask,17017821002_mask,17017821002_mask.png,C:\Users\20231807\Documents\GitHub\Cap_coral_reefs\New_version_of_the_project\website\benthic_datasets\mask_labels\reef_support\SEAVIEW_ATL\masks_stitched\17017821002_mask.png
mask,17017821902_mask,17017821902_mask.png,C:\Users\20231807\Documents\GitHub\Cap_coral_reefs\New_version_of_the_project\website\benthic_datasets\mask_labels\reef_support\SEAVIEW_ATL\masks_stitched\17017821902_mask.png
mask,17017822002_mask,17017822002_mask.png,C:\Users\20231807\Documents\GitHub\Cap_coral_reefs\New_version_of_the_project\website\benthic_datasets\mask_labels\reef_support\SEAVIEW_ATL\masks_stitched\17017822002_mask.png
mask,17017822202_mask,17017822202_mask.png,C:\Users\20231807\Documents\GitHub\Cap_coral_reefs\New_version_of_the_project\website\benthic_datasets\mask_labels\reef_support\SEAVIEW_ATL\masks_stitched\17017822202_mask.png
mask,17017822602_mask,17017822602_mask.png,C:\Users\20231807\Documents\GitHub\Cap_coral_reefs\New_version_of_the_project\website\benthic_datasets\mask_labels\reef_support\SEAVIEW_ATL\masks_stitched\17017822602_mask.png
mask,17019870602_mask,17019870602_mask.png,C:\Users\20231807\Documents\GitHub\Cap_coral_reefs\New_version_of_the_project\website\benthic_datasets\mask_labels\reef_support\SEAVIEW_ATL\masks_stitched\17019870602_mask.png
mask,17019871102_mask,17019871102_mask.png,C:\Users\20231807\Documents\GitHub\Cap_coral_reefs\New_version_of_the_project\website\benthic_datasets\mask_labels\reef_support\SEAVIEW_ATL\masks_stitched\17019871102_mask.png
mask,17019878402_mask,17019878402_mask.png,C:\Users\20231807\Documents\GitHub\Cap_coral_reefs\New_version_of_the_project\website\benthic_datasets\mask_labels\reef_support\SEAVIEW_ATL\masks_stitched\17019878402_mask.png
mask,17024717802_mask,17024717802_mask.png,C:\Users\20231807\Documents\GitHub\Cap_coral_reefs\New_version_of_the_project\website\benthic_datasets\mask_labels\reef_support\SEAVIEW_ATL\masks_stitched\17024717802_mask.png
mask,17034030302_mask,17034030302_mask.png,C:\Users\20231807\Documents\GitHub\Cap_coral_reefs\New_version_of_the_project\website\benthic_datasets\mask_labels\reef_support\SEAVIEW_ATL\masks_stitched\17034030302_mask.png
mask,17034030702_mask,17034030702_mask.png,C:\Users\20231807\Documents\GitHub\Cap_coral_reefs\New_version_of_the_project\website\benthic_datasets\mask_labels\reef_support\SEAVIEW_ATL\masks_stitched\17034030702_mask.png
mask,17034030902_mask,17034030902_mask.png,C:\Users\20231807\Documents\GitHub\Cap_coral_reefs\New_version_of_the_project\website\benthic_datasets\mask_labels\reef_support\SEAVIEW_ATL\masks_stitched\17034030902_mask.png
mask,17034031302_mask,17034031302_mask.png,C:\Users\20231807\Documents\GitHub\Cap_coral_reefs\New_version_of_the_project\website\benthic_datasets\mask_labels\reef_support\SEAVIEW_ATL\masks_stitched\17034031302_mask.png
mask,17034032502_mask,17034032502_mask.png,C:\Users\20231807\Documents\GitHub\Cap_coral_reefs\New_version_of_the_project\website\benthic_datasets\mask_labels\reef_support\SEAVIEW_ATL\masks_stitched\17034032502_mask.png
mask,17034032902_mask,17034032902_mask.png,C:\Users\20231807\Documents\GitHub\Cap_coral_reefs\New_version_of_the_project\website\benthic_datasets\mask_labels\reef_support\SEAVIEW_ATL\masks_stitched\17034032902_mask.png
mask,17037005202_mask,17037005202_mask.png,C:\Users\20231807\Documents\GitHub\Cap_coral_reefs\New_version_of_the_project\website\benthic_datasets\mask_labels\reef_support\SEAVIEW_ATL\masks_stitched\17037005202_mask.png
mask,17037005402_mask,17037005402_mask.png,C:\Users\20231807\Documents\GitHub\Cap_coral_reefs\New_version_of_the_project\website\benthic_datasets\mask_labels\reef_support\SEAVIEW_ATL\masks_stitched\17037005402_mask.png
mask,17037005602_mask,17037005602_mask.png,C:\Users\20231807\Documents\GitHub\Cap_coral_reefs\New_version_of_the_project\website\benthic_datasets\mask_labels\reef_support\SEAVIEW_ATL\masks_stitched\17037005602_mask.png
mask,17037005802_mask,17037005802_mask.png,C:\Users\20231807\Documents\GitHub\Cap_coral_reefs\New_version_of_the_project\website\benthic_datasets\mask_labels\reef_support\SEAVIEW_ATL\masks_stitched\17037005802_mask.png
mask,17037006102_mask,17037006102_mask.png,C:\Users\20231807\Documents\GitHub\Cap_coral_reefs\New_version_of_the_project\website\benthic_datasets\mask_labels\reef_support\SEAVIEW_ATL\masks_stitched\17037006102_mask.png
mask,17037006302_mask,17037006302_mask.png,C:\Users\20231807\Documents\GitHub\Cap_coral_reefs\New_version_of_the_project\website\benthic_datasets\mask_labels\reef_support\SEAVIEW_ATL\masks_stitched\17037006302_mask.png
mask,17037006502_mask,17037006502_mask.png,C:\Users\20231807\Documents\GitHub\Cap_coral_reefs\New_version_of_the_project\website\benthic_datasets\mask_labels\reef_support\SEAVIEW_ATL\masks_stitched\17037006502_mask.png
mask,17037006702_mask,17037006702_mask.png,C:\Users\20231807\Documents\GitHub\Cap_coral_reefs\New_version_of_the_project\website\benthic_datasets\mask_labels\reef_support\SEAVIEW_ATL\masks_stitched\17037006702_mask.png
mask,17037006802_mask,17037006802_mask.png,C:\Users\20231807\Documents\GitHub\Cap_coral_reefs\New_version_of_the_project\website\benthic_datasets\mask_labels\reef_support\SEAVIEW_ATL\masks_stitched\17037006802_mask.png
mask,17037007702_mask,17037007702_mask.png,C:\Users\20231807\Documents\GitHub\Cap_coral_reefs\New_version_of_the_project\website\benthic_datasets\mask_labels\reef_support\SEAVIEW_ATL\masks_stitched\17037007702_mask.png
mask,17039196602_mask,17039196602_mask.png,C:\Users\20231807\Documents\GitHub\Cap_coral_reefs\New_version_of_the_project\website\benthic_datasets\mask_labels\reef_support\SEAVIEW_ATL\masks_stitched\17039196602_mask.png
mask,17039237102_mask,17039237102_mask.png,C:\Users\20231807\Documents\GitHub\Cap_coral_reefs\New_version_of_the_project\website\benthic_datasets\mask_labels\reef_support\SEAVIEW_ATL\masks_stitched\17039237102_mask.png
mask,17039237702_mask,17039237702_mask.png,C:\Users\20231807\Documents\GitHub\Cap_coral_reefs\New_version_of_the_project\website\benthic_datasets\mask_labels\reef_support\SEAVIEW_ATL\masks_stitched\17039237702_mask.png
mask,17039237902_mask,17039237902_mask.png,C:\Users\20231807\Documents\GitHub\Cap_coral_reefs\New_version_of_the_project\website\benthic_datasets\mask_labels\reef_support\SEAVIEW_ATL\masks_stitched\17039237902_mask.png
mask,17039238102_mask,17039238102_mask.png,C:\Users\20231807\Documents\GitHub\Cap_coral_reefs\New_version_of_the_project\website\benthic_datasets\mask_labels\reef_support\SEAVIEW_ATL\masks_stitched\17039238102_mask.png
mask,20001049701_mask,20001049701_mask.png,C:\Users\20231807\Documents\GitHub\Cap_coral_reefs\New_version_of_the_project\website\benthic_datasets\mask_labels\reef_support\SEAVIEW_ATL\masks_stitched\20001049701_mask.png
mask,20010147901_mask,20010147901_mask.png,C:\Users\20231807\Documents\GitHub\Cap_coral_reefs\New_version_of_the_project\website\benthic_datasets\mask_labels\reef_support\SEAVIEW_ATL\masks_stitched\20010147901_mask.png
mask,20010148101_mask,20010148101_mask.png,C:\Users\20231807\Documents\GitHub\Cap_coral_reefs\New_version_of_the_project\website\benthic_datasets\mask_labels\reef_support\SEAVIEW_ATL\masks_stitched\20010148101_mask.png
mask,20010148501_mask,20010148501_mask.png,C:\Users\20231807\Documents\GitHub\Cap_coral_reefs\New_version_of_the_project\website\benthic_datasets\mask_labels\reef_support\SEAVIEW_ATL\masks_stitched\20010148501_mask.png
mask,20010148701_mask,20010148701_mask.png,C:\Users\20231807\Documents\GitHub\Cap_coral_reefs\New_version_of_the_project\website\benthic_datasets\mask_labels\reef_support\SEAVIEW_ATL\masks_stitched\20010148701_mask.png
mask,20010149101_mask,20010149101_mask.png,C:\Users\20231807\Documents\GitHub\Cap_coral_reefs\New_version_of_the_project\website\benthic_datasets\mask_labels\reef_support\SEAVIEW_ATL\masks_stitched\20010149101_mask.png
mask,20010149301_mask,20010149301_mask.png,C:\Users\20231807\Documents\GitHub\Cap_coral_reefs\New_version_of_the_project\website\benthic_datasets\mask_labels\reef_support\SEAVIEW_ATL\masks_stitched\20010149301_mask.png
mask,20010149501_mask,20010149501_mask.png,C:\Users\20231807\Documents\GitHub\Cap_coral_reefs\New_version_of_the_project\website\benthic_datasets\mask_labels\reef_support\SEAVIEW_ATL\masks_stitched\20010149501_mask.png
mask,20010149701_mask,20010149701_mask.png,C:\Users\20231807\Documents\GitHub\Cap_coral_reefs\New_version_of_the_project\website\benthic_datasets\mask_labels\reef_support\SEAVIEW_ATL\masks_stitched\20010149701_mask.png
mask,20010149901_mask,20010149901_mask.png,C:\Users\20231807\Documents\GitHub\Cap_coral_reefs\New_version_of_the_project\website\benthic_datasets\mask_labels\reef_support\SEAVIEW_ATL\masks_stitched\20010149901_mask.png
mask,20010150001_mask,20010150001_mask.png,C:\Users\20231807\Documents\GitHub\Cap_coral_reefs\New_version_of_the_project\website\benthic_datasets\mask_labels\reef_support\SEAVIEW_ATL\masks_stitched\20010150001_mask.png
mask,20011030301_mask,20011030301_mask.png,C:\Users\20231807\Documents\GitHub\Cap_coral_reefs\New_version_of_the_project\website\benthic_datasets\mask_labels\reef_support\SEAVIEW_ATL\masks_stitched\20011030301_mask.png
mask,20011049802_mask,20011049802_mask.png,C:\Users\20231807\Documents\GitHub\Cap_coral_reefs\New_version_of_the_project\website\benthic_datasets\mask_labels\reef_support\SEAVIEW_ATL\masks_stitched\20011049802_mask.png
mask,20011059102_mask,20011059102_mask.png,C:\Users\20231807\Documents\GitHub\Cap_coral_reefs\New_version_of_the_project\website\benthic_datasets\mask_labels\reef_support\SEAVIEW_ATL\masks_stitched\20011059102_mask.png
mask,20011070901_mask,20011070901_mask.png,C:\Users\20231807\Documents\GitHub\Cap_coral_reefs\New_version_of_the_project\website\benthic_datasets\mask_labels\reef_support\SEAVIEW_ATL\masks_stitched\20011070901_mask.png
mask,20011071501_mask,20011071501_mask.png,C:\Users\20231807\Documents\GitHub\Cap_coral_reefs\New_version_of_the_project\website\benthic_datasets\mask_labels\reef_support\SEAVIEW_ATL\masks_stitched\20011071501_mask.png
mask,20011074502_mask,20011074502_mask.png,C:\Users\20231807\Documents\GitHub\Cap_coral_reefs\New_version_of_the_project\website\benthic_datasets\mask_labels\reef_support\SEAVIEW_ATL\masks_stitched\20011074502_mask.png
mask,20011077002_mask,20011077002_mask.png,C:\Users\20231807\Documents\GitHub\Cap_coral_reefs\New_version_of_the_project\website\benthic_datasets\mask_labels\reef_support\SEAVIEW_ATL\masks_stitched\20011077002_mask.png
mask,20011081102_mask,20011081102_mask.png,C:\Users\20231807\Documents\GitHub\Cap_coral_reefs\New_version_of_the_project\website\benthic_datasets\mask_labels\reef_support\SEAVIEW_ATL\masks_stitched\20011081102_mask.png
mask,20011096001_mask,20011096001_mask.png,C:\Users\20231807\Documents\GitHub\Cap_coral_reefs\New_version_of_the_project\website\benthic_datasets\mask_labels\reef_support\SEAVIEW_ATL\masks_stitched\20011096001_mask.png
mask,20014055701_mask,20014055701_mask.png,C:\Users\20231807\Documents\GitHub\Cap_coral_reefs\New_version_of_the_project\website\benthic_datasets\mask_labels\reef_support\SEAVIEW_ATL\masks_stitched\20014055701_mask.png
mask,20015151402_mask,20015151402_mask.png,C:\Users\20231807\Documents\GitHub\Cap_coral_reefs\New_version_of_the_project\website\benthic_datasets\mask_labels\reef_support\SEAVIEW_ATL\masks_stitched\20015151402_mask.png
mask,20015173002_mask,20015173002_mask.png,C:\Users\20231807\Documents\GitHub\Cap_coral_reefs\New_version_of_the_project\website\benthic_datasets\mask_labels\reef_support\SEAVIEW_ATL\masks_stitched\20015173002_mask.png
mask,20015175202_mask,20015175202_mask.png,C:\Users\20231807\Documents\GitHub\Cap_coral_reefs\New_version_of_the_project\website\benthic_datasets\mask_labels\reef_support\SEAVIEW_ATL\masks_stitched\20015175202_mask.png
mask,20015179502_mask,20015179502_mask.png,C:\Users\20231807\Documents\GitHub\Cap_coral_reefs\New_version_of_the_project\website\benthic_datasets\mask_labels\reef_support\SEAVIEW_ATL\masks_stitched\20015179502_mask.png
mask,20015183501_mask,20015183501_mask.png,C:\Users\20231807\Documents\GitHub\Cap_coral_reefs\New_version_of_the_project\website\benthic_datasets\mask_labels\reef_support\SEAVIEW_ATL\masks_stitched\20015183501_mask.png
mask,20015190301_mask,20015190301_mask.png,C:\Users\20231807\Documents\GitHub\Cap_coral_reefs\New_version_of_the_project\website\benthic_datasets\mask_labels\reef_support\SEAVIEW_ATL\masks_stitched\20015190301_mask.png
mask,20015204202_mask,20015204202_mask.png,C:\Users\20231807\Documents\GitHub\Cap_coral_reefs\New_version_of_the_project\website\benthic_datasets\mask_labels\reef_support\SEAVIEW_ATL\masks_stitched\20015204202_mask.png
mask,20016211701_mask,20016211701_mask.png,C:\Users\20231807\Documents\GitHub\Cap_coral_reefs\New_version_of_the_project\website\benthic_datasets\mask_labels\reef_support\SEAVIEW_ATL\masks_stitched\20016211701_mask.png
mask,20016216501_mask,20016216501_mask.png,C:\Users\20231807\Documents\GitHub\Cap_coral_reefs\New_version_of_the_project\website\benthic_datasets\mask_labels\reef_support\SEAVIEW_ATL\masks_stitched\20016216501_mask.png
mask,20016225102_mask,20016225102_mask.png,C:\Users\20231807\Documents\GitHub\Cap_coral_reefs\New_version_of_the_project\website\benthic_datasets\mask_labels\reef_support\SEAVIEW_ATL\masks_stitched\20016225102_mask.png
mask,20016233402_mask,20016233402_mask.png,C:\Users\20231807\Documents\GitHub\Cap_coral_reefs\New_version_of_the_project\website\benthic_datasets\mask_labels\reef_support\SEAVIEW_ATL\masks_stitched\20016233402_mask.png
mask,20016241002_mask,20016241002_mask.png,C:\Users\20231807\Documents\GitHub\Cap_coral_reefs\New_version_of_the_project\website\benthic_datasets\mask_labels\reef_support\SEAVIEW_ATL\masks_stitched\20016241002_mask.png
mask,20016241004_mask,20016241004_mask.png,C:\Users\20231807\Documents\GitHub\Cap_coral_reefs\New_version_of_the_project\website\benthic_datasets\mask_labels\reef_support\SEAVIEW_ATL\masks_stitched\20016241004_mask.png
mask,20016248305_mask,20016248305_mask.png,C:\Users\20231807\Documents\GitHub\Cap_coral_reefs\New_version_of_the_project\website\benthic_datasets\mask_labels\reef_support\SEAVIEW_ATL\masks_stitched\20016248305_mask.png
mask,20016295302_mask,20016295302_mask.png,C:\Users\20231807\Documents\GitHub\Cap_coral_reefs\New_version_of_the_project\website\benthic_datasets\mask_labels\reef_support\SEAVIEW_ATL\masks_stitched\20016295302_mask.png
mask,20018117801_mask,20018117801_mask.png,C:\Users\20231807\Documents\GitHub\Cap_coral_reefs\New_version_of_the_project\website\benthic_datasets\mask_labels\reef_support\SEAVIEW_ATL\masks_stitched\20018117801_mask.png
mask,20018119201_mask,20018119201_mask.png,C:\Users\20231807\Documents\GitHub\Cap_coral_reefs\New_version_of_the_project\website\benthic_datasets\mask_labels\reef_support\SEAVIEW_ATL\masks_stitched\20018119201_mask.png
mask,20018119401_mask,20018119401_mask.png,C:\Users\20231807\Documents\GitHub\Cap_coral_reefs\New_version_of_the_project\website\benthic_datasets\mask_labels\reef_support\SEAVIEW_ATL\masks_stitched\20018119401_mask.png
mask,20018119601_mask,20018119601_mask.png,C:\Users\20231807\Documents\GitHub\Cap_coral_reefs\New_version_of_the_project\website\benthic_datasets\mask_labels\reef_support\SEAVIEW_ATL\masks_stitched\20018119601_mask.png
mask,20018120101_mask,20018120101_mask.png,C:\Users\20231807\Documents\GitHub\Cap_coral_reefs\New_version_of_the_project\website\benthic_datasets\mask_labels\reef_support\SEAVIEW_ATL\masks_stitched\20018120101_mask.png
mask,20018120501_mask,20018120501_mask.png,C:\Users\20231807\Documents\GitHub\Cap_coral_reefs\New_version_of_the_project\website\benthic_datasets\mask_labels\reef_support\SEAVIEW_ATL\masks_stitched\20018120501_mask.png
mask,20020013201_mask,20020013201_mask.png,C:\Users\20231807\Documents\GitHub\Cap_coral_reefs\New_version_of_the_project\website\benthic_datasets\mask_labels\reef_support\SEAVIEW_ATL\masks_stitched\20020013201_mask.png
mask,20020025101_mask,20020025101_mask.png,C:\Users\20231807\Documents\GitHub\Cap_coral_reefs\New_version_of_the_project\website\benthic_datasets\mask_labels\reef_support\SEAVIEW_ATL\masks_stitched\20020025101_mask.png
mask,20020025701_mask,20020025701_mask.png,C:\Users\20231807\Documents\GitHub\Cap_coral_reefs\New_version_of_the_project\website\benthic_datasets\mask_labels\reef_support\SEAVIEW_ATL\masks_stitched\20020025701_mask.png
mask,20020027901_mask,20020027901_mask.png,C:\Users\20231807\Documents\GitHub\Cap_coral_reefs\New_version_of_the_project\website\benthic_datasets\mask_labels\reef_support\SEAVIEW_ATL\masks_stitched\20020027901_mask.png
mask,20020028201_mask,20020028201_mask.png,C:\Users\20231807\Documents\GitHub\Cap_coral_reefs\New_version_of_the_project\website\benthic_datasets\mask_labels\reef_support\SEAVIEW_ATL\masks_stitched\20020028201_mask.png
mask,20020028601_mask,20020028601_mask.png,C:\Users\20231807\Documents\GitHub\Cap_coral_reefs\New_version_of_the_project\website\benthic_datasets\mask_labels\reef_support\SEAVIEW_ATL\masks_stitched\20020028601_mask.png
mask,20020035001_mask,20020035001_mask.png,C:\Users\20231807\Documents\GitHub\Cap_coral_reefs\New_version_of_the_project\website\benthic_datasets\mask_labels\reef_support\SEAVIEW_ATL\masks_stitched\20020035001_mask.png
mask,20020041001_mask,20020041001_mask.png,C:\Users\20231807\Documents\GitHub\Cap_coral_reefs\New_version_of_the_project\website\benthic_datasets\mask_labels\reef_support\SEAVIEW_ATL\masks_stitched\20020041001_mask.png
mask,20020044401_mask,20020044401_mask.png,C:\Users\20231807\Documents\GitHub\Cap_coral_reefs\New_version_of_the_project\website\benthic_datasets\mask_labels\reef_support\SEAVIEW_ATL\masks_stitched\20020044401_mask.png
mask,20020051001_mask,20020051001_mask.png,C:\Users\20231807\Documents\GitHub\Cap_coral_reefs\New_version_of_the_project\website\benthic_datasets\mask_labels\reef_support\SEAVIEW_ATL\masks_stitched\20020051001_mask.png
mask,20021100301_mask,20021100301_mask.png,C:\Users\20231807\Documents\GitHub\Cap_coral_reefs\New_version_of_the_project\website\benthic_datasets\mask_labels\reef_support\SEAVIEW_ATL\masks_stitched\20021100301_mask.png
mask,20021100501_mask,20021100501_mask.png,C:\Users\20231807\Documents\GitHub\Cap_coral_reefs\New_version_of_the_project\website\benthic_datasets\mask_labels\reef_support\SEAVIEW_ATL\masks_stitched\20021100501_mask.png
mask,20021100701_mask,20021100701_mask.png,C:\Users\20231807\Documents\GitHub\Cap_coral_reefs\New_version_of_the_project\website\benthic_datasets\mask_labels\reef_support\SEAVIEW_ATL\masks_stitched\20021100701_mask.png
mask,20021100901_mask,20021100901_mask.png,C:\Users\20231807\Documents\GitHub\Cap_coral_reefs\New_version_of_the_project\website\benthic_datasets\mask_labels\reef_support\SEAVIEW_ATL\masks_stitched\20021100901_mask.png
mask,20021101101_mask,20021101101_mask.png,C:\Users\20231807\Documents\GitHub\Cap_coral_reefs\New_version_of_the_project\website\benthic_datasets\mask_labels\reef_support\SEAVIEW_ATL\masks_stitched\20021101101_mask.png
mask,20021101301_mask,20021101301_mask.png,C:\Users\20231807\Documents\GitHub\Cap_coral_reefs\New_version_of_the_project\website\benthic_datasets\mask_labels\reef_support\SEAVIEW_ATL\masks_stitched\20021101301_mask.png
mask,20021101501_mask,20021101501_mask.png,C:\Users\20231807\Documents\GitHub\Cap_coral_reefs\New_version_of_the_project\website\benthic_datasets\mask_labels\reef_support\SEAVIEW_ATL\masks_stitched\20021101501_mask.png
mask,20021101901_mask,20021101901_mask.png,C:\Users\20231807\Documents\GitHub\Cap_coral_reefs\New_version_of_the_project\website\benthic_datasets\mask_labels\reef_support\SEAVIEW_ATL\masks_stitched\20021101901_mask.png
mask,20021102201_mask,20021102201_mask.png,C:\Users\20231807\Documents\GitHub\Cap_coral_reefs\New_version_of_the_project\website\benthic_datasets\mask_labels\reef_support\SEAVIEW_ATL\masks_stitched\20021102201_mask.png
mask,20022281202_mask,20022281202_mask.png,C:\Users\20231807\Documents\GitHub\Cap_coral_reefs\New_version_of_the_project\website\benthic_datasets\mask_labels\reef_support\SEAVIEW_ATL\masks_stitched\20022281202_mask.png
mask,20024002201_mask,20024002201_mask.png,C:\Users\20231807\Documents\GitHub\Cap_coral_reefs\New_version_of_the_project\website\benthic_datasets\mask_labels\reef_support\SEAVIEW_ATL\masks_stitched\20024002201_mask.png
mask,20024002401_mask,20024002401_mask.png,C:\Users\20231807\Documents\GitHub\Cap_coral_reefs\New_version_of_the_project\website\benthic_datasets\mask_labels\reef_support\SEAVIEW_ATL\masks_stitched\20024002401_mask.png
mask,20024002601_mask,20024002601_mask.png,C:\Users\20231807\Documents\GitHub\Cap_coral_reefs\New_version_of_the_project\website\benthic_datasets\mask_labels\reef_support\SEAVIEW_ATL\masks_stitched\20024002601_mask.png
mask,20024002801_mask,20024002801_mask.png,C:\Users\20231807\Documents\GitHub\Cap_coral_reefs\New_version_of_the_project\website\benthic_datasets\mask_labels\reef_support\SEAVIEW_ATL\masks_stitched\20024002801_mask.png
mask,20024003001_mask,20024003001_mask.png,C:\Users\20231807\Documents\GitHub\Cap_coral_reefs\New_version_of_the_project\website\benthic_datasets\mask_labels\reef_support\SEAVIEW_ATL\masks_stitched\20024003001_mask.png
mask,20024003201_mask,20024003201_mask.png,C:\Users\20231807\Documents\GitHub\Cap_coral_reefs\New_version_of_the_project\website\benthic_datasets\mask_labels\reef_support\SEAVIEW_ATL\masks_stitched\20024003201_mask.png
mask,20024003401_mask,20024003401_mask.png,C:\Users\20231807\Documents\GitHub\Cap_coral_reefs\New_version_of_the_project\website\benthic_datasets\mask_labels\reef_support\SEAVIEW_ATL\masks_stitched\20024003401_mask.png
mask,20024003601_mask,20024003601_mask.png,C:\Users\20231807\Documents\GitHub\Cap_coral_reefs\New_version_of_the_project\website\benthic_datasets\mask_labels\reef_support\SEAVIEW_ATL\masks_stitched\20024003601_mask.png
mask,20024003801_mask,20024003801_mask.png,C:\Users\20231807\Documents\GitHub\Cap_coral_reefs\New_version_of_the_project\website\benthic_datasets\mask_labels\reef_support\SEAVIEW_ATL\masks_stitched\20024003801_mask.png
mask,20024004201_mask,20024004201_mask.png,C:\Users\20231807\Documents\GitHub\Cap_coral_reefs\New_version_of_the_project\website\benthic_datasets\mask_labels\reef_support\SEAVIEW_ATL\masks_stitched\20024004201_mask.png
mask,20024004401_mask,20024004401_mask.png,C:\Users\20231807\Documents\GitHub\Cap_coral_reefs\New_version_of_the_project\website\benthic_datasets\mask_labels\reef_support\SEAVIEW_ATL\masks_stitched\20024004401_mask.png
mask,20024004601_mask,20024004601_mask.png,C:\Users\20231807\Documents\GitHub\Cap_coral_reefs\New_version_of_the_project\website\benthic_datasets\mask_labels\reef_support\SEAVIEW_ATL\masks_stitched\20024004601_mask.png
mask,20024004801_mask,20024004801_mask.png,C:\Users\20231807\Documents\GitHub\Cap_coral_reefs\New_version_of_the_project\website\benthic_datasets\mask_labels\reef_support\SEAVIEW_ATL\masks_stitched\20024004801_mask.png
mask,20024005101_mask,20024005101_mask.png,C:\Users\20231807\Documents\GitHub\Cap_coral_reefs\New_version_of_the_project\website\benthic_datasets\mask_labels\reef_support\SEAVIEW_ATL\masks_stitched\20024005101_mask.png
mask,20024005801_mask,20024005801_mask.png,C:\Users\20231807\Documents\GitHub\Cap_coral_reefs\New_version_of_the_project\website\benthic_datasets\mask_labels\reef_support\SEAVIEW_ATL\masks_stitched\20024005801_mask.png
mask,20024071502_mask,20024071502_mask.png,C:\Users\20231807\Documents\GitHub\Cap_coral_reefs\New_version_of_the_project\website\benthic_datasets\mask_labels\reef_support\SEAVIEW_ATL\masks_stitched\20024071502_mask.png
mask,20024078102_mask,20024078102_mask.png,C:\Users\20231807\Documents\GitHub\Cap_coral_reefs\New_version_of_the_project\website\benthic_datasets\mask_labels\reef_support\SEAVIEW_ATL\masks_stitched\20024078102_mask.png
mask,20028206201_mask,20028206201_mask.png,C:\Users\20231807\Documents\GitHub\Cap_coral_reefs\New_version_of_the_project\website\benthic_datasets\mask_labels\reef_support\SEAVIEW_ATL\masks_stitched\20028206201_mask.png
mask,20029004202_mask,20029004202_mask.png,C:\Users\20231807\Documents\GitHub\Cap_coral_reefs\New_version_of_the_project\website\benthic_datasets\mask_labels\reef_support\SEAVIEW_ATL\masks_stitched\20029004202_mask.png
mask,20029008201_mask,20029008201_mask.png,C:\Users\20231807\Documents\GitHub\Cap_coral_reefs\New_version_of_the_project\website\benthic_datasets\mask_labels\reef_support\SEAVIEW_ATL\masks_stitched\20029008201_mask.png
mask,20031013402_mask,20031013402_mask.png,C:\Users\20231807\Documents\GitHub\Cap_coral_reefs\New_version_of_the_project\website\benthic_datasets\mask_labels\reef_support\SEAVIEW_ATL\masks_stitched\20031013402_mask.png
mask,20031062202_mask,20031062202_mask.png,C:\Users\20231807\Documents\GitHub\Cap_coral_reefs\New_version_of_the_project\website\benthic_datasets\mask_labels\reef_support\SEAVIEW_ATL\masks_stitched\20031062202_mask.png
mask,20031098302_mask,20031098302_mask.png,C:\Users\20231807\Documents\GitHub\Cap_coral_reefs\New_version_of_the_project\website\benthic_datasets\mask_labels\reef_support\SEAVIEW_ATL\masks_stitched\20031098302_mask.png
mask,20034046802_mask,20034046802_mask.png,C:\Users\20231807\Documents\GitHub\Cap_coral_reefs\New_version_of_the_project\website\benthic_datasets\mask_labels\reef_support\SEAVIEW_ATL\masks_stitched\20034046802_mask.png
mask,20034061802_mask,20034061802_mask.png,C:\Users\20231807\Documents\GitHub\Cap_coral_reefs\New_version_of_the_project\website\benthic_datasets\mask_labels\reef_support\SEAVIEW_ATL\masks_stitched\20034061802_mask.png
mask,20034084602_mask,20034084602_mask.png,C:\Users\20231807\Documents\GitHub\Cap_coral_reefs\New_version_of_the_project\website\benthic_datasets\mask_labels\reef_support\SEAVIEW_ATL\masks_stitched\20034084602_mask.png
mask,20034088502_mask,20034088502_mask.png,C:\Users\20231807\Documents\GitHub\Cap_coral_reefs\New_version_of_the_project\website\benthic_datasets\mask_labels\reef_support\SEAVIEW_ATL\masks_stitched\20034088502_mask.png
mask,20036110801_mask,20036110801_mask.png,C:\Users\20231807\Documents\GitHub\Cap_coral_reefs\New_version_of_the_project\website\benthic_datasets\mask_labels\reef_support\SEAVIEW_ATL\masks_stitched\20036110801_mask.png
mask,20036140201_mask,20036140201_mask.png,C:\Users\20231807\Documents\GitHub\Cap_coral_reefs\New_version_of_the_project\website\benthic_datasets\mask_labels\reef_support\SEAVIEW_ATL\masks_stitched\20036140201_mask.png
mask,20042103002_mask,20042103002_mask.png,C:\Users\20231807\Documents\GitHub\Cap_coral_reefs\New_version_of_the_project\website\benthic_datasets\mask_labels\reef_support\SEAVIEW_ATL\masks_stitched\20042103002_mask.png
mask,20044141002_mask,20044141002_mask.png,C:\Users\20231807\Documents\GitHub\Cap_coral_reefs\New_version_of_the_project\website\benthic_datasets\mask_labels\reef_support\SEAVIEW_ATL\masks_stitched\20044141002_mask.png
mask,20046221001_mask,20046221001_mask.png,C:\Users\20231807\Documents\GitHub\Cap_coral_reefs\New_version_of_the_project\website\benthic_datasets\mask_labels\reef_support\SEAVIEW_ATL\masks_stitched\20046221001_mask.png
mask,20046223601_mask,20046223601_mask.png,C:\Users\20231807\Documents\GitHub\Cap_coral_reefs\New_version_of_the_project\website\benthic_datasets\mask_labels\reef_support\SEAVIEW_ATL\masks_stitched\20046223601_mask.png
mask,20046223801_mask,20046223801_mask.png,C:\Users\20231807\Documents\GitHub\Cap_coral_reefs\New_version_of_the_project\website\benthic_datasets\mask_labels\reef_support\SEAVIEW_ATL\masks_stitched\20046223801_mask.png
mask,20046224001_mask,20046224001_mask.png,C:\Users\20231807\Documents\GitHub\Cap_coral_reefs\New_version_of_the_project\website\benthic_datasets\mask_labels\reef_support\SEAVIEW_ATL\masks_stitched\20046224001_mask.png
mask,20046224201_mask,20046224201_mask.png,C:\Users\20231807\Documents\GitHub\Cap_coral_reefs\New_version_of_the_project\website\benthic_datasets\mask_labels\reef_support\SEAVIEW_ATL\masks_stitched\20046224201_mask.png
mask,20046224401_mask,20046224401_mask.png,C:\Users\20231807\Documents\GitHub\Cap_coral_reefs\New_version_of_the_project\website\benthic_datasets\mask_labels\reef_support\SEAVIEW_ATL\masks_stitched\20046224401_mask.png
mask,20046224601_mask,20046224601_mask.png,C:\Users\20231807\Documents\GitHub\Cap_coral_reefs\New_version_of_the_project\website\benthic_datasets\mask_labels\reef_support\SEAVIEW_ATL\masks_stitched\20046224601_mask.png
mask,20046224801_mask,20046224801_mask.png,C:\Users\20231807\Documents\GitHub\Cap_coral_reefs\New_version_of_the_project\website\benthic_datasets\mask_labels\reef_support\SEAVIEW_ATL\masks_stitched\20046224801_mask.png
mask,20046225001_mask,20046225001_mask.png,C:\Users\20231807\Documents\GitHub\Cap_coral_reefs\New_version_of_the_project\website\benthic_datasets\mask_labels\reef_support\SEAVIEW_ATL\masks_stitched\20046225001_mask.png
mask,20046225201_mask,20046225201_mask.png,C:\Users\20231807\Documents\GitHub\Cap_coral_reefs\New_version_of_the_project\website\benthic_datasets\mask_labels\reef_support\SEAVIEW_ATL\masks_stitched\20046225201_mask.png
mask,20046225401_mask,20046225401_mask.png,C:\Users\20231807\Documents\GitHub\Cap_coral_reefs\New_version_of_the_project\website\benthic_datasets\mask_labels\reef_support\SEAVIEW_ATL\masks_stitched\20046225401_mask.png
mask,20046225601_mask,20046225601_mask.png,C:\Users\20231807\Documents\GitHub\Cap_coral_reefs\New_version_of_the_project\website\benthic_datasets\mask_labels\reef_support\SEAVIEW_ATL\masks_stitched\20046225601_mask.png
mask,20046225801_mask,20046225801_mask.png,C:\Users\20231807\Documents\GitHub\Cap_coral_reefs\New_version_of_the_project\website\benthic_datasets\mask_labels\reef_support\SEAVIEW_ATL\masks_stitched\20046225801_mask.png
mask,20046226101_mask,20046226101_mask.png,C:\Users\20231807\Documents\GitHub\Cap_coral_reefs\New_version_of_the_project\website\benthic_datasets\mask_labels\reef_support\SEAVIEW_ATL\masks_stitched\20046226101_mask.png
mask,20046226301_mask,20046226301_mask.png,C:\Users\20231807\Documents\GitHub\Cap_coral_reefs\New_version_of_the_project\website\benthic_datasets\mask_labels\reef_support\SEAVIEW_ATL\masks_stitched\20046226301_mask.png
mask,20046237101_mask,20046237101_mask.png,C:\Users\20231807\Documents\GitHub\Cap_coral_reefs\New_version_of_the_project\website\benthic_datasets\mask_labels\reef_support\SEAVIEW_ATL\masks_stitched\20046237101_mask.png
mask,20046248401_mask,20046248401_mask.png,C:\Users\20231807\Documents\GitHub\Cap_coral_reefs\New_version_of_the_project\website\benthic_datasets\mask_labels\reef_support\SEAVIEW_ATL\masks_stitched\20046248401_mask.png
mask,20046250301_mask,20046250301_mask.png,C:\Users\20231807\Documents\GitHub\Cap_coral_reefs\New_version_of_the_project\website\benthic_datasets\mask_labels\reef_support\SEAVIEW_ATL\masks_stitched\20046250301_mask.png
mask,21002118901_mask,21002118901_mask.png,C:\Users\20231807\Documents\GitHub\Cap_coral_reefs\New_version_of_the_project\website\benthic_datasets\mask_labels\reef_support\SEAVIEW_ATL\masks_stitched\21002118901_mask.png
mask,21005043602_mask,21005043602_mask.png,C:\Users\20231807\Documents\GitHub\Cap_coral_reefs\New_version_of_the_project\website\benthic_datasets\mask_labels\reef_support\SEAVIEW_ATL\masks_stitched\21005043602_mask.png
mask,21005043802_mask,21005043802_mask.png,C:\Users\20231807\Documents\GitHub\Cap_coral_reefs\New_version_of_the_project\website\benthic_datasets\mask_labels\reef_support\SEAVIEW_ATL\masks_stitched\21005043802_mask.png
mask,21005044002_mask,21005044002_mask.png,C:\Users\20231807\Documents\GitHub\Cap_coral_reefs\New_version_of_the_project\website\benthic_datasets\mask_labels\reef_support\SEAVIEW_ATL\masks_stitched\21005044002_mask.png
mask,21005044202_mask,21005044202_mask.png,C:\Users\20231807\Documents\GitHub\Cap_coral_reefs\New_version_of_the_project\website\benthic_datasets\mask_labels\reef_support\SEAVIEW_ATL\masks_stitched\21005044202_mask.png
mask,21005044402_mask,21005044402_mask.png,C:\Users\20231807\Documents\GitHub\Cap_coral_reefs\New_version_of_the_project\website\benthic_datasets\mask_labels\reef_support\SEAVIEW_ATL\masks_stitched\21005044402_mask.png
mask,24010170001_mask,24010170001_mask.png,C:\Users\20231807\Documents\GitHub\Cap_coral_reefs\New_version_of_the_project\website\benthic_datasets\mask_labels\reef_support\SEAVIEW_ATL\masks_stitched\24010170001_mask.png
mask,24024269702_mask,24024269702_mask.png,C:\Users\20231807\Documents\GitHub\Cap_coral_reefs\New_version_of_the_project\website\benthic_datasets\mask_labels\reef_support\SEAVIEW_ATL\masks_stitched\24024269702_mask.png
mask,24024269801_mask,24024269801_mask.png,C:\Users\20231807\Documents\GitHub\Cap_coral_reefs\New_version_of_the_project\website\benthic_datasets\mask_labels\reef_support\SEAVIEW_ATL\masks_stitched\24024269801_mask.png
mask,24024270201_mask,24024270201_mask.png,C:\Users\20231807\Documents\GitHub\Cap_coral_reefs\New_version_of_the_project\website\benthic_datasets\mask_labels\reef_support\SEAVIEW_ATL\masks_stitched\24024270201_mask.png
mask,24024270801_mask,24024270801_mask.png,C:\Users\20231807\Documents\GitHub\Cap_coral_reefs\New_version_of_the_project\website\benthic_datasets\mask_labels\reef_support\SEAVIEW_ATL\masks_stitched\24024270801_mask.png
mask,24024281501_mask,24024281501_mask.png,C:\Users\20231807\Documents\GitHub\Cap_coral_reefs\New_version_of_the_project\website\benthic_datasets\mask_labels\reef_support\SEAVIEW_ATL\masks_stitched\24024281501_mask.png
mask,24026179605_mask,24026179605_mask.png,C:\Users\20231807\Documents\GitHub\Cap_coral_reefs\New_version_of_the_project\website\benthic_datasets\mask_labels\reef_support\SEAVIEW_ATL\masks_stitched\24026179605_mask.png
mask,24026179801_mask,24026179801_mask.png,C:\Users\20231807\Documents\GitHub\Cap_coral_reefs\New_version_of_the_project\website\benthic_datasets\mask_labels\reef_support\SEAVIEW_ATL\masks_stitched\24026179801_mask.png
mask,24026180101_mask,24026180101_mask.png,C:\Users\20231807\Documents\GitHub\Cap_coral_reefs\New_version_of_the_project\website\benthic_datasets\mask_labels\reef_support\SEAVIEW_ATL\masks_stitched\24026180101_mask.png
mask,24026180301_mask,24026180301_mask.png,C:\Users\20231807\Documents\GitHub\Cap_coral_reefs\New_version_of_the_project\website\benthic_datasets\mask_labels\reef_support\SEAVIEW_ATL\masks_stitched\24026180301_mask.png
mask,24026180501_mask,24026180501_mask.png,C:\Users\20231807\Documents\GitHub\Cap_coral_reefs\New_version_of_the_project\website\benthic_datasets\mask_labels\reef_support\SEAVIEW_ATL\masks_stitched\24026180501_mask.png
mask,24026180602_mask,24026180602_mask.png,C:\Users\20231807\Documents\GitHub\Cap_coral_reefs\New_version_of_the_project\website\benthic_datasets\mask_labels\reef_support\SEAVIEW_ATL\masks_stitched\24026180602_mask.png
mask,24026180701_mask,24026180701_mask.png,C:\Users\20231807\Documents\GitHub\Cap_coral_reefs\New_version_of_the_project\website\benthic_datasets\mask_labels\reef_support\SEAVIEW_ATL\masks_stitched\24026180701_mask.png
mask,24026180802_mask,24026180802_mask.png,C:\Users\20231807\Documents\GitHub\Cap_coral_reefs\New_version_of_the_project\website\benthic_datasets\mask_labels\reef_support\SEAVIEW_ATL\masks_stitched\24026180802_mask.png
mask,24026181006_mask,24026181006_mask.png,C:\Users\20231807\Documents\GitHub\Cap_coral_reefs\New_version_of_the_project\website\benthic_datasets\mask_labels\reef_support\SEAVIEW_ATL\masks_stitched\24026181006_mask.png
mask,24026181102_mask,24026181102_mask.png,C:\Users\20231807\Documents\GitHub\Cap_coral_reefs\New_version_of_the_project\website\benthic_datasets\mask_labels\reef_support\SEAVIEW_ATL\masks_stitched\24026181102_mask.png
mask,24026181301_mask,24026181301_mask.png,C:\Users\20231807\Documents\GitHub\Cap_coral_reefs\New_version_of_the_project\website\benthic_datasets\mask_labels\reef_support\SEAVIEW_ATL\masks_stitched\24026181301_mask.png
mask,24026181501_mask,24026181501_mask.png,C:\Users\20231807\Documents\GitHub\Cap_coral_reefs\New_version_of_the_project\website\benthic_datasets\mask_labels\reef_support\SEAVIEW_ATL\masks_stitched\24026181501_mask.png
mask,24026181701_mask,24026181701_mask.png,C:\Users\20231807\Documents\GitHub\Cap_coral_reefs\New_version_of_the_project\website\benthic_datasets\mask_labels\reef_support\SEAVIEW_ATL\masks_stitched\24026181701_mask.png
mask,24026181901_mask,24026181901_mask.png,C:\Users\20231807\Documents\GitHub\Cap_coral_reefs\New_version_of_the_project\website\benthic_datasets\mask_labels\reef_support\SEAVIEW_ATL\masks_stitched\24026181901_mask.png
mask,24026197901_mask,24026197901_mask.png,C:\Users\20231807\Documents\GitHub\Cap_coral_reefs\New_version_of_the_project\website\benthic_datasets\mask_labels\reef_support\SEAVIEW_ATL\masks_stitched\24026197901_mask.png
mask,24026202701_mask,24026202701_mask.png,C:\Users\20231807\Documents\GitHub\Cap_coral_reefs\New_version_of_the_project\website\benthic_datasets\mask_labels\reef_support\SEAVIEW_ATL\masks_stitched\24026202701_mask.png
mask,24027301501_mask,24027301501_mask.png,C:\Users\20231807\Documents\GitHub\Cap_coral_reefs\New_version_of_the_project\website\benthic_datasets\mask_labels\reef_support\SEAVIEW_ATL\masks_stitched\24027301501_mask.png
mask,24027301701_mask,24027301701_mask.png,C:\Users\20231807\Documents\GitHub\Cap_coral_reefs\New_version_of_the_project\website\benthic_datasets\mask_labels\reef_support\SEAVIEW_ATL\masks_stitched\24027301701_mask.png
mask,24027302502_mask,24027302502_mask.png,C:\Users\20231807\Documents\GitHub\Cap_coral_reefs\New_version_of_the_project\website\benthic_datasets\mask_labels\reef_support\SEAVIEW_ATL\masks_stitched\24027302502_mask.png
mask,24027302701_mask,24027302701_mask.png,C:\Users\20231807\Documents\GitHub\Cap_coral_reefs\New_version_of_the_project\website\benthic_datasets\mask_labels\reef_support\SEAVIEW_ATL\masks_stitched\24027302701_mask.png
mask,24027302802_mask,24027302802_mask.png,C:\Users\20231807\Documents\GitHub\Cap_coral_reefs\New_version_of_the_project\website\benthic_datasets\mask_labels\reef_support\SEAVIEW_ATL\masks_stitched\24027302802_mask.png
mask,24027302901_mask,24027302901_mask.png,C:\Users\20231807\Documents\GitHub\Cap_coral_reefs\New_version_of_the_project\website\benthic_datasets\mask_labels\reef_support\SEAVIEW_ATL\masks_stitched\24027302901_mask.png
mask,24027303001_mask,24027303001_mask.png,C:\Users\20231807\Documents\GitHub\Cap_coral_reefs\New_version_of_the_project\website\benthic_datasets\mask_labels\reef_support\SEAVIEW_ATL\masks_stitched\24027303001_mask.png
mask,24027303102_mask,24027303102_mask.png,C:\Users\20231807\Documents\GitHub\Cap_coral_reefs\New_version_of_the_project\website\benthic_datasets\mask_labels\reef_support\SEAVIEW_ATL\masks_stitched\24027303102_mask.png
mask,24027303201_mask,24027303201_mask.png,C:\Users\20231807\Documents\GitHub\Cap_coral_reefs\New_version_of_the_project\website\benthic_datasets\mask_labels\reef_support\SEAVIEW_ATL\masks_stitched\24027303201_mask.png
mask,24027303302_mask,24027303302_mask.png,C:\Users\20231807\Documents\GitHub\Cap_coral_reefs\New_version_of_the_project\website\benthic_datasets\mask_labels\reef_support\SEAVIEW_ATL\masks_stitched\24027303302_mask.png
mask,24027303501_mask,24027303501_mask.png,C:\Users\20231807\Documents\GitHub\Cap_coral_reefs\New_version_of_the_project\website\benthic_datasets\mask_labels\reef_support\SEAVIEW_ATL\masks_stitched\24027303501_mask.png
mask,24027303701_mask,24027303701_mask.png,C:\Users\20231807\Documents\GitHub\Cap_coral_reefs\New_version_of_the_project\website\benthic_datasets\mask_labels\reef_support\SEAVIEW_ATL\masks_stitched\24027303701_mask.png
mask,24028012601_mask,24028012601_mask.png,C:\Users\20231807\Documents\GitHub\Cap_coral_reefs\New_version_of_the_project\website\benthic_datasets\mask_labels\reef_support\SEAVIEW_ATL\masks_stitched\24028012601_mask.png
mask,24028014601_mask,24028014601_mask.png,C:\Users\20231807\Documents\GitHub\Cap_coral_reefs\New_version_of_the_project\website\benthic_datasets\mask_labels\reef_support\SEAVIEW_ATL\masks_stitched\24028014601_mask.png
mask,24029178402_mask,24029178402_mask.png,C:\Users\20231807\Documents\GitHub\Cap_coral_reefs\New_version_of_the_project\website\benthic_datasets\mask_labels\reef_support\SEAVIEW_ATL\masks_stitched\24029178402_mask.png
mask,24029178602_mask,24029178602_mask.png,C:\Users\20231807\Documents\GitHub\Cap_coral_reefs\New_version_of_the_project\website\benthic_datasets\mask_labels\reef_support\SEAVIEW_ATL\masks_stitched\24029178602_mask.png
mask,24029179101_mask,24029179101_mask.png,C:\Users\20231807\Documents\GitHub\Cap_coral_reefs\New_version_of_the_project\website\benthic_datasets\mask_labels\reef_support\SEAVIEW_ATL\masks_stitched\24029179101_mask.png
mask,24029180001_mask,24029180001_mask.png,C:\Users\20231807\Documents\GitHub\Cap_coral_reefs\New_version_of_the_project\website\benthic_datasets\mask_labels\reef_support\SEAVIEW_ATL\masks_stitched\24029180001_mask.png
mask,24032040001_mask,24032040001_mask.png,C:\Users\20231807\Documents\GitHub\Cap_coral_reefs\New_version_of_the_project\website\benthic_datasets\mask_labels\reef_support\SEAVIEW_ATL\masks_stitched\24032040001_mask.png
mask,24032104901_mask,24032104901_mask.png,C:\Users\20231807\Documents\GitHub\Cap_coral_reefs\New_version_of_the_project\website\benthic_datasets\mask_labels\reef_support\SEAVIEW_ATL\masks_stitched\24032104901_mask.png
mask,24032124201_mask,24032124201_mask.png,C:\Users\20231807\Documents\GitHub\Cap_coral_reefs\New_version_of_the_project\website\benthic_datasets\mask_labels\reef_support\SEAVIEW_ATL\masks_stitched\24032124201_mask.png
mask,24032127301_mask,24032127301_mask.png,C:\Users\20231807\Documents\GitHub\Cap_coral_reefs\New_version_of_the_project\website\benthic_datasets\mask_labels\reef_support\SEAVIEW_ATL\masks_stitched\24032127301_mask.png
mask,24032127501_mask,24032127501_mask.png,C:\Users\20231807\Documents\GitHub\Cap_coral_reefs\New_version_of_the_project\website\benthic_datasets\mask_labels\reef_support\SEAVIEW_ATL\masks_stitched\24032127501_mask.png
mask,24032127701_mask,24032127701_mask.png,C:\Users\20231807\Documents\GitHub\Cap_coral_reefs\New_version_of_the_project\website\benthic_datasets\mask_labels\reef_support\SEAVIEW_ATL\masks_stitched\24032127701_mask.png
mask,24032128101_mask,24032128101_mask.png,C:\Users\20231807\Documents\GitHub\Cap_coral_reefs\New_version_of_the_project\website\benthic_datasets\mask_labels\reef_support\SEAVIEW_ATL\masks_stitched\24032128101_mask.png
mask,24032128301_mask,24032128301_mask.png,C:\Users\20231807\Documents\GitHub\Cap_coral_reefs\New_version_of_the_project\website\benthic_datasets\mask_labels\reef_support\SEAVIEW_ATL\masks_stitched\24032128301_mask.png
mask,24032128501_mask,24032128501_mask.png,C:\Users\20231807\Documents\GitHub\Cap_coral_reefs\New_version_of_the_project\website\benthic_datasets\mask_labels\reef_support\SEAVIEW_ATL\masks_stitched\24032128501_mask.png
mask,24032128701_mask,24032128701_mask.png,C:\Users\20231807\Documents\GitHub\Cap_coral_reefs\New_version_of_the_project\website\benthic_datasets\mask_labels\reef_support\SEAVIEW_ATL\masks_stitched\24032128701_mask.png
mask,24032129101_mask,24032129101_mask.png,C:\Users\20231807\Documents\GitHub\Cap_coral_reefs\New_version_of_the_project\website\benthic_datasets\mask_labels\reef_support\SEAVIEW_ATL\masks_stitched\24032129101_mask.png
mask,24032129301_mask,24032129301_mask.png,C:\Users\20231807\Documents\GitHub\Cap_coral_reefs\New_version_of_the_project\website\benthic_datasets\mask_labels\reef_support\SEAVIEW_ATL\masks_stitched\24032129301_mask.png
mask,24032129501_mask,24032129501_mask.png,C:\Users\20231807\Documents\GitHub\Cap_coral_reefs\New_version_of_the_project\website\benthic_datasets\mask_labels\reef_support\SEAVIEW_ATL\masks_stitched\24032129501_mask.png
mask,24033230502_mask,24033230502_mask.png,C:\Users\20231807\Documents\GitHub\Cap_coral_reefs\New_version_of_the_project\website\benthic_datasets\mask_labels\reef_support\SEAVIEW_ATL\masks_stitched\24033230502_mask.png
mask,24044080901_mask,24044080901_mask.png,C:\Users\20231807\Documents\GitHub\Cap_coral_reefs\New_version_of_the_project\website\benthic_datasets\mask_labels\reef_support\SEAVIEW_ATL\masks_stitched\24044080901_mask.png
mask,24044095501_mask,24044095501_mask.png,C:\Users\20231807\Documents\GitHub\Cap_coral_reefs\New_version_of_the_project\website\benthic_datasets\mask_labels\reef_support\SEAVIEW_ATL\masks_stitched\24044095501_mask.png
mask,24044096101_mask,24044096101_mask.png,C:\Users\20231807\Documents\GitHub\Cap_coral_reefs\New_version_of_the_project\website\benthic_datasets\mask_labels\reef_support\SEAVIEW_ATL\masks_stitched\24044096101_mask.png
mask,24044096301_mask,24044096301_mask.png,C:\Users\20231807\Documents\GitHub\Cap_coral_reefs\New_version_of_the_project\website\benthic_datasets\mask_labels\reef_support\SEAVIEW_ATL\masks_stitched\24044096301_mask.png
mask,24044096901_mask,24044096901_mask.png,C:\Users\20231807\Documents\GitHub\Cap_coral_reefs\New_version_of_the_project\website\benthic_datasets\mask_labels\reef_support\SEAVIEW_ATL\masks_stitched\24044096901_mask.png
mask,24044097101_mask,24044097101_mask.png,C:\Users\20231807\Documents\GitHub\Cap_coral_reefs\New_version_of_the_project\website\benthic_datasets\mask_labels\reef_support\SEAVIEW_ATL\masks_stitched\24044097101_mask.png
mask,24044097201_mask,24044097201_mask.png,C:\Users\20231807\Documents\GitHub\Cap_coral_reefs\New_version_of_the_project\website\benthic_datasets\mask_labels\reef_support\SEAVIEW_ATL\masks_stitched\24044097201_mask.png
mask,24044097301_mask,24044097301_mask.png,C:\Users\20231807\Documents\GitHub\Cap_coral_reefs\New_version_of_the_project\website\benthic_datasets\mask_labels\reef_support\SEAVIEW_ATL\masks_stitched\24044097301_mask.png
mask,24044097501_mask,24044097501_mask.png,C:\Users\20231807\Documents\GitHub\Cap_coral_reefs\New_version_of_the_project\website\benthic_datasets\mask_labels\reef_support\SEAVIEW_ATL\masks_stitched\24044097501_mask.png
mask,24045035302_mask,24045035302_mask.png,C:\Users\20231807\Documents\GitHub\Cap_coral_reefs\New_version_of_the_project\website\benthic_datasets\mask_labels\reef_support\SEAVIEW_ATL\masks_stitched\24045035302_mask.png
mask,24045068102_mask,24045068102_mask.png,C:\Users\20231807\Documents\GitHub\Cap_coral_reefs\New_version_of_the_project\website\benthic_datasets\mask_labels\reef_support\SEAVIEW_ATL\masks_stitched\24045068102_mask.png
mask,24047242502_mask,24047242502_mask.png,C:\Users\20231807\Documents\GitHub\Cap_coral_reefs\New_version_of_the_project\website\benthic_datasets\mask_labels\reef_support\SEAVIEW_ATL\masks_stitched\24047242502_mask.png
mask,25001009501_mask,25001009501_mask.png,C:\Users\20231807\Documents\GitHub\Cap_coral_reefs\New_version_of_the_project\website\benthic_datasets\mask_labels\reef_support\SEAVIEW_ATL\masks_stitched\25001009501_mask.png
mask,25007085601_mask,25007085601_mask.png,C:\Users\20231807\Documents\GitHub\Cap_coral_reefs\New_version_of_the_project\website\benthic_datasets\mask_labels\reef_support\SEAVIEW_ATL\masks_stitched\25007085601_mask.png
mask,25007087001_mask,25007087001_mask.png,C:\Users\20231807\Documents\GitHub\Cap_coral_reefs\New_version_of_the_project\website\benthic_datasets\mask_labels\reef_support\SEAVIEW_ATL\masks_stitched\25007087001_mask.png
mask,25009010301_mask,25009010301_mask.png,C:\Users\20231807\Documents\GitHub\Cap_coral_reefs\New_version_of_the_project\website\benthic_datasets\mask_labels\reef_support\SEAVIEW_ATL\masks_stitched\25009010301_mask.png
mask,25009010501_mask,25009010501_mask.png,C:\Users\20231807\Documents\GitHub\Cap_coral_reefs\New_version_of_the_project\website\benthic_datasets\mask_labels\reef_support\SEAVIEW_ATL\masks_stitched\25009010501_mask.png
mask,25009010901_mask,25009010901_mask.png,C:\Users\20231807\Documents\GitHub\Cap_coral_reefs\New_version_of_the_project\website\benthic_datasets\mask_labels\reef_support\SEAVIEW_ATL\masks_stitched\25009010901_mask.png
mask,25009011001_mask,25009011001_mask.png,C:\Users\20231807\Documents\GitHub\Cap_coral_reefs\New_version_of_the_project\website\benthic_datasets\mask_labels\reef_support\SEAVIEW_ATL\masks_stitched\25009011001_mask.png
mask,25009011501_mask,25009011501_mask.png,C:\Users\20231807\Documents\GitHub\Cap_coral_reefs\New_version_of_the_project\website\benthic_datasets\mask_labels\reef_support\SEAVIEW_ATL\masks_stitched\25009011501_mask.png
mask,25009011701_mask,25009011701_mask.png,C:\Users\20231807\Documents\GitHub\Cap_coral_reefs\New_version_of_the_project\website\benthic_datasets\mask_labels\reef_support\SEAVIEW_ATL\masks_stitched\25009011701_mask.png
mask,25009011901_mask,25009011901_mask.png,C:\Users\20231807\Documents\GitHub\Cap_coral_reefs\New_version_of_the_project\website\benthic_datasets\mask_labels\reef_support\SEAVIEW_ATL\masks_stitched\25009011901_mask.png
mask,25009012001_mask,25009012001_mask.png,C:\Users\20231807\Documents\GitHub\Cap_coral_reefs\New_version_of_the_project\website\benthic_datasets\mask_labels\reef_support\SEAVIEW_ATL\masks_stitched\25009012001_mask.png
mask,25009012201_mask,25009012201_mask.png,C:\Users\20231807\Documents\GitHub\Cap_coral_reefs\New_version_of_the_project\website\benthic_datasets\mask_labels\reef_support\SEAVIEW_ATL\masks_stitched\25009012201_mask.png
mask,25009012401_mask,25009012401_mask.png,C:\Users\20231807\Documents\GitHub\Cap_coral_reefs\New_version_of_the_project\website\benthic_datasets\mask_labels\reef_support\SEAVIEW_ATL\masks_stitched\25009012401_mask.png
mask,25015006501_mask,25015006501_mask.png,C:\Users\20231807\Documents\GitHub\Cap_coral_reefs\New_version_of_the_project\website\benthic_datasets\mask_labels\reef_support\SEAVIEW_ATL\masks_stitched\25015006501_mask.png
mask,25016061201_mask,25016061201_mask.png,C:\Users\20231807\Documents\GitHub\Cap_coral_reefs\New_version_of_the_project\website\benthic_datasets\mask_labels\reef_support\SEAVIEW_ATL\masks_stitched\25016061201_mask.png
mask,25016075501_mask,25016075501_mask.png,C:\Users\20231807\Documents\GitHub\Cap_coral_reefs\New_version_of_the_project\website\benthic_datasets\mask_labels\reef_support\SEAVIEW_ATL\masks_stitched\25016075501_mask.png
mask,25016076601_mask,25016076601_mask.png,C:\Users\20231807\Documents\GitHub\Cap_coral_reefs\New_version_of_the_project\website\benthic_datasets\mask_labels\reef_support\SEAVIEW_ATL\masks_stitched\25016076601_mask.png
mask,25016136002_mask,25016136002_mask.png,C:\Users\20231807\Documents\GitHub\Cap_coral_reefs\New_version_of_the_project\website\benthic_datasets\mask_labels\reef_support\SEAVIEW_ATL\masks_stitched\25016136002_mask.png
mask,25016136102_mask,25016136102_mask.png,C:\Users\20231807\Documents\GitHub\Cap_coral_reefs\New_version_of_the_project\website\benthic_datasets\mask_labels\reef_support\SEAVIEW_ATL\masks_stitched\25016136102_mask.png
mask,25016136302_mask,25016136302_mask.png,C:\Users\20231807\Documents\GitHub\Cap_coral_reefs\New_version_of_the_project\website\benthic_datasets\mask_labels\reef_support\SEAVIEW_ATL\masks_stitched\25016136302_mask.png
mask,25016136502_mask,25016136502_mask.png,C:\Users\20231807\Documents\GitHub\Cap_coral_reefs\New_version_of_the_project\website\benthic_datasets\mask_labels\reef_support\SEAVIEW_ATL\masks_stitched\25016136502_mask.png
mask,25016136702_mask,25016136702_mask.png,C:\Users\20231807\Documents\GitHub\Cap_coral_reefs\New_version_of_the_project\website\benthic_datasets\mask_labels\reef_support\SEAVIEW_ATL\masks_stitched\25016136702_mask.png
mask,25016137302_mask,25016137302_mask.png,C:\Users\20231807\Documents\GitHub\Cap_coral_reefs\New_version_of_the_project\website\benthic_datasets\mask_labels\reef_support\SEAVIEW_ATL\masks_stitched\25016137302_mask.png
mask,25016137702_mask,25016137702_mask.png,C:\Users\20231807\Documents\GitHub\Cap_coral_reefs\New_version_of_the_project\website\benthic_datasets\mask_labels\reef_support\SEAVIEW_ATL\masks_stitched\25016137702_mask.png
mask,25016137801_mask,25016137801_mask.png,C:\Users\20231807\Documents\GitHub\Cap_coral_reefs\New_version_of_the_project\website\benthic_datasets\mask_labels\reef_support\SEAVIEW_ATL\masks_stitched\25016137801_mask.png
mask,25016137902_mask,25016137902_mask.png,C:\Users\20231807\Documents\GitHub\Cap_coral_reefs\New_version_of_the_project\website\benthic_datasets\mask_labels\reef_support\SEAVIEW_ATL\masks_stitched\25016137902_mask.png
mask,25016138102_mask,25016138102_mask.png,C:\Users\20231807\Documents\GitHub\Cap_coral_reefs\New_version_of_the_project\website\benthic_datasets\mask_labels\reef_support\SEAVIEW_ATL\masks_stitched\25016138102_mask.png
mask,25016138302_mask,25016138302_mask.png,C:\Users\20231807\Documents\GitHub\Cap_coral_reefs\New_version_of_the_project\website\benthic_datasets\mask_labels\reef_support\SEAVIEW_ATL\masks_stitched\25016138302_mask.png
mask,25016138502_mask,25016138502_mask.png,C:\Users\20231807\Documents\GitHub\Cap_coral_reefs\New_version_of_the_project\website\benthic_datasets\mask_labels\reef_support\SEAVIEW_ATL\masks_stitched\25016138502_mask.png
mask,25017148301_mask,25017148301_mask.png,C:\Users\20231807\Documents\GitHub\Cap_coral_reefs\New_version_of_the_project\website\benthic_datasets\mask_labels\reef_support\SEAVIEW_ATL\masks_stitched\25017148301_mask.png
mask,25018041101_mask,25018041101_mask.png,C:\Users\20231807\Documents\GitHub\Cap_coral_reefs\New_version_of_the_project\website\benthic_datasets\mask_labels\reef_support\SEAVIEW_ATL\masks_stitched\25018041101_mask.png
mask,25018041301_mask,25018041301_mask.png,C:\Users\20231807\Documents\GitHub\Cap_coral_reefs\New_version_of_the_project\website\benthic_datasets\mask_labels\reef_support\SEAVIEW_ATL\masks_stitched\25018041301_mask.png
mask,25018041501_mask,25018041501_mask.png,C:\Users\20231807\Documents\GitHub\Cap_coral_reefs\New_version_of_the_project\website\benthic_datasets\mask_labels\reef_support\SEAVIEW_ATL\masks_stitched\25018041501_mask.png
mask,25018041701_mask,25018041701_mask.png,C:\Users\20231807\Documents\GitHub\Cap_coral_reefs\New_version_of_the_project\website\benthic_datasets\mask_labels\reef_support\SEAVIEW_ATL\masks_stitched\25018041701_mask.png
mask,25018041901_mask,25018041901_mask.png,C:\Users\20231807\Documents\GitHub\Cap_coral_reefs\New_version_of_the_project\website\benthic_datasets\mask_labels\reef_support\SEAVIEW_ATL\masks_stitched\25018041901_mask.png
mask,25018042101_mask,25018042101_mask.png,C:\Users\20231807\Documents\GitHub\Cap_coral_reefs\New_version_of_the_project\website\benthic_datasets\mask_labels\reef_support\SEAVIEW_ATL\masks_stitched\25018042101_mask.png
mask,25018042301_mask,25018042301_mask.png,C:\Users\20231807\Documents\GitHub\Cap_coral_reefs\New_version_of_the_project\website\benthic_datasets\mask_labels\reef_support\SEAVIEW_ATL\masks_stitched\25018042301_mask.png
mask,25018042501_mask,25018042501_mask.png,C:\Users\20231807\Documents\GitHub\Cap_coral_reefs\New_version_of_the_project\website\benthic_datasets\mask_labels\reef_support\SEAVIEW_ATL\masks_stitched\25018042501_mask.png
mask,25018042701_mask,25018042701_mask.png,C:\Users\20231807\Documents\GitHub\Cap_coral_reefs\New_version_of_the_project\website\benthic_datasets\mask_labels\reef_support\SEAVIEW_ATL\masks_stitched\25018042701_mask.png
mask,25018042901_mask,25018042901_mask.png,C:\Users\20231807\Documents\GitHub\Cap_coral_reefs\New_version_of_the_project\website\benthic_datasets\mask_labels\reef_support\SEAVIEW_ATL\masks_stitched\25018042901_mask.png
mask,25020214501_mask,25020214501_mask.png,C:\Users\20231807\Documents\GitHub\Cap_coral_reefs\New_version_of_the_project\website\benthic_datasets\mask_labels\reef_support\SEAVIEW_ATL\masks_stitched\25020214501_mask.png
mask,25032120501_mask,25032120501_mask.png,C:\Users\20231807\Documents\GitHub\Cap_coral_reefs\New_version_of_the_project\website\benthic_datasets\mask_labels\reef_support\SEAVIEW_ATL\masks_stitched\25032120501_mask.png
mask,25032120901_mask,25032120901_mask.png,C:\Users\20231807\Documents\GitHub\Cap_coral_reefs\New_version_of_the_project\website\benthic_datasets\mask_labels\reef_support\SEAVIEW_ATL\masks_stitched\25032120901_mask.png
mask,25032121001_mask,25032121001_mask.png,C:\Users\20231807\Documents\GitHub\Cap_coral_reefs\New_version_of_the_project\website\benthic_datasets\mask_labels\reef_support\SEAVIEW_ATL\masks_stitched\25032121001_mask.png
mask,25032121401_mask,25032121401_mask.png,C:\Users\20231807\Documents\GitHub\Cap_coral_reefs\New_version_of_the_project\website\benthic_datasets\mask_labels\reef_support\SEAVIEW_ATL\masks_stitched\25032121401_mask.png
mask,25032121601_mask,25032121601_mask.png,C:\Users\20231807\Documents\GitHub\Cap_coral_reefs\New_version_of_the_project\website\benthic_datasets\mask_labels\reef_support\SEAVIEW_ATL\masks_stitched\25032121601_mask.png
mask,25032121701_mask,25032121701_mask.png,C:\Users\20231807\Documents\GitHub\Cap_coral_reefs\New_version_of_the_project\website\benthic_datasets\mask_labels\reef_support\SEAVIEW_ATL\masks_stitched\25032121701_mask.png
mask,25032122201_mask,25032122201_mask.png,C:\Users\20231807\Documents\GitHub\Cap_coral_reefs\New_version_of_the_project\website\benthic_datasets\mask_labels\reef_support\SEAVIEW_ATL\masks_stitched\25032122201_mask.png
mask,25033018101_mask,25033018101_mask.png,C:\Users\20231807\Documents\GitHub\Cap_coral_reefs\New_version_of_the_project\website\benthic_datasets\mask_labels\reef_support\SEAVIEW_ATL\masks_stitched\25033018101_mask.png
mask,25033029901_mask,25033029901_mask.png,C:\Users\20231807\Documents\GitHub\Cap_coral_reefs\New_version_of_the_project\website\benthic_datasets\mask_labels\reef_support\SEAVIEW_ATL\masks_stitched\25033029901_mask.png
mask,25033075901_mask,25033075901_mask.png,C:\Users\20231807\Documents\GitHub\Cap_coral_reefs\New_version_of_the_project\website\benthic_datasets\mask_labels\reef_support\SEAVIEW_ATL\masks_stitched\25033075901_mask.png
mask,25033076001_mask,25033076001_mask.png,C:\Users\20231807\Documents\GitHub\Cap_coral_reefs\New_version_of_the_project\website\benthic_datasets\mask_labels\reef_support\SEAVIEW_ATL\masks_stitched\25033076001_mask.png
mask,25033076201_mask,25033076201_mask.png,C:\Users\20231807\Documents\GitHub\Cap_coral_reefs\New_version_of_the_project\website\benthic_datasets\mask_labels\reef_support\SEAVIEW_ATL\masks_stitched\25033076201_mask.png
mask,25033076401_mask,25033076401_mask.png,C:\Users\20231807\Documents\GitHub\Cap_coral_reefs\New_version_of_the_project\website\benthic_datasets\mask_labels\reef_support\SEAVIEW_ATL\masks_stitched\25033076401_mask.png
mask,25033076701_mask,25033076701_mask.png,C:\Users\20231807\Documents\GitHub\Cap_coral_reefs\New_version_of_the_project\website\benthic_datasets\mask_labels\reef_support\SEAVIEW_ATL\masks_stitched\25033076701_mask.png
mask,25033076901_mask,25033076901_mask.png,C:\Users\20231807\Documents\GitHub\Cap_coral_reefs\New_version_of_the_project\website\benthic_datasets\mask_labels\reef_support\SEAVIEW_ATL\masks_stitched\25033076901_mask.png
mask,25033077001_mask,25033077001_mask.png,C:\Users\20231807\Documents\GitHub\Cap_coral_reefs\New_version_of_the_project\website\benthic_datasets\mask_labels\reef_support\SEAVIEW_ATL\masks_stitched\25033077001_mask.png
mask,25033077201_mask,25033077201_mask.png,C:\Users\20231807\Documents\GitHub\Cap_coral_reefs\New_version_of_the_project\website\benthic_datasets\mask_labels\reef_support\SEAVIEW_ATL\masks_stitched\25033077201_mask.png
mask,25033077401_mask,25033077401_mask.png,C:\Users\20231807\Documents\GitHub\Cap_coral_reefs\New_version_of_the_project\website\benthic_datasets\mask_labels\reef_support\SEAVIEW_ATL\masks_stitched\25033077401_mask.png
mask,25033077601_mask,25033077601_mask.png,C:\Users\20231807\Documents\GitHub\Cap_coral_reefs\New_version_of_the_project\website\benthic_datasets\mask_labels\reef_support\SEAVIEW_ATL\masks_stitched\25033077601_mask.png
mask,25033077801_mask,25033077801_mask.png,C:\Users\20231807\Documents\GitHub\Cap_coral_reefs\New_version_of_the_project\website\benthic_datasets\mask_labels\reef_support\SEAVIEW_ATL\masks_stitched\25033077801_mask.png
image,17001652802,17001652802.jpg,C:\Users\20231807\Documents\GitHub\Cap_coral_reefs\New_version_of_the_project\website\benthic_datasets\mask_labels\reef_support\SEAVIEW_ATL\images\17001652802.jpg
image,17001738102,17001738102.jpg,C:\Users\20231807\Documents\GitHub\Cap_coral_reefs\New_version_of_the_project\website\benthic_datasets\mask_labels\reef_support\SEAVIEW_ATL\images\17001738102.jpg
image,17001738302,17001738302.jpg,C:\Users\20231807\Documents\GitHub\Cap_coral_reefs\New_version_of_the_project\website\benthic_datasets\mask_labels\reef_support\SEAVIEW_ATL\images\17001738302.jpg
image,17001738602,17001738602.jpg,C:\Users\20231807\Documents\GitHub\Cap_coral_reefs\New_version_of_the_project\website\benthic_datasets\mask_labels\reef_support\SEAVIEW_ATL\images\17001738602.jpg
image,17001739802,17001739802.jpg,C:\Users\20231807\Documents\GitHub\Cap_coral_reefs\New_version_of_the_project\website\benthic_datasets\mask_labels\reef_support\SEAVIEW_ATL\images\17001739802.jpg
image,17001740102,17001740102.jpg,C:\Users\20231807\Documents\GitHub\Cap_coral_reefs\New_version_of_the_project\website\benthic_datasets\mask_labels\reef_support\SEAVIEW_ATL\images\17001740102.jpg
image,17001740802,17001740802.jpg,C:\Users\20231807\Documents\GitHub\Cap_coral_reefs\New_version_of_the_project\website\benthic_datasets\mask_labels\reef_support\SEAVIEW_ATL\images\17001740802.jpg
image,17001745802,17001745802.jpg,C:\Users\20231807\Documents\GitHub\Cap_coral_reefs\New_version_of_the_project\website\benthic_datasets\mask_labels\reef_support\SEAVIEW_ATL\images\17001745802.jpg
image,17002336001,17002336001.jpg,C:\Users\20231807\Documents\GitHub\Cap_coral_reefs\New_version_of_the_project\website\benthic_datasets\mask_labels\reef_support\SEAVIEW_ATL\images\17002336001.jpg
image,17004349502,17004349502.jpg,C:\Users\20231807\Documents\GitHub\Cap_coral_reefs\New_version_of_the_project\website\benthic_datasets\mask_labels\reef_support\SEAVIEW_ATL\images\17004349502.jpg
image,17004349602,17004349602.jpg,C:\Users\20231807\Documents\GitHub\Cap_coral_reefs\New_version_of_the_project\website\benthic_datasets\mask_labels\reef_support\SEAVIEW_ATL\images\17004349602.jpg
image,17004349802,17004349802.jpg,C:\Users\20231807\Documents\GitHub\Cap_coral_reefs\New_version_of_the_project\website\benthic_datasets\mask_labels\reef_support\SEAVIEW_ATL\images\17004349802.jpg
image,17004350002,17004350002.jpg,C:\Users\20231807\Documents\GitHub\Cap_coral_reefs\New_version_of_the_project\website\benthic_datasets\mask_labels\reef_support\SEAVIEW_ATL\images\17004350002.jpg
image,17004350502,17004350502.jpg,C:\Users\20231807\Documents\GitHub\Cap_coral_reefs\New_version_of_the_project\website\benthic_datasets\mask_labels\reef_support\SEAVIEW_ATL\images\17004350502.jpg
image,17004350702,17004350702.jpg,C:\Users\20231807\Documents\GitHub\Cap_coral_reefs\New_version_of_the_project\website\benthic_datasets\mask_labels\reef_support\SEAVIEW_ATL\images\17004350702.jpg
image,17004350802,17004350802.jpg,C:\Users\20231807\Documents\GitHub\Cap_coral_reefs\New_version_of_the_project\website\benthic_datasets\mask_labels\reef_support\SEAVIEW_ATL\images\17004350802.jpg
image,17005057001,17005057001.jpg,C:\Users\20231807\Documents\GitHub\Cap_coral_reefs\New_version_of_the_project\website\benthic_datasets\mask_labels\reef_support\SEAVIEW_ATL\images\17005057001.jpg
image,17005057201,17005057201.jpg,C:\Users\20231807\Documents\GitHub\Cap_coral_reefs\New_version_of_the_project\website\benthic_datasets\mask_labels\reef_support\SEAVIEW_ATL\images\17005057201.jpg
image,17005057501,17005057501.jpg,C:\Users\20231807\Documents\GitHub\Cap_coral_reefs\New_version_of_the_project\website\benthic_datasets\mask_labels\reef_support\SEAVIEW_ATL\images\17005057501.jpg
image,17005057701,17005057701.jpg,C:\Users\20231807\Documents\GitHub\Cap_coral_reefs\New_version_of_the_project\website\benthic_datasets\mask_labels\reef_support\SEAVIEW_ATL\images\17005057701.jpg
image,17005058301,17005058301.jpg,C:\Users\20231807\Documents\GitHub\Cap_coral_reefs\New_version_of_the_project\website\benthic_datasets\mask_labels\reef_support\SEAVIEW_ATL\images\17005058301.jpg
image,17005058801,17005058801.jpg,C:\Users\20231807\Documents\GitHub\Cap_coral_reefs\New_version_of_the_project\website\benthic_datasets\mask_labels\reef_support\SEAVIEW_ATL\images\17005058801.jpg
image,17005059401,17005059401.jpg,C:\Users\20231807\Documents\GitHub\Cap_coral_reefs\New_version_of_the_project\website\benthic_datasets\mask_labels\reef_support\SEAVIEW_ATL\images\17005059401.jpg
image,17005059601,17005059601.jpg,C:\Users\20231807\Documents\GitHub\Cap_coral_reefs\New_version_of_the_project\website\benthic_datasets\mask_labels\reef_support\SEAVIEW_ATL\images\17005059601.jpg
image,17006011002,17006011002.jpg,C:\Users\20231807\Documents\GitHub\Cap_coral_reefs\New_version_of_the_project\website\benthic_datasets\mask_labels\reef_support\SEAVIEW_ATL\images\17006011002.jpg
image,17006011202,17006011202.jpg,C:\Users\20231807\Documents\GitHub\Cap_coral_reefs\New_version_of_the_project\website\benthic_datasets\mask_labels\reef_support\SEAVIEW_ATL\images\17006011202.jpg
image,17006011302,17006011302.jpg,C:\Users\20231807\Documents\GitHub\Cap_coral_reefs\New_version_of_the_project\website\benthic_datasets\mask_labels\reef_support\SEAVIEW_ATL\images\17006011302.jpg
image,17006011502,17006011502.jpg,C:\Users\20231807\Documents\GitHub\Cap_coral_reefs\New_version_of_the_project\website\benthic_datasets\mask_labels\reef_support\SEAVIEW_ATL\images\17006011502.jpg
image,17006011702,17006011702.jpg,C:\Users\20231807\Documents\GitHub\Cap_coral_reefs\New_version_of_the_project\website\benthic_datasets\mask_labels\reef_support\SEAVIEW_ATL\images\17006011702.jpg
image,17006012002,17006012002.jpg,C:\Users\20231807\Documents\GitHub\Cap_coral_reefs\New_version_of_the_project\website\benthic_datasets\mask_labels\reef_support\SEAVIEW_ATL\images\17006012002.jpg
image,17006012102,17006012102.jpg,C:\Users\20231807\Documents\GitHub\Cap_coral_reefs\New_version_of_the_project\website\benthic_datasets\mask_labels\reef_support\SEAVIEW_ATL\images\17006012102.jpg
image,17006012302,17006012302.jpg,C:\Users\20231807\Documents\GitHub\Cap_coral_reefs\New_version_of_the_project\website\benthic_datasets\mask_labels\reef_support\SEAVIEW_ATL\images\17006012302.jpg
image,17006012502,17006012502.jpg,C:\Users\20231807\Documents\GitHub\Cap_coral_reefs\New_version_of_the_project\website\benthic_datasets\mask_labels\reef_support\SEAVIEW_ATL\images\17006012502.jpg
image,17006012602,17006012602.jpg,C:\Users\20231807\Documents\GitHub\Cap_coral_reefs\New_version_of_the_project\website\benthic_datasets\mask_labels\reef_support\SEAVIEW_ATL\images\17006012602.jpg
image,17006012802,17006012802.jpg,C:\Users\20231807\Documents\GitHub\Cap_coral_reefs\New_version_of_the_project\website\benthic_datasets\mask_labels\reef_support\SEAVIEW_ATL\images\17006012802.jpg
image,17006013102,17006013102.jpg,C:\Users\20231807\Documents\GitHub\Cap_coral_reefs\New_version_of_the_project\website\benthic_datasets\mask_labels\reef_support\SEAVIEW_ATL\images\17006013102.jpg
image,17006013302,17006013302.jpg,C:\Users\20231807\Documents\GitHub\Cap_coral_reefs\New_version_of_the_project\website\benthic_datasets\mask_labels\reef_support\SEAVIEW_ATL\images\17006013302.jpg
image,17006013402,17006013402.jpg,C:\Users\20231807\Documents\GitHub\Cap_coral_reefs\New_version_of_the_project\website\benthic_datasets\mask_labels\reef_support\SEAVIEW_ATL\images\17006013402.jpg
image,17006013802,17006013802.jpg,C:\Users\20231807\Documents\GitHub\Cap_coral_reefs\New_version_of_the_project\website\benthic_datasets\mask_labels\reef_support\SEAVIEW_ATL\images\17006013802.jpg
image,17006013902,17006013902.jpg,C:\Users\20231807\Documents\GitHub\Cap_coral_reefs\New_version_of_the_project\website\benthic_datasets\mask_labels\reef_support\SEAVIEW_ATL\images\17006013902.jpg
image,17006078902,17006078902.jpg,C:\Users\20231807\Documents\GitHub\Cap_coral_reefs\New_version_of_the_project\website\benthic_datasets\mask_labels\reef_support\SEAVIEW_ATL\images\17006078902.jpg
image,17006100402,17006100402.jpg,C:\Users\20231807\Documents\GitHub\Cap_coral_reefs\New_version_of_the_project\website\benthic_datasets\mask_labels\reef_support\SEAVIEW_ATL\images\17006100402.jpg
image,17007661501,17007661501.jpg,C:\Users\20231807\Documents\GitHub\Cap_coral_reefs\New_version_of_the_project\website\benthic_datasets\mask_labels\reef_support\SEAVIEW_ATL\images\17007661501.jpg
image,17017820202,17017820202.jpg,C:\Users\20231807\Documents\GitHub\Cap_coral_reefs\New_version_of_the_project\website\benthic_datasets\mask_labels\reef_support\SEAVIEW_ATL\images\17017820202.jpg
image,17017820602,17017820602.jpg,C:\Users\20231807\Documents\GitHub\Cap_coral_reefs\New_version_of_the_project\website\benthic_datasets\mask_labels\reef_support\SEAVIEW_ATL\images\17017820602.jpg
image,17017821002,17017821002.jpg,C:\Users\20231807\Documents\GitHub\Cap_coral_reefs\New_version_of_the_project\website\benthic_datasets\mask_labels\reef_support\SEAVIEW_ATL\images\17017821002.jpg
image,17017821902,17017821902.jpg,C:\Users\20231807\Documents\GitHub\Cap_coral_reefs\New_version_of_the_project\website\benthic_datasets\mask_labels\reef_support\SEAVIEW_ATL\images\17017821902.jpg
image,17017822002,17017822002.jpg,C:\Users\20231807\Documents\GitHub\Cap_coral_reefs\New_version_of_the_project\website\benthic_datasets\mask_labels\reef_support\SEAVIEW_ATL\images\17017822002.jpg
image,17017822302,17017822302.jpg,C:\Users\20231807\Documents\GitHub\Cap_coral_reefs\New_version_of_the_project\website\benthic_datasets\mask_labels\reef_support\SEAVIEW_ATL\images\17017822302.jpg
image,17017822502,17017822502.jpg,C:\Users\20231807\Documents\GitHub\Cap_coral_reefs\New_version_of_the_project\website\benthic_datasets\mask_labels\reef_support\SEAVIEW_ATL\images\17017822502.jpg
image,17017822702,17017822702.jpg,C:\Users\20231807\Documents\GitHub\Cap_coral_reefs\New_version_of_the_project\website\benthic_datasets\mask_labels\reef_support\SEAVIEW_ATL\images\17017822702.jpg
image,17019872802,17019872802.jpg,C:\Users\20231807\Documents\GitHub\Cap_coral_reefs\New_version_of_the_project\website\benthic_datasets\mask_labels\reef_support\SEAVIEW_ATL\images\17019872802.jpg
image,17019874202,17019874202.jpg,C:\Users\20231807\Documents\GitHub\Cap_coral_reefs\New_version_of_the_project\website\benthic_datasets\mask_labels\reef_support\SEAVIEW_ATL\images\17019874202.jpg
image,17019878402,17019878402.jpg,C:\Users\20231807\Documents\GitHub\Cap_coral_reefs\New_version_of_the_project\website\benthic_datasets\mask_labels\reef_support\SEAVIEW_ATL\images\17019878402.jpg
image,17019937902,17019937902.jpg,C:\Users\20231807\Documents\GitHub\Cap_coral_reefs\New_version_of_the_project\website\benthic_datasets\mask_labels\reef_support\SEAVIEW_ATL\images\17019937902.jpg
image,17022848302,17022848302.jpg,C:\Users\20231807\Documents\GitHub\Cap_coral_reefs\New_version_of_the_project\website\benthic_datasets\mask_labels\reef_support\SEAVIEW_ATL\images\17022848302.jpg
image,17024717802,17024717802.jpg,C:\Users\20231807\Documents\GitHub\Cap_coral_reefs\New_version_of_the_project\website\benthic_datasets\mask_labels\reef_support\SEAVIEW_ATL\images\17024717802.jpg
image,17025816302,17025816302.jpg,C:\Users\20231807\Documents\GitHub\Cap_coral_reefs\New_version_of_the_project\website\benthic_datasets\mask_labels\reef_support\SEAVIEW_ATL\images\17025816302.jpg
image,17034030302,17034030302.jpg,C:\Users\20231807\Documents\GitHub\Cap_coral_reefs\New_version_of_the_project\website\benthic_datasets\mask_labels\reef_support\SEAVIEW_ATL\images\17034030302.jpg
image,17034031302,17034031302.jpg,C:\Users\20231807\Documents\GitHub\Cap_coral_reefs\New_version_of_the_project\website\benthic_datasets\mask_labels\reef_support\SEAVIEW_ATL\images\17034031302.jpg
image,17034032402,17034032402.jpg,C:\Users\20231807\Documents\GitHub\Cap_coral_reefs\New_version_of_the_project\website\benthic_datasets\mask_labels\reef_support\SEAVIEW_ATL\images\17034032402.jpg
image,17034032602,17034032602.jpg,C:\Users\20231807\Documents\GitHub\Cap_coral_reefs\New_version_of_the_project\website\benthic_datasets\mask_labels\reef_support\SEAVIEW_ATL\images\17034032602.jpg
image,17034032902,17034032902.jpg,C:\Users\20231807\Documents\GitHub\Cap_coral_reefs\New_version_of_the_project\website\benthic_datasets\mask_labels\reef_support\SEAVIEW_ATL\images\17034032902.jpg
image,17034033002,17034033002.jpg,C:\Users\20231807\Documents\GitHub\Cap_coral_reefs\New_version_of_the_project\website\benthic_datasets\mask_labels\reef_support\SEAVIEW_ATL\images\17034033002.jpg
image,17037005102,17037005102.jpg,C:\Users\20231807\Documents\GitHub\Cap_coral_reefs\New_version_of_the_project\website\benthic_datasets\mask_labels\reef_support\SEAVIEW_ATL\images\17037005102.jpg
image,17037005402,17037005402.jpg,C:\Users\20231807\Documents\GitHub\Cap_coral_reefs\New_version_of_the_project\website\benthic_datasets\mask_labels\reef_support\SEAVIEW_ATL\images\17037005402.jpg
image,17037005602,17037005602.jpg,C:\Users\20231807\Documents\GitHub\Cap_coral_reefs\New_version_of_the_project\website\benthic_datasets\mask_labels\reef_support\SEAVIEW_ATL\images\17037005602.jpg
image,17037005802,17037005802.jpg,C:\Users\20231807\Documents\GitHub\Cap_coral_reefs\New_version_of_the_project\website\benthic_datasets\mask_labels\reef_support\SEAVIEW_ATL\images\17037005802.jpg
image,17037006002,17037006002.jpg,C:\Users\20231807\Documents\GitHub\Cap_coral_reefs\New_version_of_the_project\website\benthic_datasets\mask_labels\reef_support\SEAVIEW_ATL\images\17037006002.jpg
image,17037006202,17037006202.jpg,C:\Users\20231807\Documents\GitHub\Cap_coral_reefs\New_version_of_the_project\website\benthic_datasets\mask_labels\reef_support\SEAVIEW_ATL\images\17037006202.jpg
image,17037006702,17037006702.jpg,C:\Users\20231807\Documents\GitHub\Cap_coral_reefs\New_version_of_the_project\website\benthic_datasets\mask_labels\reef_support\SEAVIEW_ATL\images\17037006702.jpg
image,17037007702,17037007702.jpg,C:\Users\20231807\Documents\GitHub\Cap_coral_reefs\New_version_of_the_project\website\benthic_datasets\mask_labels\reef_support\SEAVIEW_ATL\images\17037007702.jpg
image,17039196602,17039196602.jpg,C:\Users\20231807\Documents\GitHub\Cap_coral_reefs\New_version_of_the_project\website\benthic_datasets\mask_labels\reef_support\SEAVIEW_ATL\images\17039196602.jpg
image,17039236602,17039236602.jpg,C:\Users\20231807\Documents\GitHub\Cap_coral_reefs\New_version_of_the_project\website\benthic_datasets\mask_labels\reef_support\SEAVIEW_ATL\images\17039236602.jpg
image,17039236802,17039236802.jpg,C:\Users\20231807\Documents\GitHub\Cap_coral_reefs\New_version_of_the_project\website\benthic_datasets\mask_labels\reef_support\SEAVIEW_ATL\images\17039236802.jpg
image,17039237102,17039237102.jpg,C:\Users\20231807\Documents\GitHub\Cap_coral_reefs\New_version_of_the_project\website\benthic_datasets\mask_labels\reef_support\SEAVIEW_ATL\images\17039237102.jpg
image,17039237402,17039237402.jpg,C:\Users\20231807\Documents\GitHub\Cap_coral_reefs\New_version_of_the_project\website\benthic_datasets\mask_labels\reef_support\SEAVIEW_ATL\images\17039237402.jpg
image,17039237902,17039237902.jpg,C:\Users\20231807\Documents\GitHub\Cap_coral_reefs\New_version_of_the_project\website\benthic_datasets\mask_labels\reef_support\SEAVIEW_ATL\images\17039237902.jpg
image,17039238402,17039238402.jpg,C:\Users\20231807\Documents\GitHub\Cap_coral_reefs\New_version_of_the_project\website\benthic_datasets\mask_labels\reef_support\SEAVIEW_ATL\images\17039238402.jpg
image,20010148001,20010148001.jpg,C:\Users\20231807\Documents\GitHub\Cap_coral_reefs\New_version_of_the_project\website\benthic_datasets\mask_labels\reef_support\SEAVIEW_ATL\images\20010148001.jpg
image,20010148101,20010148101.jpg,C:\Users\20231807\Documents\GitHub\Cap_coral_reefs\New_version_of_the_project\website\benthic_datasets\mask_labels\reef_support\SEAVIEW_ATL\images\20010148101.jpg
image,20010148501,20010148501.jpg,C:\Users\20231807\Documents\GitHub\Cap_coral_reefs\New_version_of_the_project\website\benthic_datasets\mask_labels\reef_support\SEAVIEW_ATL\images\20010148501.jpg
image,20010148801,20010148801.jpg,C:\Users\20231807\Documents\GitHub\Cap_coral_reefs\New_version_of_the_project\website\benthic_datasets\mask_labels\reef_support\SEAVIEW_ATL\images\20010148801.jpg
image,20010149101,20010149101.jpg,C:\Users\20231807\Documents\GitHub\Cap_coral_reefs\New_version_of_the_project\website\benthic_datasets\mask_labels\reef_support\SEAVIEW_ATL\images\20010149101.jpg
image,20010149301,20010149301.jpg,C:\Users\20231807\Documents\GitHub\Cap_coral_reefs\New_version_of_the_project\website\benthic_datasets\mask_labels\reef_support\SEAVIEW_ATL\images\20010149301.jpg
image,20010149401,20010149401.jpg,C:\Users\20231807\Documents\GitHub\Cap_coral_reefs\New_version_of_the_project\website\benthic_datasets\mask_labels\reef_support\SEAVIEW_ATL\images\20010149401.jpg
image,20010149601,20010149601.jpg,C:\Users\20231807\Documents\GitHub\Cap_coral_reefs\New_version_of_the_project\website\benthic_datasets\mask_labels\reef_support\SEAVIEW_ATL\images\20010149601.jpg
image,20010149801,20010149801.jpg,C:\Users\20231807\Documents\GitHub\Cap_coral_reefs\New_version_of_the_project\website\benthic_datasets\mask_labels\reef_support\SEAVIEW_ATL\images\20010149801.jpg
image,20010150001,20010150001.jpg,C:\Users\20231807\Documents\GitHub\Cap_coral_reefs\New_version_of_the_project\website\benthic_datasets\mask_labels\reef_support\SEAVIEW_ATL\images\20010150001.jpg
image,20011030301,20011030301.jpg,C:\Users\20231807\Documents\GitHub\Cap_coral_reefs\New_version_of_the_project\website\benthic_datasets\mask_labels\reef_support\SEAVIEW_ATL\images\20011030301.jpg
image,20011045302,20011045302.jpg,C:\Users\20231807\Documents\GitHub\Cap_coral_reefs\New_version_of_the_project\website\benthic_datasets\mask_labels\reef_support\SEAVIEW_ATL\images\20011045302.jpg
image,20011049802,20011049802.jpg,C:\Users\20231807\Documents\GitHub\Cap_coral_reefs\New_version_of_the_project\website\benthic_datasets\mask_labels\reef_support\SEAVIEW_ATL\images\20011049802.jpg
image,20011070801,20011070801.jpg,C:\Users\20231807\Documents\GitHub\Cap_coral_reefs\New_version_of_the_project\website\benthic_datasets\mask_labels\reef_support\SEAVIEW_ATL\images\20011070801.jpg
image,20011077002,20011077002.jpg,C:\Users\20231807\Documents\GitHub\Cap_coral_reefs\New_version_of_the_project\website\benthic_datasets\mask_labels\reef_support\SEAVIEW_ATL\images\20011077002.jpg
image,20011081102,20011081102.jpg,C:\Users\20231807\Documents\GitHub\Cap_coral_reefs\New_version_of_the_project\website\benthic_datasets\mask_labels\reef_support\SEAVIEW_ATL\images\20011081102.jpg
image,20011093001,20011093001.jpg,C:\Users\20231807\Documents\GitHub\Cap_coral_reefs\New_version_of_the_project\website\benthic_datasets\mask_labels\reef_support\SEAVIEW_ATL\images\20011093001.jpg
image,20011096001,20011096001.jpg,C:\Users\20231807\Documents\GitHub\Cap_coral_reefs\New_version_of_the_project\website\benthic_datasets\mask_labels\reef_support\SEAVIEW_ATL\images\20011096001.jpg
image,20014072301,20014072301.jpg,C:\Users\20231807\Documents\GitHub\Cap_coral_reefs\New_version_of_the_project\website\benthic_datasets\mask_labels\reef_support\SEAVIEW_ATL\images\20014072301.jpg
image,20015173002,20015173002.jpg,C:\Users\20231807\Documents\GitHub\Cap_coral_reefs\New_version_of_the_project\website\benthic_datasets\mask_labels\reef_support\SEAVIEW_ATL\images\20015173002.jpg
image,20015173305,20015173305.jpg,C:\Users\20231807\Documents\GitHub\Cap_coral_reefs\New_version_of_the_project\website\benthic_datasets\mask_labels\reef_support\SEAVIEW_ATL\images\20015173305.jpg
image,20015178801,20015178801.jpg,C:\Users\20231807\Documents\GitHub\Cap_coral_reefs\New_version_of_the_project\website\benthic_datasets\mask_labels\reef_support\SEAVIEW_ATL\images\20015178801.jpg
image,20015179502,20015179502.jpg,C:\Users\20231807\Documents\GitHub\Cap_coral_reefs\New_version_of_the_project\website\benthic_datasets\mask_labels\reef_support\SEAVIEW_ATL\images\20015179502.jpg
image,20015183501,20015183501.jpg,C:\Users\20231807\Documents\GitHub\Cap_coral_reefs\New_version_of_the_project\website\benthic_datasets\mask_labels\reef_support\SEAVIEW_ATL\images\20015183501.jpg
image,20015188501,20015188501.jpg,C:\Users\20231807\Documents\GitHub\Cap_coral_reefs\New_version_of_the_project\website\benthic_datasets\mask_labels\reef_support\SEAVIEW_ATL\images\20015188501.jpg
image,20015190301,20015190301.jpg,C:\Users\20231807\Documents\GitHub\Cap_coral_reefs\New_version_of_the_project\website\benthic_datasets\mask_labels\reef_support\SEAVIEW_ATL\images\20015190301.jpg
image,20016207205,20016207205.jpg,C:\Users\20231807\Documents\GitHub\Cap_coral_reefs\New_version_of_the_project\website\benthic_datasets\mask_labels\reef_support\SEAVIEW_ATL\images\20016207205.jpg
image,20016211701,20016211701.jpg,C:\Users\20231807\Documents\GitHub\Cap_coral_reefs\New_version_of_the_project\website\benthic_datasets\mask_labels\reef_support\SEAVIEW_ATL\images\20016211701.jpg
image,20016214401,20016214401.jpg,C:\Users\20231807\Documents\GitHub\Cap_coral_reefs\New_version_of_the_project\website\benthic_datasets\mask_labels\reef_support\SEAVIEW_ATL\images\20016214401.jpg
image,20016216501,20016216501.jpg,C:\Users\20231807\Documents\GitHub\Cap_coral_reefs\New_version_of_the_project\website\benthic_datasets\mask_labels\reef_support\SEAVIEW_ATL\images\20016216501.jpg
image,20016230405,20016230405.jpg,C:\Users\20231807\Documents\GitHub\Cap_coral_reefs\New_version_of_the_project\website\benthic_datasets\mask_labels\reef_support\SEAVIEW_ATL\images\20016230405.jpg
image,20016241004,20016241004.jpg,C:\Users\20231807\Documents\GitHub\Cap_coral_reefs\New_version_of_the_project\website\benthic_datasets\mask_labels\reef_support\SEAVIEW_ATL\images\20016241004.jpg
image,20016248005,20016248005.jpg,C:\Users\20231807\Documents\GitHub\Cap_coral_reefs\New_version_of_the_project\website\benthic_datasets\mask_labels\reef_support\SEAVIEW_ATL\images\20016248005.jpg
image,20016248101,20016248101.jpg,C:\Users\20231807\Documents\GitHub\Cap_coral_reefs\New_version_of_the_project\website\benthic_datasets\mask_labels\reef_support\SEAVIEW_ATL\images\20016248101.jpg
image,20016248305,20016248305.jpg,C:\Users\20231807\Documents\GitHub\Cap_coral_reefs\New_version_of_the_project\website\benthic_datasets\mask_labels\reef_support\SEAVIEW_ATL\images\20016248305.jpg
image,20018115701,20018115701.jpg,C:\Users\20231807\Documents\GitHub\Cap_coral_reefs\New_version_of_the_project\website\benthic_datasets\mask_labels\reef_support\SEAVIEW_ATL\images\20018115701.jpg
image,20018116301,20018116301.jpg,C:\Users\20231807\Documents\GitHub\Cap_coral_reefs\New_version_of_the_project\website\benthic_datasets\mask_labels\reef_support\SEAVIEW_ATL\images\20018116301.jpg
image,20018116501,20018116501.jpg,C:\Users\20231807\Documents\GitHub\Cap_coral_reefs\New_version_of_the_project\website\benthic_datasets\mask_labels\reef_support\SEAVIEW_ATL\images\20018116501.jpg
image,20018117101,20018117101.jpg,C:\Users\20231807\Documents\GitHub\Cap_coral_reefs\New_version_of_the_project\website\benthic_datasets\mask_labels\reef_support\SEAVIEW_ATL\images\20018117101.jpg
image,20018117801,20018117801.jpg,C:\Users\20231807\Documents\GitHub\Cap_coral_reefs\New_version_of_the_project\website\benthic_datasets\mask_labels\reef_support\SEAVIEW_ATL\images\20018117801.jpg
image,20018119001,20018119001.jpg,C:\Users\20231807\Documents\GitHub\Cap_coral_reefs\New_version_of_the_project\website\benthic_datasets\mask_labels\reef_support\SEAVIEW_ATL\images\20018119001.jpg
image,20018119201,20018119201.jpg,C:\Users\20231807\Documents\GitHub\Cap_coral_reefs\New_version_of_the_project\website\benthic_datasets\mask_labels\reef_support\SEAVIEW_ATL\images\20018119201.jpg
image,20018119401,20018119401.jpg,C:\Users\20231807\Documents\GitHub\Cap_coral_reefs\New_version_of_the_project\website\benthic_datasets\mask_labels\reef_support\SEAVIEW_ATL\images\20018119401.jpg
image,20018119501,20018119501.jpg,C:\Users\20231807\Documents\GitHub\Cap_coral_reefs\New_version_of_the_project\website\benthic_datasets\mask_labels\reef_support\SEAVIEW_ATL\images\20018119501.jpg
image,20018120101,20018120101.jpg,C:\Users\20231807\Documents\GitHub\Cap_coral_reefs\New_version_of_the_project\website\benthic_datasets\mask_labels\reef_support\SEAVIEW_ATL\images\20018120101.jpg
image,20020017201,20020017201.jpg,C:\Users\20231807\Documents\GitHub\Cap_coral_reefs\New_version_of_the_project\website\benthic_datasets\mask_labels\reef_support\SEAVIEW_ATL\images\20020017201.jpg
image,20020018801,20020018801.jpg,C:\Users\20231807\Documents\GitHub\Cap_coral_reefs\New_version_of_the_project\website\benthic_datasets\mask_labels\reef_support\SEAVIEW_ATL\images\20020018801.jpg
image,20020025101,20020025101.jpg,C:\Users\20231807\Documents\GitHub\Cap_coral_reefs\New_version_of_the_project\website\benthic_datasets\mask_labels\reef_support\SEAVIEW_ATL\images\20020025101.jpg
image,20020027601,20020027601.jpg,C:\Users\20231807\Documents\GitHub\Cap_coral_reefs\New_version_of_the_project\website\benthic_datasets\mask_labels\reef_support\SEAVIEW_ATL\images\20020027601.jpg
image,20020027901,20020027901.jpg,C:\Users\20231807\Documents\GitHub\Cap_coral_reefs\New_version_of_the_project\website\benthic_datasets\mask_labels\reef_support\SEAVIEW_ATL\images\20020027901.jpg
image,20020028201,20020028201.jpg,C:\Users\20231807\Documents\GitHub\Cap_coral_reefs\New_version_of_the_project\website\benthic_datasets\mask_labels\reef_support\SEAVIEW_ATL\images\20020028201.jpg
image,20020035001,20020035001.jpg,C:\Users\20231807\Documents\GitHub\Cap_coral_reefs\New_version_of_the_project\website\benthic_datasets\mask_labels\reef_support\SEAVIEW_ATL\images\20020035001.jpg
image,20020035701,20020035701.jpg,C:\Users\20231807\Documents\GitHub\Cap_coral_reefs\New_version_of_the_project\website\benthic_datasets\mask_labels\reef_support\SEAVIEW_ATL\images\20020035701.jpg
image,20020041001,20020041001.jpg,C:\Users\20231807\Documents\GitHub\Cap_coral_reefs\New_version_of_the_project\website\benthic_datasets\mask_labels\reef_support\SEAVIEW_ATL\images\20020041001.jpg
image,20020041201,20020041201.jpg,C:\Users\20231807\Documents\GitHub\Cap_coral_reefs\New_version_of_the_project\website\benthic_datasets\mask_labels\reef_support\SEAVIEW_ATL\images\20020041201.jpg
image,20020044401,20020044401.jpg,C:\Users\20231807\Documents\GitHub\Cap_coral_reefs\New_version_of_the_project\website\benthic_datasets\mask_labels\reef_support\SEAVIEW_ATL\images\20020044401.jpg
image,20020045901,20020045901.jpg,C:\Users\20231807\Documents\GitHub\Cap_coral_reefs\New_version_of_the_project\website\benthic_datasets\mask_labels\reef_support\SEAVIEW_ATL\images\20020045901.jpg
image,20021100201,20021100201.jpg,C:\Users\20231807\Documents\GitHub\Cap_coral_reefs\New_version_of_the_project\website\benthic_datasets\mask_labels\reef_support\SEAVIEW_ATL\images\20021100201.jpg
image,20021100301,20021100301.jpg,C:\Users\20231807\Documents\GitHub\Cap_coral_reefs\New_version_of_the_project\website\benthic_datasets\mask_labels\reef_support\SEAVIEW_ATL\images\20021100301.jpg
image,20021100501,20021100501.jpg,C:\Users\20231807\Documents\GitHub\Cap_coral_reefs\New_version_of_the_project\website\benthic_datasets\mask_labels\reef_support\SEAVIEW_ATL\images\20021100501.jpg
image,20021100701,20021100701.jpg,C:\Users\20231807\Documents\GitHub\Cap_coral_reefs\New_version_of_the_project\website\benthic_datasets\mask_labels\reef_support\SEAVIEW_ATL\images\20021100701.jpg
image,20021100901,20021100901.jpg,C:\Users\20231807\Documents\GitHub\Cap_coral_reefs\New_version_of_the_project\website\benthic_datasets\mask_labels\reef_support\SEAVIEW_ATL\images\20021100901.jpg
image,20021101001,20021101001.jpg,C:\Users\20231807\Documents\GitHub\Cap_coral_reefs\New_version_of_the_project\website\benthic_datasets\mask_labels\reef_support\SEAVIEW_ATL\images\20021101001.jpg
image,20021101301,20021101301.jpg,C:\Users\20231807\Documents\GitHub\Cap_coral_reefs\New_version_of_the_project\website\benthic_datasets\mask_labels\reef_support\SEAVIEW_ATL\images\20021101301.jpg
image,20021101501,20021101501.jpg,C:\Users\20231807\Documents\GitHub\Cap_coral_reefs\New_version_of_the_project\website\benthic_datasets\mask_labels\reef_support\SEAVIEW_ATL\images\20021101501.jpg
image,20021164602,20021164602.jpg,C:\Users\20231807\Documents\GitHub\Cap_coral_reefs\New_version_of_the_project\website\benthic_datasets\mask_labels\reef_support\SEAVIEW_ATL\images\20021164602.jpg
image,20024002301,20024002301.jpg,C:\Users\20231807\Documents\GitHub\Cap_coral_reefs\New_version_of_the_project\website\benthic_datasets\mask_labels\reef_support\SEAVIEW_ATL\images\20024002301.jpg
image,20024002401,20024002401.jpg,C:\Users\20231807\Documents\GitHub\Cap_coral_reefs\New_version_of_the_project\website\benthic_datasets\mask_labels\reef_support\SEAVIEW_ATL\images\20024002401.jpg
image,20024002601,20024002601.jpg,C:\Users\20231807\Documents\GitHub\Cap_coral_reefs\New_version_of_the_project\website\benthic_datasets\mask_labels\reef_support\SEAVIEW_ATL\images\20024002601.jpg
image,20024002801,20024002801.jpg,C:\Users\20231807\Documents\GitHub\Cap_coral_reefs\New_version_of_the_project\website\benthic_datasets\mask_labels\reef_support\SEAVIEW_ATL\images\20024002801.jpg
image,20024002901,20024002901.jpg,C:\Users\20231807\Documents\GitHub\Cap_coral_reefs\New_version_of_the_project\website\benthic_datasets\mask_labels\reef_support\SEAVIEW_ATL\images\20024002901.jpg
image,20024003201,20024003201.jpg,C:\Users\20231807\Documents\GitHub\Cap_coral_reefs\New_version_of_the_project\website\benthic_datasets\mask_labels\reef_support\SEAVIEW_ATL\images\20024003201.jpg
image,20024003401,20024003401.jpg,C:\Users\20231807\Documents\GitHub\Cap_coral_reefs\New_version_of_the_project\website\benthic_datasets\mask_labels\reef_support\SEAVIEW_ATL\images\20024003401.jpg
image,20024003601,20024003601.jpg,C:\Users\20231807\Documents\GitHub\Cap_coral_reefs\New_version_of_the_project\website\benthic_datasets\mask_labels\reef_support\SEAVIEW_ATL\images\20024003601.jpg
image,20024003701,20024003701.jpg,C:\Users\20231807\Documents\GitHub\Cap_coral_reefs\New_version_of_the_project\website\benthic_datasets\mask_labels\reef_support\SEAVIEW_ATL\images\20024003701.jpg
image,20024004201,20024004201.jpg,C:\Users\20231807\Documents\GitHub\Cap_coral_reefs\New_version_of_the_project\website\benthic_datasets\mask_labels\reef_support\SEAVIEW_ATL\images\20024004201.jpg
image,20024004401,20024004401.jpg,C:\Users\20231807\Documents\GitHub\Cap_coral_reefs\New_version_of_the_project\website\benthic_datasets\mask_labels\reef_support\SEAVIEW_ATL\images\20024004401.jpg
image,20024004701,20024004701.jpg,C:\Users\20231807\Documents\GitHub\Cap_coral_reefs\New_version_of_the_project\website\benthic_datasets\mask_labels\reef_support\SEAVIEW_ATL\images\20024004701.jpg
image,20024005501,20024005501.jpg,C:\Users\20231807\Documents\GitHub\Cap_coral_reefs\New_version_of_the_project\website\benthic_datasets\mask_labels\reef_support\SEAVIEW_ATL\images\20024005501.jpg
image,20024005701,20024005701.jpg,C:\Users\20231807\Documents\GitHub\Cap_coral_reefs\New_version_of_the_project\website\benthic_datasets\mask_labels\reef_support\SEAVIEW_ATL\images\20024005701.jpg
image,20024005801,20024005801.jpg,C:\Users\20231807\Documents\GitHub\Cap_coral_reefs\New_version_of_the_project\website\benthic_datasets\mask_labels\reef_support\SEAVIEW_ATL\images\20024005801.jpg
image,20024036902,20024036902.jpg,C:\Users\20231807\Documents\GitHub\Cap_coral_reefs\New_version_of_the_project\website\benthic_datasets\mask_labels\reef_support\SEAVIEW_ATL\images\20024036902.jpg
image,20024078102,20024078102.jpg,C:\Users\20231807\Documents\GitHub\Cap_coral_reefs\New_version_of_the_project\website\benthic_datasets\mask_labels\reef_support\SEAVIEW_ATL\images\20024078102.jpg
image,20028199801,20028199801.jpg,C:\Users\20231807\Documents\GitHub\Cap_coral_reefs\New_version_of_the_project\website\benthic_datasets\mask_labels\reef_support\SEAVIEW_ATL\images\20028199801.jpg
image,20028201101,20028201101.jpg,C:\Users\20231807\Documents\GitHub\Cap_coral_reefs\New_version_of_the_project\website\benthic_datasets\mask_labels\reef_support\SEAVIEW_ATL\images\20028201101.jpg
image,20029008201,20029008201.jpg,C:\Users\20231807\Documents\GitHub\Cap_coral_reefs\New_version_of_the_project\website\benthic_datasets\mask_labels\reef_support\SEAVIEW_ATL\images\20029008201.jpg
image,20031013402,20031013402.jpg,C:\Users\20231807\Documents\GitHub\Cap_coral_reefs\New_version_of_the_project\website\benthic_datasets\mask_labels\reef_support\SEAVIEW_ATL\images\20031013402.jpg
image,20034046802,20034046802.jpg,C:\Users\20231807\Documents\GitHub\Cap_coral_reefs\New_version_of_the_project\website\benthic_datasets\mask_labels\reef_support\SEAVIEW_ATL\images\20034046802.jpg
image,20034061802,20034061802.jpg,C:\Users\20231807\Documents\GitHub\Cap_coral_reefs\New_version_of_the_project\website\benthic_datasets\mask_labels\reef_support\SEAVIEW_ATL\images\20034061802.jpg
image,20034084602,20034084602.jpg,C:\Users\20231807\Documents\GitHub\Cap_coral_reefs\New_version_of_the_project\website\benthic_datasets\mask_labels\reef_support\SEAVIEW_ATL\images\20034084602.jpg
image,20036110801,20036110801.jpg,C:\Users\20231807\Documents\GitHub\Cap_coral_reefs\New_version_of_the_project\website\benthic_datasets\mask_labels\reef_support\SEAVIEW_ATL\images\20036110801.jpg
image,20040214302,20040214302.jpg,C:\Users\20231807\Documents\GitHub\Cap_coral_reefs\New_version_of_the_project\website\benthic_datasets\mask_labels\reef_support\SEAVIEW_ATL\images\20040214302.jpg
image,20042060302,20042060302.jpg,C:\Users\20231807\Documents\GitHub\Cap_coral_reefs\New_version_of_the_project\website\benthic_datasets\mask_labels\reef_support\SEAVIEW_ATL\images\20042060302.jpg
image,20042103002,20042103002.jpg,C:\Users\20231807\Documents\GitHub\Cap_coral_reefs\New_version_of_the_project\website\benthic_datasets\mask_labels\reef_support\SEAVIEW_ATL\images\20042103002.jpg
image,20044141002,20044141002.jpg,C:\Users\20231807\Documents\GitHub\Cap_coral_reefs\New_version_of_the_project\website\benthic_datasets\mask_labels\reef_support\SEAVIEW_ATL\images\20044141002.jpg
image,20046221001,20046221001.jpg,C:\Users\20231807\Documents\GitHub\Cap_coral_reefs\New_version_of_the_project\website\benthic_datasets\mask_labels\reef_support\SEAVIEW_ATL\images\20046221001.jpg
image,20046223601,20046223601.jpg,C:\Users\20231807\Documents\GitHub\Cap_coral_reefs\New_version_of_the_project\website\benthic_datasets\mask_labels\reef_support\SEAVIEW_ATL\images\20046223601.jpg
image,20046223801,20046223801.jpg,C:\Users\20231807\Documents\GitHub\Cap_coral_reefs\New_version_of_the_project\website\benthic_datasets\mask_labels\reef_support\SEAVIEW_ATL\images\20046223801.jpg
image,20046223901,20046223901.jpg,C:\Users\20231807\Documents\GitHub\Cap_coral_reefs\New_version_of_the_project\website\benthic_datasets\mask_labels\reef_support\SEAVIEW_ATL\images\20046223901.jpg
image,20046224201,20046224201.jpg,C:\Users\20231807\Documents\GitHub\Cap_coral_reefs\New_version_of_the_project\website\benthic_datasets\mask_labels\reef_support\SEAVIEW_ATL\images\20046224201.jpg
image,20046224401,20046224401.jpg,C:\Users\20231807\Documents\GitHub\Cap_coral_reefs\New_version_of_the_project\website\benthic_datasets\mask_labels\reef_support\SEAVIEW_ATL\images\20046224401.jpg
image,20046224601,20046224601.jpg,C:\Users\20231807\Documents\GitHub\Cap_coral_reefs\New_version_of_the_project\website\benthic_datasets\mask_labels\reef_support\SEAVIEW_ATL\images\20046224601.jpg
image,20046224701,20046224701.jpg,C:\Users\20231807\Documents\GitHub\Cap_coral_reefs\New_version_of_the_project\website\benthic_datasets\mask_labels\reef_support\SEAVIEW_ATL\images\20046224701.jpg
image,20046224901,20046224901.jpg,C:\Users\20231807\Documents\GitHub\Cap_coral_reefs\New_version_of_the_project\website\benthic_datasets\mask_labels\reef_support\SEAVIEW_ATL\images\20046224901.jpg
image,20046225001,20046225001.jpg,C:\Users\20231807\Documents\GitHub\Cap_coral_reefs\New_version_of_the_project\website\benthic_datasets\mask_labels\reef_support\SEAVIEW_ATL\images\20046225001.jpg
image,20046225201,20046225201.jpg,C:\Users\20231807\Documents\GitHub\Cap_coral_reefs\New_version_of_the_project\website\benthic_datasets\mask_labels\reef_support\SEAVIEW_ATL\images\20046225201.jpg
image,20046225501,20046225501.jpg,C:\Users\20231807\Documents\GitHub\Cap_coral_reefs\New_version_of_the_project\website\benthic_datasets\mask_labels\reef_support\SEAVIEW_ATL\images\20046225501.jpg
image,20046225701,20046225701.jpg,C:\Users\20231807\Documents\GitHub\Cap_coral_reefs\New_version_of_the_project\website\benthic_datasets\mask_labels\reef_support\SEAVIEW_ATL\images\20046225701.jpg
image,20046225901,20046225901.jpg,C:\Users\20231807\Documents\GitHub\Cap_coral_reefs\New_version_of_the_project\website\benthic_datasets\mask_labels\reef_support\SEAVIEW_ATL\images\20046225901.jpg
image,20046226001,20046226001.jpg,C:\Users\20231807\Documents\GitHub\Cap_coral_reefs\New_version_of_the_project\website\benthic_datasets\mask_labels\reef_support\SEAVIEW_ATL\images\20046226001.jpg
image,20046226301,20046226301.jpg,C:\Users\20231807\Documents\GitHub\Cap_coral_reefs\New_version_of_the_project\website\benthic_datasets\mask_labels\reef_support\SEAVIEW_ATL\images\20046226301.jpg
image,20046250301,20046250301.jpg,C:\Users\20231807\Documents\GitHub\Cap_coral_reefs\New_version_of_the_project\website\benthic_datasets\mask_labels\reef_support\SEAVIEW_ATL\images\20046250301.jpg
image,20046281801,20046281801.jpg,C:\Users\20231807\Documents\GitHub\Cap_coral_reefs\New_version_of_the_project\website\benthic_datasets\mask_labels\reef_support\SEAVIEW_ATL\images\20046281801.jpg
image,21002112901,21002112901.jpg,C:\Users\20231807\Documents\GitHub\Cap_coral_reefs\New_version_of_the_project\website\benthic_datasets\mask_labels\reef_support\SEAVIEW_ATL\images\21002112901.jpg
image,21002118901,21002118901.jpg,C:\Users\20231807\Documents\GitHub\Cap_coral_reefs\New_version_of_the_project\website\benthic_datasets\mask_labels\reef_support\SEAVIEW_ATL\images\21002118901.jpg
image,21005043602,21005043602.jpg,C:\Users\20231807\Documents\GitHub\Cap_coral_reefs\New_version_of_the_project\website\benthic_datasets\mask_labels\reef_support\SEAVIEW_ATL\images\21005043602.jpg
image,21005043802,21005043802.jpg,C:\Users\20231807\Documents\GitHub\Cap_coral_reefs\New_version_of_the_project\website\benthic_datasets\mask_labels\reef_support\SEAVIEW_ATL\images\21005043802.jpg
image,21005043902,21005043902.jpg,C:\Users\20231807\Documents\GitHub\Cap_coral_reefs\New_version_of_the_project\website\benthic_datasets\mask_labels\reef_support\SEAVIEW_ATL\images\21005043902.jpg
image,21005044202,21005044202.jpg,C:\Users\20231807\Documents\GitHub\Cap_coral_reefs\New_version_of_the_project\website\benthic_datasets\mask_labels\reef_support\SEAVIEW_ATL\images\21005044202.jpg
image,21005044402,21005044402.jpg,C:\Users\20231807\Documents\GitHub\Cap_coral_reefs\New_version_of_the_project\website\benthic_datasets\mask_labels\reef_support\SEAVIEW_ATL\images\21005044402.jpg
image,24024269602,24024269602.jpg,C:\Users\20231807\Documents\GitHub\Cap_coral_reefs\New_version_of_the_project\website\benthic_datasets\mask_labels\reef_support\SEAVIEW_ATL\images\24024269602.jpg
image,24024269701,24024269701.jpg,C:\Users\20231807\Documents\GitHub\Cap_coral_reefs\New_version_of_the_project\website\benthic_datasets\mask_labels\reef_support\SEAVIEW_ATL\images\24024269701.jpg
image,24024270101,24024270101.jpg,C:\Users\20231807\Documents\GitHub\Cap_coral_reefs\New_version_of_the_project\website\benthic_datasets\mask_labels\reef_support\SEAVIEW_ATL\images\24024270101.jpg
image,24024270201,24024270201.jpg,C:\Users\20231807\Documents\GitHub\Cap_coral_reefs\New_version_of_the_project\website\benthic_datasets\mask_labels\reef_support\SEAVIEW_ATL\images\24024270201.jpg
image,24024270901,24024270901.jpg,C:\Users\20231807\Documents\GitHub\Cap_coral_reefs\New_version_of_the_project\website\benthic_datasets\mask_labels\reef_support\SEAVIEW_ATL\images\24024270901.jpg
image,24024271001,24024271001.jpg,C:\Users\20231807\Documents\GitHub\Cap_coral_reefs\New_version_of_the_project\website\benthic_datasets\mask_labels\reef_support\SEAVIEW_ATL\images\24024271001.jpg
image,24025044801,24025044801.jpg,C:\Users\20231807\Documents\GitHub\Cap_coral_reefs\New_version_of_the_project\website\benthic_datasets\mask_labels\reef_support\SEAVIEW_ATL\images\24025044801.jpg
image,24026161301,24026161301.jpg,C:\Users\20231807\Documents\GitHub\Cap_coral_reefs\New_version_of_the_project\website\benthic_datasets\mask_labels\reef_support\SEAVIEW_ATL\images\24026161301.jpg
image,24026177101,24026177101.jpg,C:\Users\20231807\Documents\GitHub\Cap_coral_reefs\New_version_of_the_project\website\benthic_datasets\mask_labels\reef_support\SEAVIEW_ATL\images\24026177101.jpg
image,24026179502,24026179502.jpg,C:\Users\20231807\Documents\GitHub\Cap_coral_reefs\New_version_of_the_project\website\benthic_datasets\mask_labels\reef_support\SEAVIEW_ATL\images\24026179502.jpg
image,24026179605,24026179605.jpg,C:\Users\20231807\Documents\GitHub\Cap_coral_reefs\New_version_of_the_project\website\benthic_datasets\mask_labels\reef_support\SEAVIEW_ATL\images\24026179605.jpg
image,24026179701,24026179701.jpg,C:\Users\20231807\Documents\GitHub\Cap_coral_reefs\New_version_of_the_project\website\benthic_datasets\mask_labels\reef_support\SEAVIEW_ATL\images\24026179701.jpg
image,24026179901,24026179901.jpg,C:\Users\20231807\Documents\GitHub\Cap_coral_reefs\New_version_of_the_project\website\benthic_datasets\mask_labels\reef_support\SEAVIEW_ATL\images\24026179901.jpg
image,24026180101,24026180101.jpg,C:\Users\20231807\Documents\GitHub\Cap_coral_reefs\New_version_of_the_project\website\benthic_datasets\mask_labels\reef_support\SEAVIEW_ATL\images\24026180101.jpg
image,24026180201,24026180201.jpg,C:\Users\20231807\Documents\GitHub\Cap_coral_reefs\New_version_of_the_project\website\benthic_datasets\mask_labels\reef_support\SEAVIEW_ATL\images\24026180201.jpg
image,24026180401,24026180401.jpg,C:\Users\20231807\Documents\GitHub\Cap_coral_reefs\New_version_of_the_project\website\benthic_datasets\mask_labels\reef_support\SEAVIEW_ATL\images\24026180401.jpg
image,24026181006,24026181006.jpg,C:\Users\20231807\Documents\GitHub\Cap_coral_reefs\New_version_of_the_project\website\benthic_datasets\mask_labels\reef_support\SEAVIEW_ATL\images\24026181006.jpg
image,24026181102,24026181102.jpg,C:\Users\20231807\Documents\GitHub\Cap_coral_reefs\New_version_of_the_project\website\benthic_datasets\mask_labels\reef_support\SEAVIEW_ATL\images\24026181102.jpg
image,24026181201,24026181201.jpg,C:\Users\20231807\Documents\GitHub\Cap_coral_reefs\New_version_of_the_project\website\benthic_datasets\mask_labels\reef_support\SEAVIEW_ATL\images\24026181201.jpg
image,24026181401,24026181401.jpg,C:\Users\20231807\Documents\GitHub\Cap_coral_reefs\New_version_of_the_project\website\benthic_datasets\mask_labels\reef_support\SEAVIEW_ATL\images\24026181401.jpg
image,24026181501,24026181501.jpg,C:\Users\20231807\Documents\GitHub\Cap_coral_reefs\New_version_of_the_project\website\benthic_datasets\mask_labels\reef_support\SEAVIEW_ATL\images\24026181501.jpg
image,24026181701,24026181701.jpg,C:\Users\20231807\Documents\GitHub\Cap_coral_reefs\New_version_of_the_project\website\benthic_datasets\mask_labels\reef_support\SEAVIEW_ATL\images\24026181701.jpg
image,24026181901,24026181901.jpg,C:\Users\20231807\Documents\GitHub\Cap_coral_reefs\New_version_of_the_project\website\benthic_datasets\mask_labels\reef_support\SEAVIEW_ATL\images\24026181901.jpg
image,24026197901,24026197901.jpg,C:\Users\20231807\Documents\GitHub\Cap_coral_reefs\New_version_of_the_project\website\benthic_datasets\mask_labels\reef_support\SEAVIEW_ATL\images\24026197901.jpg
image,24026202701,24026202701.jpg,C:\Users\20231807\Documents\GitHub\Cap_coral_reefs\New_version_of_the_project\website\benthic_datasets\mask_labels\reef_support\SEAVIEW_ATL\images\24026202701.jpg
image,24027220901,24027220901.jpg,C:\Users\20231807\Documents\GitHub\Cap_coral_reefs\New_version_of_the_project\website\benthic_datasets\mask_labels\reef_support\SEAVIEW_ATL\images\24027220901.jpg
image,24027301401,24027301401.jpg,C:\Users\20231807\Documents\GitHub\Cap_coral_reefs\New_version_of_the_project\website\benthic_datasets\mask_labels\reef_support\SEAVIEW_ATL\images\24027301401.jpg
image,24027301601,24027301601.jpg,C:\Users\20231807\Documents\GitHub\Cap_coral_reefs\New_version_of_the_project\website\benthic_datasets\mask_labels\reef_support\SEAVIEW_ATL\images\24027301601.jpg
image,24027302001,24027302001.jpg,C:\Users\20231807\Documents\GitHub\Cap_coral_reefs\New_version_of_the_project\website\benthic_datasets\mask_labels\reef_support\SEAVIEW_ATL\images\24027302001.jpg
image,24027302201,24027302201.jpg,C:\Users\20231807\Documents\GitHub\Cap_coral_reefs\New_version_of_the_project\website\benthic_datasets\mask_labels\reef_support\SEAVIEW_ATL\images\24027302201.jpg
image,24027302401,24027302401.jpg,C:\Users\20231807\Documents\GitHub\Cap_coral_reefs\New_version_of_the_project\website\benthic_datasets\mask_labels\reef_support\SEAVIEW_ATL\images\24027302401.jpg
image,24027302502,24027302502.jpg,C:\Users\20231807\Documents\GitHub\Cap_coral_reefs\New_version_of_the_project\website\benthic_datasets\mask_labels\reef_support\SEAVIEW_ATL\images\24027302502.jpg
image,24027302701,24027302701.jpg,C:\Users\20231807\Documents\GitHub\Cap_coral_reefs\New_version_of_the_project\website\benthic_datasets\mask_labels\reef_support\SEAVIEW_ATL\images\24027302701.jpg
image,24027302802,24027302802.jpg,C:\Users\20231807\Documents\GitHub\Cap_coral_reefs\New_version_of_the_project\website\benthic_datasets\mask_labels\reef_support\SEAVIEW_ATL\images\24027302802.jpg
image,24027302901,24027302901.jpg,C:\Users\20231807\Documents\GitHub\Cap_coral_reefs\New_version_of_the_project\website\benthic_datasets\mask_labels\reef_support\SEAVIEW_ATL\images\24027302901.jpg
image,24027303001,24027303001.jpg,C:\Users\20231807\Documents\GitHub\Cap_coral_reefs\New_version_of_the_project\website\benthic_datasets\mask_labels\reef_support\SEAVIEW_ATL\images\24027303001.jpg
image,24027303102,24027303102.jpg,C:\Users\20231807\Documents\GitHub\Cap_coral_reefs\New_version_of_the_project\website\benthic_datasets\mask_labels\reef_support\SEAVIEW_ATL\images\24027303102.jpg
image,24027303201,24027303201.jpg,C:\Users\20231807\Documents\GitHub\Cap_coral_reefs\New_version_of_the_project\website\benthic_datasets\mask_labels\reef_support\SEAVIEW_ATL\images\24027303201.jpg
image,24027303302,24027303302.jpg,C:\Users\20231807\Documents\GitHub\Cap_coral_reefs\New_version_of_the_project\website\benthic_datasets\mask_labels\reef_support\SEAVIEW_ATL\images\24027303302.jpg
image,24027303402,24027303402.jpg,C:\Users\20231807\Documents\GitHub\Cap_coral_reefs\New_version_of_the_project\website\benthic_datasets\mask_labels\reef_support\SEAVIEW_ATL\images\24027303402.jpg
image,24027303501,24027303501.jpg,C:\Users\20231807\Documents\GitHub\Cap_coral_reefs\New_version_of_the_project\website\benthic_datasets\mask_labels\reef_support\SEAVIEW_ATL\images\24027303501.jpg
image,24027303701,24027303701.jpg,C:\Users\20231807\Documents\GitHub\Cap_coral_reefs\New_version_of_the_project\website\benthic_datasets\mask_labels\reef_support\SEAVIEW_ATL\images\24027303701.jpg
image,24028012601,24028012601.jpg,C:\Users\20231807\Documents\GitHub\Cap_coral_reefs\New_version_of_the_project\website\benthic_datasets\mask_labels\reef_support\SEAVIEW_ATL\images\24028012601.jpg
image,24029178001,24029178001.jpg,C:\Users\20231807\Documents\GitHub\Cap_coral_reefs\New_version_of_the_project\website\benthic_datasets\mask_labels\reef_support\SEAVIEW_ATL\images\24029178001.jpg
image,24029178102,24029178102.jpg,C:\Users\20231807\Documents\GitHub\Cap_coral_reefs\New_version_of_the_project\website\benthic_datasets\mask_labels\reef_support\SEAVIEW_ATL\images\24029178102.jpg
image,24029178402,24029178402.jpg,C:\Users\20231807\Documents\GitHub\Cap_coral_reefs\New_version_of_the_project\website\benthic_datasets\mask_labels\reef_support\SEAVIEW_ATL\images\24029178402.jpg
image,24029178602,24029178602.jpg,C:\Users\20231807\Documents\GitHub\Cap_coral_reefs\New_version_of_the_project\website\benthic_datasets\mask_labels\reef_support\SEAVIEW_ATL\images\24029178602.jpg
image,24029178801,24029178801.jpg,C:\Users\20231807\Documents\GitHub\Cap_coral_reefs\New_version_of_the_project\website\benthic_datasets\mask_labels\reef_support\SEAVIEW_ATL\images\24029178801.jpg
image,24029179101,24029179101.jpg,C:\Users\20231807\Documents\GitHub\Cap_coral_reefs\New_version_of_the_project\website\benthic_datasets\mask_labels\reef_support\SEAVIEW_ATL\images\24029179101.jpg
image,24029179601,24029179601.jpg,C:\Users\20231807\Documents\GitHub\Cap_coral_reefs\New_version_of_the_project\website\benthic_datasets\mask_labels\reef_support\SEAVIEW_ATL\images\24029179601.jpg
image,24029179902,24029179902.jpg,C:\Users\20231807\Documents\GitHub\Cap_coral_reefs\New_version_of_the_project\website\benthic_datasets\mask_labels\reef_support\SEAVIEW_ATL\images\24029179902.jpg
image,24029180001,24029180001.jpg,C:\Users\20231807\Documents\GitHub\Cap_coral_reefs\New_version_of_the_project\website\benthic_datasets\mask_labels\reef_support\SEAVIEW_ATL\images\24029180001.jpg
image,24029180301,24029180301.jpg,C:\Users\20231807\Documents\GitHub\Cap_coral_reefs\New_version_of_the_project\website\benthic_datasets\mask_labels\reef_support\SEAVIEW_ATL\images\24029180301.jpg
image,24029180402,24029180402.jpg,C:\Users\20231807\Documents\GitHub\Cap_coral_reefs\New_version_of_the_project\website\benthic_datasets\mask_labels\reef_support\SEAVIEW_ATL\images\24029180402.jpg
image,24032104901,24032104901.jpg,C:\Users\20231807\Documents\GitHub\Cap_coral_reefs\New_version_of_the_project\website\benthic_datasets\mask_labels\reef_support\SEAVIEW_ATL\images\24032104901.jpg
image,24032127201,24032127201.jpg,C:\Users\20231807\Documents\GitHub\Cap_coral_reefs\New_version_of_the_project\website\benthic_datasets\mask_labels\reef_support\SEAVIEW_ATL\images\24032127201.jpg
image,24032127301,24032127301.jpg,C:\Users\20231807\Documents\GitHub\Cap_coral_reefs\New_version_of_the_project\website\benthic_datasets\mask_labels\reef_support\SEAVIEW_ATL\images\24032127301.jpg
image,24032127501,24032127501.jpg,C:\Users\20231807\Documents\GitHub\Cap_coral_reefs\New_version_of_the_project\website\benthic_datasets\mask_labels\reef_support\SEAVIEW_ATL\images\24032127501.jpg
image,24032127701,24032127701.jpg,C:\Users\20231807\Documents\GitHub\Cap_coral_reefs\New_version_of_the_project\website\benthic_datasets\mask_labels\reef_support\SEAVIEW_ATL\images\24032127701.jpg
image,24032128101,24032128101.jpg,C:\Users\20231807\Documents\GitHub\Cap_coral_reefs\New_version_of_the_project\website\benthic_datasets\mask_labels\reef_support\SEAVIEW_ATL\images\24032128101.jpg
image,24032128301,24032128301.jpg,C:\Users\20231807\Documents\GitHub\Cap_coral_reefs\New_version_of_the_project\website\benthic_datasets\mask_labels\reef_support\SEAVIEW_ATL\images\24032128301.jpg
image,24032128501,24032128501.jpg,C:\Users\20231807\Documents\GitHub\Cap_coral_reefs\New_version_of_the_project\website\benthic_datasets\mask_labels\reef_support\SEAVIEW_ATL\images\24032128501.jpg
image,24032128601,24032128601.jpg,C:\Users\20231807\Documents\GitHub\Cap_coral_reefs\New_version_of_the_project\website\benthic_datasets\mask_labels\reef_support\SEAVIEW_ATL\images\24032128601.jpg
image,24032128801,24032128801.jpg,C:\Users\20231807\Documents\GitHub\Cap_coral_reefs\New_version_of_the_project\website\benthic_datasets\mask_labels\reef_support\SEAVIEW_ATL\images\24032128801.jpg
image,24032129101,24032129101.jpg,C:\Users\20231807\Documents\GitHub\Cap_coral_reefs\New_version_of_the_project\website\benthic_datasets\mask_labels\reef_support\SEAVIEW_ATL\images\24032129101.jpg
image,24032129301,24032129301.jpg,C:\Users\20231807\Documents\GitHub\Cap_coral_reefs\New_version_of_the_project\website\benthic_datasets\mask_labels\reef_support\SEAVIEW_ATL\images\24032129301.jpg
image,24032129401,24032129401.jpg,C:\Users\20231807\Documents\GitHub\Cap_coral_reefs\New_version_of_the_project\website\benthic_datasets\mask_labels\reef_support\SEAVIEW_ATL\images\24032129401.jpg
image,24033227902,24033227902.jpg,C:\Users\20231807\Documents\GitHub\Cap_coral_reefs\New_version_of_the_project\website\benthic_datasets\mask_labels\reef_support\SEAVIEW_ATL\images\24033227902.jpg
image,24033230502,24033230502.jpg,C:\Users\20231807\Documents\GitHub\Cap_coral_reefs\New_version_of_the_project\website\benthic_datasets\mask_labels\reef_support\SEAVIEW_ATL\images\24033230502.jpg
image,24033231502,24033231502.jpg,C:\Users\20231807\Documents\GitHub\Cap_coral_reefs\New_version_of_the_project\website\benthic_datasets\mask_labels\reef_support\SEAVIEW_ATL\images\24033231502.jpg
image,24044080901,24044080901.jpg,C:\Users\20231807\Documents\GitHub\Cap_coral_reefs\New_version_of_the_project\website\benthic_datasets\mask_labels\reef_support\SEAVIEW_ATL\images\24044080901.jpg
image,24044095401,24044095401.jpg,C:\Users\20231807\Documents\GitHub\Cap_coral_reefs\New_version_of_the_project\website\benthic_datasets\mask_labels\reef_support\SEAVIEW_ATL\images\24044095401.jpg
image,24044095801,24044095801.jpg,C:\Users\20231807\Documents\GitHub\Cap_coral_reefs\New_version_of_the_project\website\benthic_datasets\mask_labels\reef_support\SEAVIEW_ATL\images\24044095801.jpg
image,24044096601,24044096601.jpg,C:\Users\20231807\Documents\GitHub\Cap_coral_reefs\New_version_of_the_project\website\benthic_datasets\mask_labels\reef_support\SEAVIEW_ATL\images\24044096601.jpg
image,24044096901,24044096901.jpg,C:\Users\20231807\Documents\GitHub\Cap_coral_reefs\New_version_of_the_project\website\benthic_datasets\mask_labels\reef_support\SEAVIEW_ATL\images\24044096901.jpg
image,24044097001,24044097001.jpg,C:\Users\20231807\Documents\GitHub\Cap_coral_reefs\New_version_of_the_project\website\benthic_datasets\mask_labels\reef_support\SEAVIEW_ATL\images\24044097001.jpg
image,24044097201,24044097201.jpg,C:\Users\20231807\Documents\GitHub\Cap_coral_reefs\New_version_of_the_project\website\benthic_datasets\mask_labels\reef_support\SEAVIEW_ATL\images\24044097201.jpg
image,24044097501,24044097501.jpg,C:\Users\20231807\Documents\GitHub\Cap_coral_reefs\New_version_of_the_project\website\benthic_datasets\mask_labels\reef_support\SEAVIEW_ATL\images\24044097501.jpg
image,24045035302,24045035302.jpg,C:\Users\20231807\Documents\GitHub\Cap_coral_reefs\New_version_of_the_project\website\benthic_datasets\mask_labels\reef_support\SEAVIEW_ATL\images\24045035302.jpg
image,24045068102,24045068102.jpg,C:\Users\20231807\Documents\GitHub\Cap_coral_reefs\New_version_of_the_project\website\benthic_datasets\mask_labels\reef_support\SEAVIEW_ATL\images\24045068102.jpg
image,25001008201,25001008201.jpg,C:\Users\20231807\Documents\GitHub\Cap_coral_reefs\New_version_of_the_project\website\benthic_datasets\mask_labels\reef_support\SEAVIEW_ATL\images\25001008201.jpg
image,25001009501,25001009501.jpg,C:\Users\20231807\Documents\GitHub\Cap_coral_reefs\New_version_of_the_project\website\benthic_datasets\mask_labels\reef_support\SEAVIEW_ATL\images\25001009501.jpg
image,25007085701,25007085701.jpg,C:\Users\20231807\Documents\GitHub\Cap_coral_reefs\New_version_of_the_project\website\benthic_datasets\mask_labels\reef_support\SEAVIEW_ATL\images\25007085701.jpg
image,25009010301,25009010301.jpg,C:\Users\20231807\Documents\GitHub\Cap_coral_reefs\New_version_of_the_project\website\benthic_datasets\mask_labels\reef_support\SEAVIEW_ATL\images\25009010301.jpg
image,25009010601,25009010601.jpg,C:\Users\20231807\Documents\GitHub\Cap_coral_reefs\New_version_of_the_project\website\benthic_datasets\mask_labels\reef_support\SEAVIEW_ATL\images\25009010601.jpg
image,25009010801,25009010801.jpg,C:\Users\20231807\Documents\GitHub\Cap_coral_reefs\New_version_of_the_project\website\benthic_datasets\mask_labels\reef_support\SEAVIEW_ATL\images\25009010801.jpg
image,25009011201,25009011201.jpg,C:\Users\20231807\Documents\GitHub\Cap_coral_reefs\New_version_of_the_project\website\benthic_datasets\mask_labels\reef_support\SEAVIEW_ATL\images\25009011201.jpg
image,25009011401,25009011401.jpg,C:\Users\20231807\Documents\GitHub\Cap_coral_reefs\New_version_of_the_project\website\benthic_datasets\mask_labels\reef_support\SEAVIEW_ATL\images\25009011401.jpg
image,25009011601,25009011601.jpg,C:\Users\20231807\Documents\GitHub\Cap_coral_reefs\New_version_of_the_project\website\benthic_datasets\mask_labels\reef_support\SEAVIEW_ATL\images\25009011601.jpg
image,25009011901,25009011901.jpg,C:\Users\20231807\Documents\GitHub\Cap_coral_reefs\New_version_of_the_project\website\benthic_datasets\mask_labels\reef_support\SEAVIEW_ATL\images\25009011901.jpg
image,25009012001,25009012001.jpg,C:\Users\20231807\Documents\GitHub\Cap_coral_reefs\New_version_of_the_project\website\benthic_datasets\mask_labels\reef_support\SEAVIEW_ATL\images\25009012001.jpg
image,25009012201,25009012201.jpg,C:\Users\20231807\Documents\GitHub\Cap_coral_reefs\New_version_of_the_project\website\benthic_datasets\mask_labels\reef_support\SEAVIEW_ATL\images\25009012201.jpg
image,25009012401,25009012401.jpg,C:\Users\20231807\Documents\GitHub\Cap_coral_reefs\New_version_of_the_project\website\benthic_datasets\mask_labels\reef_support\SEAVIEW_ATL\images\25009012401.jpg
image,25015006501,25015006501.jpg,C:\Users\20231807\Documents\GitHub\Cap_coral_reefs\New_version_of_the_project\website\benthic_datasets\mask_labels\reef_support\SEAVIEW_ATL\images\25015006501.jpg
image,25016075501,25016075501.jpg,C:\Users\20231807\Documents\GitHub\Cap_coral_reefs\New_version_of_the_project\website\benthic_datasets\mask_labels\reef_support\SEAVIEW_ATL\images\25016075501.jpg
image,25016076301,25016076301.jpg,C:\Users\20231807\Documents\GitHub\Cap_coral_reefs\New_version_of_the_project\website\benthic_datasets\mask_labels\reef_support\SEAVIEW_ATL\images\25016076301.jpg
image,25016136002,25016136002.jpg,C:\Users\20231807\Documents\GitHub\Cap_coral_reefs\New_version_of_the_project\website\benthic_datasets\mask_labels\reef_support\SEAVIEW_ATL\images\25016136002.jpg
image,25016136202,25016136202.jpg,C:\Users\20231807\Documents\GitHub\Cap_coral_reefs\New_version_of_the_project\website\benthic_datasets\mask_labels\reef_support\SEAVIEW_ATL\images\25016136202.jpg
image,25016136502,25016136502.jpg,C:\Users\20231807\Documents\GitHub\Cap_coral_reefs\New_version_of_the_project\website\benthic_datasets\mask_labels\reef_support\SEAVIEW_ATL\images\25016136502.jpg
image,25016136702,25016136702.jpg,C:\Users\20231807\Documents\GitHub\Cap_coral_reefs\New_version_of_the_project\website\benthic_datasets\mask_labels\reef_support\SEAVIEW_ATL\images\25016136702.jpg
image,25016137302,25016137302.jpg,C:\Users\20231807\Documents\GitHub\Cap_coral_reefs\New_version_of_the_project\website\benthic_datasets\mask_labels\reef_support\SEAVIEW_ATL\images\25016137302.jpg
image,25016138102,25016138102.jpg,C:\Users\20231807\Documents\GitHub\Cap_coral_reefs\New_version_of_the_project\website\benthic_datasets\mask_labels\reef_support\SEAVIEW_ATL\images\25016138102.jpg
image,25016138302,25016138302.jpg,C:\Users\20231807\Documents\GitHub\Cap_coral_reefs\New_version_of_the_project\website\benthic_datasets\mask_labels\reef_support\SEAVIEW_ATL\images\25016138302.jpg
image,25017147501,25017147501.jpg,C:\Users\20231807\Documents\GitHub\Cap_coral_reefs\New_version_of_the_project\website\benthic_datasets\mask_labels\reef_support\SEAVIEW_ATL\images\25017147501.jpg
image,25017185701,25017185701.jpg,C:\Users\20231807\Documents\GitHub\Cap_coral_reefs\New_version_of_the_project\website\benthic_datasets\mask_labels\reef_support\SEAVIEW_ATL\images\25017185701.jpg
image,25018041101,25018041101.jpg,C:\Users\20231807\Documents\GitHub\Cap_coral_reefs\New_version_of_the_project\website\benthic_datasets\mask_labels\reef_support\SEAVIEW_ATL\images\25018041101.jpg
image,25018041301,25018041301.jpg,C:\Users\20231807\Documents\GitHub\Cap_coral_reefs\New_version_of_the_project\website\benthic_datasets\mask_labels\reef_support\SEAVIEW_ATL\images\25018041301.jpg
image,25018041401,25018041401.jpg,C:\Users\20231807\Documents\GitHub\Cap_coral_reefs\New_version_of_the_project\website\benthic_datasets\mask_labels\reef_support\SEAVIEW_ATL\images\25018041401.jpg
image,25018041601,25018041601.jpg,C:\Users\20231807\Documents\GitHub\Cap_coral_reefs\New_version_of_the_project\website\benthic_datasets\mask_labels\reef_support\SEAVIEW_ATL\images\25018041601.jpg
image,25018041801,25018041801.jpg,C:\Users\20231807\Documents\GitHub\Cap_coral_reefs\New_version_of_the_project\website\benthic_datasets\mask_labels\reef_support\SEAVIEW_ATL\images\25018041801.jpg
image,25018042201,25018042201.jpg,C:\Users\20231807\Documents\GitHub\Cap_coral_reefs\New_version_of_the_project\website\benthic_datasets\mask_labels\reef_support\SEAVIEW_ATL\images\25018042201.jpg
image,25018042401,25018042401.jpg,C:\Users\20231807\Documents\GitHub\Cap_coral_reefs\New_version_of_the_project\website\benthic_datasets\mask_labels\reef_support\SEAVIEW_ATL\images\25018042401.jpg
image,25018042601,25018042601.jpg,C:\Users\20231807\Documents\GitHub\Cap_coral_reefs\New_version_of_the_project\website\benthic_datasets\mask_labels\reef_support\SEAVIEW_ATL\images\25018042601.jpg
image,25018042701,25018042701.jpg,C:\Users\20231807\Documents\GitHub\Cap_coral_reefs\New_version_of_the_project\website\benthic_datasets\mask_labels\reef_support\SEAVIEW_ATL\images\25018042701.jpg
image,25018042901,25018042901.jpg,C:\Users\20231807\Documents\GitHub\Cap_coral_reefs\New_version_of_the_project\website\benthic_datasets\mask_labels\reef_support\SEAVIEW_ATL\images\25018042901.jpg
image,25032120501,25032120501.jpg,C:\Users\20231807\Documents\GitHub\Cap_coral_reefs\New_version_of_the_project\website\benthic_datasets\mask_labels\reef_support\SEAVIEW_ATL\images\25032120501.jpg
image,25032120601,25032120601.jpg,C:\Users\20231807\Documents\GitHub\Cap_coral_reefs\New_version_of_the_project\website\benthic_datasets\mask_labels\reef_support\SEAVIEW_ATL\images\25032120601.jpg
image,25032120801,25032120801.jpg,C:\Users\20231807\Documents\GitHub\Cap_coral_reefs\New_version_of_the_project\website\benthic_datasets\mask_labels\reef_support\SEAVIEW_ATL\images\25032120801.jpg
image,25032121101,25032121101.jpg,C:\Users\20231807\Documents\GitHub\Cap_coral_reefs\New_version_of_the_project\website\benthic_datasets\mask_labels\reef_support\SEAVIEW_ATL\images\25032121101.jpg
image,25032121301,25032121301.jpg,C:\Users\20231807\Documents\GitHub\Cap_coral_reefs\New_version_of_the_project\website\benthic_datasets\mask_labels\reef_support\SEAVIEW_ATL\images\25032121301.jpg
image,25032121401,25032121401.jpg,C:\Users\20231807\Documents\GitHub\Cap_coral_reefs\New_version_of_the_project\website\benthic_datasets\mask_labels\reef_support\SEAVIEW_ATL\images\25032121401.jpg
image,25032121601,25032121601.jpg,C:\Users\20231807\Documents\GitHub\Cap_coral_reefs\New_version_of_the_project\website\benthic_datasets\mask_labels\reef_support\SEAVIEW_ATL\images\25032121601.jpg
image,25032122101,25032122101.jpg,C:\Users\20231807\Documents\GitHub\Cap_coral_reefs\New_version_of_the_project\website\benthic_datasets\mask_labels\reef_support\SEAVIEW_ATL\images\25032122101.jpg
image,25032122201,25032122201.jpg,C:\Users\20231807\Documents\GitHub\Cap_coral_reefs\New_version_of_the_project\website\benthic_datasets\mask_labels\reef_support\SEAVIEW_ATL\images\25032122201.jpg
image,25033029901,25033029901.jpg,C:\Users\20231807\Documents\GitHub\Cap_coral_reefs\New_version_of_the_project\website\benthic_datasets\mask_labels\reef_support\SEAVIEW_ATL\images\25033029901.jpg
image,25033076101,25033076101.jpg,C:\Users\20231807\Documents\GitHub\Cap_coral_reefs\New_version_of_the_project\website\benthic_datasets\mask_labels\reef_support\SEAVIEW_ATL\images\25033076101.jpg
image,25033076201,25033076201.jpg,C:\Users\20231807\Documents\GitHub\Cap_coral_reefs\New_version_of_the_project\website\benthic_datasets\mask_labels\reef_support\SEAVIEW_ATL\images\25033076201.jpg
image,25033076401,25033076401.jpg,C:\Users\20231807\Documents\GitHub\Cap_coral_reefs\New_version_of_the_project\website\benthic_datasets\mask_labels\reef_support\SEAVIEW_ATL\images\25033076401.jpg
image,25033076901,25033076901.jpg,C:\Users\20231807\Documents\GitHub\Cap_coral_reefs\New_version_of_the_project\website\benthic_datasets\mask_labels\reef_support\SEAVIEW_ATL\images\25033076901.jpg
image,25033077001,25033077001.jpg,C:\Users\20231807\Documents\GitHub\Cap_coral_reefs\New_version_of_the_project\website\benthic_datasets\mask_labels\reef_support\SEAVIEW_ATL\images\25033077001.jpg
image,25033077201,25033077201.jpg,C:\Users\20231807\Documents\GitHub\Cap_coral_reefs\New_version_of_the_project\website\benthic_datasets\mask_labels\reef_support\SEAVIEW_ATL\images\25033077201.jpg
image,25033077401,25033077401.jpg,C:\Users\20231807\Documents\GitHub\Cap_coral_reefs\New_version_of_the_project\website\benthic_datasets\mask_labels\reef_support\SEAVIEW_ATL\images\25033077401.jpg
image,25033077501,25033077501.jpg,C:\Users\20231807\Documents\GitHub\Cap_coral_reefs\New_version_of_the_project\website\benthic_datasets\mask_labels\reef_support\SEAVIEW_ATL\images\25033077501.jpg
image,25033077701,25033077701.jpg,C:\Users\20231807\Documents\GitHub\Cap_coral_reefs\New_version_of_the_project\website\benthic_datasets\mask_labels\reef_support\SEAVIEW_ATL\images\25033077701.jpg
image,25033077901,25033077901.jpg,C:\Users\20231807\Documents\GitHub\Cap_coral_reefs\New_version_of_the_project\website\benthic_datasets\mask_labels\reef_support\SEAVIEW_ATL\images\25033077901.jpg
mask,26009009801_mask,26009009801_mask.png,C:\Users\20231807\Documents\GitHub\Cap_coral_reefs\New_version_of_the_project\website\benthic_datasets\mask_labels\reef_support\SEAVIEW_IDN_PHL\masks_stitched\26009009801_mask.png
mask,26009010301_mask,26009010301_mask.png,C:\Users\20231807\Documents\GitHub\Cap_coral_reefs\New_version_of_the_project\website\benthic_datasets\mask_labels\reef_support\SEAVIEW_IDN_PHL\masks_stitched\26009010301_mask.png
mask,26009010701_mask,26009010701_mask.png,C:\Users\20231807\Documents\GitHub\Cap_coral_reefs\New_version_of_the_project\website\benthic_datasets\mask_labels\reef_support\SEAVIEW_IDN_PHL\masks_stitched\26009010701_mask.png
mask,26009010901_mask,26009010901_mask.png,C:\Users\20231807\Documents\GitHub\Cap_coral_reefs\New_version_of_the_project\website\benthic_datasets\mask_labels\reef_support\SEAVIEW_IDN_PHL\masks_stitched\26009010901_mask.png
mask,26009011901_mask,26009011901_mask.png,C:\Users\20231807\Documents\GitHub\Cap_coral_reefs\New_version_of_the_project\website\benthic_datasets\mask_labels\reef_support\SEAVIEW_IDN_PHL\masks_stitched\26009011901_mask.png
mask,26009039201_mask,26009039201_mask.png,C:\Users\20231807\Documents\GitHub\Cap_coral_reefs\New_version_of_the_project\website\benthic_datasets\mask_labels\reef_support\SEAVIEW_IDN_PHL\masks_stitched\26009039201_mask.png
mask,26009051501_mask,26009051501_mask.png,C:\Users\20231807\Documents\GitHub\Cap_coral_reefs\New_version_of_the_project\website\benthic_datasets\mask_labels\reef_support\SEAVIEW_IDN_PHL\masks_stitched\26009051501_mask.png
mask,26009055601_mask,26009055601_mask.png,C:\Users\20231807\Documents\GitHub\Cap_coral_reefs\New_version_of_the_project\website\benthic_datasets\mask_labels\reef_support\SEAVIEW_IDN_PHL\masks_stitched\26009055601_mask.png
mask,26009064101_mask,26009064101_mask.png,C:\Users\20231807\Documents\GitHub\Cap_coral_reefs\New_version_of_the_project\website\benthic_datasets\mask_labels\reef_support\SEAVIEW_IDN_PHL\masks_stitched\26009064101_mask.png
mask,26010099801_mask,26010099801_mask.png,C:\Users\20231807\Documents\GitHub\Cap_coral_reefs\New_version_of_the_project\website\benthic_datasets\mask_labels\reef_support\SEAVIEW_IDN_PHL\masks_stitched\26010099801_mask.png
mask,26010140401_mask,26010140401_mask.png,C:\Users\20231807\Documents\GitHub\Cap_coral_reefs\New_version_of_the_project\website\benthic_datasets\mask_labels\reef_support\SEAVIEW_IDN_PHL\masks_stitched\26010140401_mask.png
mask,26010148301_mask,26010148301_mask.png,C:\Users\20231807\Documents\GitHub\Cap_coral_reefs\New_version_of_the_project\website\benthic_datasets\mask_labels\reef_support\SEAVIEW_IDN_PHL\masks_stitched\26010148301_mask.png
mask,26010148501_mask,26010148501_mask.png,C:\Users\20231807\Documents\GitHub\Cap_coral_reefs\New_version_of_the_project\website\benthic_datasets\mask_labels\reef_support\SEAVIEW_IDN_PHL\masks_stitched\26010148501_mask.png
mask,26010154101_mask,26010154101_mask.png,C:\Users\20231807\Documents\GitHub\Cap_coral_reefs\New_version_of_the_project\website\benthic_datasets\mask_labels\reef_support\SEAVIEW_IDN_PHL\masks_stitched\26010154101_mask.png
mask,26010168101_mask,26010168101_mask.png,C:\Users\20231807\Documents\GitHub\Cap_coral_reefs\New_version_of_the_project\website\benthic_datasets\mask_labels\reef_support\SEAVIEW_IDN_PHL\masks_stitched\26010168101_mask.png
mask,26010177301_mask,26010177301_mask.png,C:\Users\20231807\Documents\GitHub\Cap_coral_reefs\New_version_of_the_project\website\benthic_datasets\mask_labels\reef_support\SEAVIEW_IDN_PHL\masks_stitched\26010177301_mask.png
mask,26010177501_mask,26010177501_mask.png,C:\Users\20231807\Documents\GitHub\Cap_coral_reefs\New_version_of_the_project\website\benthic_datasets\mask_labels\reef_support\SEAVIEW_IDN_PHL\masks_stitched\26010177501_mask.png
mask,26010178501_mask,26010178501_mask.png,C:\Users\20231807\Documents\GitHub\Cap_coral_reefs\New_version_of_the_project\website\benthic_datasets\mask_labels\reef_support\SEAVIEW_IDN_PHL\masks_stitched\26010178501_mask.png
mask,26010178701_mask,26010178701_mask.png,C:\Users\20231807\Documents\GitHub\Cap_coral_reefs\New_version_of_the_project\website\benthic_datasets\mask_labels\reef_support\SEAVIEW_IDN_PHL\masks_stitched\26010178701_mask.png
mask,26010178901_mask,26010178901_mask.png,C:\Users\20231807\Documents\GitHub\Cap_coral_reefs\New_version_of_the_project\website\benthic_datasets\mask_labels\reef_support\SEAVIEW_IDN_PHL\masks_stitched\26010178901_mask.png
mask,26010179101_mask,26010179101_mask.png,C:\Users\20231807\Documents\GitHub\Cap_coral_reefs\New_version_of_the_project\website\benthic_datasets\mask_labels\reef_support\SEAVIEW_IDN_PHL\masks_stitched\26010179101_mask.png
mask,26010179301_mask,26010179301_mask.png,C:\Users\20231807\Documents\GitHub\Cap_coral_reefs\New_version_of_the_project\website\benthic_datasets\mask_labels\reef_support\SEAVIEW_IDN_PHL\masks_stitched\26010179301_mask.png
mask,26010179501_mask,26010179501_mask.png,C:\Users\20231807\Documents\GitHub\Cap_coral_reefs\New_version_of_the_project\website\benthic_datasets\mask_labels\reef_support\SEAVIEW_IDN_PHL\masks_stitched\26010179501_mask.png
mask,26010179701_mask,26010179701_mask.png,C:\Users\20231807\Documents\GitHub\Cap_coral_reefs\New_version_of_the_project\website\benthic_datasets\mask_labels\reef_support\SEAVIEW_IDN_PHL\masks_stitched\26010179701_mask.png
mask,26012003401_mask,26012003401_mask.png,C:\Users\20231807\Documents\GitHub\Cap_coral_reefs\New_version_of_the_project\website\benthic_datasets\mask_labels\reef_support\SEAVIEW_IDN_PHL\masks_stitched\26012003401_mask.png
mask,26012003601_mask,26012003601_mask.png,C:\Users\20231807\Documents\GitHub\Cap_coral_reefs\New_version_of_the_project\website\benthic_datasets\mask_labels\reef_support\SEAVIEW_IDN_PHL\masks_stitched\26012003601_mask.png
mask,26013130401_mask,26013130401_mask.png,C:\Users\20231807\Documents\GitHub\Cap_coral_reefs\New_version_of_the_project\website\benthic_datasets\mask_labels\reef_support\SEAVIEW_IDN_PHL\masks_stitched\26013130401_mask.png
mask,26013132801_mask,26013132801_mask.png,C:\Users\20231807\Documents\GitHub\Cap_coral_reefs\New_version_of_the_project\website\benthic_datasets\mask_labels\reef_support\SEAVIEW_IDN_PHL\masks_stitched\26013132801_mask.png
mask,26013133001_mask,26013133001_mask.png,C:\Users\20231807\Documents\GitHub\Cap_coral_reefs\New_version_of_the_project\website\benthic_datasets\mask_labels\reef_support\SEAVIEW_IDN_PHL\masks_stitched\26013133001_mask.png
mask,26013133201_mask,26013133201_mask.png,C:\Users\20231807\Documents\GitHub\Cap_coral_reefs\New_version_of_the_project\website\benthic_datasets\mask_labels\reef_support\SEAVIEW_IDN_PHL\masks_stitched\26013133201_mask.png
mask,26013133401_mask,26013133401_mask.png,C:\Users\20231807\Documents\GitHub\Cap_coral_reefs\New_version_of_the_project\website\benthic_datasets\mask_labels\reef_support\SEAVIEW_IDN_PHL\masks_stitched\26013133401_mask.png
mask,26013133601_mask,26013133601_mask.png,C:\Users\20231807\Documents\GitHub\Cap_coral_reefs\New_version_of_the_project\website\benthic_datasets\mask_labels\reef_support\SEAVIEW_IDN_PHL\masks_stitched\26013133601_mask.png
mask,26013133801_mask,26013133801_mask.png,C:\Users\20231807\Documents\GitHub\Cap_coral_reefs\New_version_of_the_project\website\benthic_datasets\mask_labels\reef_support\SEAVIEW_IDN_PHL\masks_stitched\26013133801_mask.png
mask,26013134201_mask,26013134201_mask.png,C:\Users\20231807\Documents\GitHub\Cap_coral_reefs\New_version_of_the_project\website\benthic_datasets\mask_labels\reef_support\SEAVIEW_IDN_PHL\masks_stitched\26013134201_mask.png
mask,26013134401_mask,26013134401_mask.png,C:\Users\20231807\Documents\GitHub\Cap_coral_reefs\New_version_of_the_project\website\benthic_datasets\mask_labels\reef_support\SEAVIEW_IDN_PHL\masks_stitched\26013134401_mask.png
mask,26013135301_mask,26013135301_mask.png,C:\Users\20231807\Documents\GitHub\Cap_coral_reefs\New_version_of_the_project\website\benthic_datasets\mask_labels\reef_support\SEAVIEW_IDN_PHL\masks_stitched\26013135301_mask.png
mask,26013136301_mask,26013136301_mask.png,C:\Users\20231807\Documents\GitHub\Cap_coral_reefs\New_version_of_the_project\website\benthic_datasets\mask_labels\reef_support\SEAVIEW_IDN_PHL\masks_stitched\26013136301_mask.png
mask,32001007501_mask,32001007501_mask.png,C:\Users\20231807\Documents\GitHub\Cap_coral_reefs\New_version_of_the_project\website\benthic_datasets\mask_labels\reef_support\SEAVIEW_IDN_PHL\masks_stitched\32001007501_mask.png
mask,32001007701_mask,32001007701_mask.png,C:\Users\20231807\Documents\GitHub\Cap_coral_reefs\New_version_of_the_project\website\benthic_datasets\mask_labels\reef_support\SEAVIEW_IDN_PHL\masks_stitched\32001007701_mask.png
mask,32001007901_mask,32001007901_mask.png,C:\Users\20231807\Documents\GitHub\Cap_coral_reefs\New_version_of_the_project\website\benthic_datasets\mask_labels\reef_support\SEAVIEW_IDN_PHL\masks_stitched\32001007901_mask.png
mask,32001008101_mask,32001008101_mask.png,C:\Users\20231807\Documents\GitHub\Cap_coral_reefs\New_version_of_the_project\website\benthic_datasets\mask_labels\reef_support\SEAVIEW_IDN_PHL\masks_stitched\32001008101_mask.png
mask,32001008301_mask,32001008301_mask.png,C:\Users\20231807\Documents\GitHub\Cap_coral_reefs\New_version_of_the_project\website\benthic_datasets\mask_labels\reef_support\SEAVIEW_IDN_PHL\masks_stitched\32001008301_mask.png
mask,32001008501_mask,32001008501_mask.png,C:\Users\20231807\Documents\GitHub\Cap_coral_reefs\New_version_of_the_project\website\benthic_datasets\mask_labels\reef_support\SEAVIEW_IDN_PHL\masks_stitched\32001008501_mask.png
mask,32001008701_mask,32001008701_mask.png,C:\Users\20231807\Documents\GitHub\Cap_coral_reefs\New_version_of_the_project\website\benthic_datasets\mask_labels\reef_support\SEAVIEW_IDN_PHL\masks_stitched\32001008701_mask.png
mask,32001008901_mask,32001008901_mask.png,C:\Users\20231807\Documents\GitHub\Cap_coral_reefs\New_version_of_the_project\website\benthic_datasets\mask_labels\reef_support\SEAVIEW_IDN_PHL\masks_stitched\32001008901_mask.png
mask,32001009001_mask,32001009001_mask.png,C:\Users\20231807\Documents\GitHub\Cap_coral_reefs\New_version_of_the_project\website\benthic_datasets\mask_labels\reef_support\SEAVIEW_IDN_PHL\masks_stitched\32001009001_mask.png
mask,32001009201_mask,32001009201_mask.png,C:\Users\20231807\Documents\GitHub\Cap_coral_reefs\New_version_of_the_project\website\benthic_datasets\mask_labels\reef_support\SEAVIEW_IDN_PHL\masks_stitched\32001009201_mask.png
mask,32001009401_mask,32001009401_mask.png,C:\Users\20231807\Documents\GitHub\Cap_coral_reefs\New_version_of_the_project\website\benthic_datasets\mask_labels\reef_support\SEAVIEW_IDN_PHL\masks_stitched\32001009401_mask.png
mask,32001031801_mask,32001031801_mask.png,C:\Users\20231807\Documents\GitHub\Cap_coral_reefs\New_version_of_the_project\website\benthic_datasets\mask_labels\reef_support\SEAVIEW_IDN_PHL\masks_stitched\32001031801_mask.png
mask,32001034601_mask,32001034601_mask.png,C:\Users\20231807\Documents\GitHub\Cap_coral_reefs\New_version_of_the_project\website\benthic_datasets\mask_labels\reef_support\SEAVIEW_IDN_PHL\masks_stitched\32001034601_mask.png
mask,32001068501_mask,32001068501_mask.png,C:\Users\20231807\Documents\GitHub\Cap_coral_reefs\New_version_of_the_project\website\benthic_datasets\mask_labels\reef_support\SEAVIEW_IDN_PHL\masks_stitched\32001068501_mask.png
mask,32001088201_mask,32001088201_mask.png,C:\Users\20231807\Documents\GitHub\Cap_coral_reefs\New_version_of_the_project\website\benthic_datasets\mask_labels\reef_support\SEAVIEW_IDN_PHL\masks_stitched\32001088201_mask.png
mask,32002102201_mask,32002102201_mask.png,C:\Users\20231807\Documents\GitHub\Cap_coral_reefs\New_version_of_the_project\website\benthic_datasets\mask_labels\reef_support\SEAVIEW_IDN_PHL\masks_stitched\32002102201_mask.png
mask,32009258401_mask,32009258401_mask.png,C:\Users\20231807\Documents\GitHub\Cap_coral_reefs\New_version_of_the_project\website\benthic_datasets\mask_labels\reef_support\SEAVIEW_IDN_PHL\masks_stitched\32009258401_mask.png
mask,32009267601_mask,32009267601_mask.png,C:\Users\20231807\Documents\GitHub\Cap_coral_reefs\New_version_of_the_project\website\benthic_datasets\mask_labels\reef_support\SEAVIEW_IDN_PHL\masks_stitched\32009267601_mask.png
mask,32009267801_mask,32009267801_mask.png,C:\Users\20231807\Documents\GitHub\Cap_coral_reefs\New_version_of_the_project\website\benthic_datasets\mask_labels\reef_support\SEAVIEW_IDN_PHL\masks_stitched\32009267801_mask.png
mask,32009268201_mask,32009268201_mask.png,C:\Users\20231807\Documents\GitHub\Cap_coral_reefs\New_version_of_the_project\website\benthic_datasets\mask_labels\reef_support\SEAVIEW_IDN_PHL\masks_stitched\32009268201_mask.png
mask,32009268401_mask,32009268401_mask.png,C:\Users\20231807\Documents\GitHub\Cap_coral_reefs\New_version_of_the_project\website\benthic_datasets\mask_labels\reef_support\SEAVIEW_IDN_PHL\masks_stitched\32009268401_mask.png
mask,32009268601_mask,32009268601_mask.png,C:\Users\20231807\Documents\GitHub\Cap_coral_reefs\New_version_of_the_project\website\benthic_datasets\mask_labels\reef_support\SEAVIEW_IDN_PHL\masks_stitched\32009268601_mask.png
mask,32009269201_mask,32009269201_mask.png,C:\Users\20231807\Documents\GitHub\Cap_coral_reefs\New_version_of_the_project\website\benthic_datasets\mask_labels\reef_support\SEAVIEW_IDN_PHL\masks_stitched\32009269201_mask.png
mask,32009269401_mask,32009269401_mask.png,C:\Users\20231807\Documents\GitHub\Cap_coral_reefs\New_version_of_the_project\website\benthic_datasets\mask_labels\reef_support\SEAVIEW_IDN_PHL\masks_stitched\32009269401_mask.png
mask,32009269601_mask,32009269601_mask.png,C:\Users\20231807\Documents\GitHub\Cap_coral_reefs\New_version_of_the_project\website\benthic_datasets\mask_labels\reef_support\SEAVIEW_IDN_PHL\masks_stitched\32009269601_mask.png
mask,32009269801_mask,32009269801_mask.png,C:\Users\20231807\Documents\GitHub\Cap_coral_reefs\New_version_of_the_project\website\benthic_datasets\mask_labels\reef_support\SEAVIEW_IDN_PHL\masks_stitched\32009269801_mask.png
mask,32009270301_mask,32009270301_mask.png,C:\Users\20231807\Documents\GitHub\Cap_coral_reefs\New_version_of_the_project\website\benthic_datasets\mask_labels\reef_support\SEAVIEW_IDN_PHL\masks_stitched\32009270301_mask.png
mask,32009271301_mask,32009271301_mask.png,C:\Users\20231807\Documents\GitHub\Cap_coral_reefs\New_version_of_the_project\website\benthic_datasets\mask_labels\reef_support\SEAVIEW_IDN_PHL\masks_stitched\32009271301_mask.png
mask,32010006501_mask,32010006501_mask.png,C:\Users\20231807\Documents\GitHub\Cap_coral_reefs\New_version_of_the_project\website\benthic_datasets\mask_labels\reef_support\SEAVIEW_IDN_PHL\masks_stitched\32010006501_mask.png
mask,32010006701_mask,32010006701_mask.png,C:\Users\20231807\Documents\GitHub\Cap_coral_reefs\New_version_of_the_project\website\benthic_datasets\mask_labels\reef_support\SEAVIEW_IDN_PHL\masks_stitched\32010006701_mask.png
mask,32010006901_mask,32010006901_mask.png,C:\Users\20231807\Documents\GitHub\Cap_coral_reefs\New_version_of_the_project\website\benthic_datasets\mask_labels\reef_support\SEAVIEW_IDN_PHL\masks_stitched\32010006901_mask.png
mask,32010007101_mask,32010007101_mask.png,C:\Users\20231807\Documents\GitHub\Cap_coral_reefs\New_version_of_the_project\website\benthic_datasets\mask_labels\reef_support\SEAVIEW_IDN_PHL\masks_stitched\32010007101_mask.png
mask,32010007301_mask,32010007301_mask.png,C:\Users\20231807\Documents\GitHub\Cap_coral_reefs\New_version_of_the_project\website\benthic_datasets\mask_labels\reef_support\SEAVIEW_IDN_PHL\masks_stitched\32010007301_mask.png
mask,32010007701_mask,32010007701_mask.png,C:\Users\20231807\Documents\GitHub\Cap_coral_reefs\New_version_of_the_project\website\benthic_datasets\mask_labels\reef_support\SEAVIEW_IDN_PHL\masks_stitched\32010007701_mask.png
mask,32010007901_mask,32010007901_mask.png,C:\Users\20231807\Documents\GitHub\Cap_coral_reefs\New_version_of_the_project\website\benthic_datasets\mask_labels\reef_support\SEAVIEW_IDN_PHL\masks_stitched\32010007901_mask.png
mask,32010008101_mask,32010008101_mask.png,C:\Users\20231807\Documents\GitHub\Cap_coral_reefs\New_version_of_the_project\website\benthic_datasets\mask_labels\reef_support\SEAVIEW_IDN_PHL\masks_stitched\32010008101_mask.png
mask,32010008301_mask,32010008301_mask.png,C:\Users\20231807\Documents\GitHub\Cap_coral_reefs\New_version_of_the_project\website\benthic_datasets\mask_labels\reef_support\SEAVIEW_IDN_PHL\masks_stitched\32010008301_mask.png
mask,32010008501_mask,32010008501_mask.png,C:\Users\20231807\Documents\GitHub\Cap_coral_reefs\New_version_of_the_project\website\benthic_datasets\mask_labels\reef_support\SEAVIEW_IDN_PHL\masks_stitched\32010008501_mask.png
mask,32010008701_mask,32010008701_mask.png,C:\Users\20231807\Documents\GitHub\Cap_coral_reefs\New_version_of_the_project\website\benthic_datasets\mask_labels\reef_support\SEAVIEW_IDN_PHL\masks_stitched\32010008701_mask.png
mask,32010008901_mask,32010008901_mask.png,C:\Users\20231807\Documents\GitHub\Cap_coral_reefs\New_version_of_the_project\website\benthic_datasets\mask_labels\reef_support\SEAVIEW_IDN_PHL\masks_stitched\32010008901_mask.png
mask,32010009001_mask,32010009001_mask.png,C:\Users\20231807\Documents\GitHub\Cap_coral_reefs\New_version_of_the_project\website\benthic_datasets\mask_labels\reef_support\SEAVIEW_IDN_PHL\masks_stitched\32010009001_mask.png
mask,32010009201_mask,32010009201_mask.png,C:\Users\20231807\Documents\GitHub\Cap_coral_reefs\New_version_of_the_project\website\benthic_datasets\mask_labels\reef_support\SEAVIEW_IDN_PHL\masks_stitched\32010009201_mask.png
mask,32010016901_mask,32010016901_mask.png,C:\Users\20231807\Documents\GitHub\Cap_coral_reefs\New_version_of_the_project\website\benthic_datasets\mask_labels\reef_support\SEAVIEW_IDN_PHL\masks_stitched\32010016901_mask.png
mask,32010017201_mask,32010017201_mask.png,C:\Users\20231807\Documents\GitHub\Cap_coral_reefs\New_version_of_the_project\website\benthic_datasets\mask_labels\reef_support\SEAVIEW_IDN_PHL\masks_stitched\32010017201_mask.png
mask,32011066301_mask,32011066301_mask.png,C:\Users\20231807\Documents\GitHub\Cap_coral_reefs\New_version_of_the_project\website\benthic_datasets\mask_labels\reef_support\SEAVIEW_IDN_PHL\masks_stitched\32011066301_mask.png
mask,32011077101_mask,32011077101_mask.png,C:\Users\20231807\Documents\GitHub\Cap_coral_reefs\New_version_of_the_project\website\benthic_datasets\mask_labels\reef_support\SEAVIEW_IDN_PHL\masks_stitched\32011077101_mask.png
mask,32011086801_mask,32011086801_mask.png,C:\Users\20231807\Documents\GitHub\Cap_coral_reefs\New_version_of_the_project\website\benthic_datasets\mask_labels\reef_support\SEAVIEW_IDN_PHL\masks_stitched\32011086801_mask.png
mask,32012164201_mask,32012164201_mask.png,C:\Users\20231807\Documents\GitHub\Cap_coral_reefs\New_version_of_the_project\website\benthic_datasets\mask_labels\reef_support\SEAVIEW_IDN_PHL\masks_stitched\32012164201_mask.png
mask,32012168901_mask,32012168901_mask.png,C:\Users\20231807\Documents\GitHub\Cap_coral_reefs\New_version_of_the_project\website\benthic_datasets\mask_labels\reef_support\SEAVIEW_IDN_PHL\masks_stitched\32012168901_mask.png
mask,32016006201_mask,32016006201_mask.png,C:\Users\20231807\Documents\GitHub\Cap_coral_reefs\New_version_of_the_project\website\benthic_datasets\mask_labels\reef_support\SEAVIEW_IDN_PHL\masks_stitched\32016006201_mask.png
mask,32016009601_mask,32016009601_mask.png,C:\Users\20231807\Documents\GitHub\Cap_coral_reefs\New_version_of_the_project\website\benthic_datasets\mask_labels\reef_support\SEAVIEW_IDN_PHL\masks_stitched\32016009601_mask.png
mask,32016011301_mask,32016011301_mask.png,C:\Users\20231807\Documents\GitHub\Cap_coral_reefs\New_version_of_the_project\website\benthic_datasets\mask_labels\reef_support\SEAVIEW_IDN_PHL\masks_stitched\32016011301_mask.png
mask,32016011501_mask,32016011501_mask.png,C:\Users\20231807\Documents\GitHub\Cap_coral_reefs\New_version_of_the_project\website\benthic_datasets\mask_labels\reef_support\SEAVIEW_IDN_PHL\masks_stitched\32016011501_mask.png
mask,32016015001_mask,32016015001_mask.png,C:\Users\20231807\Documents\GitHub\Cap_coral_reefs\New_version_of_the_project\website\benthic_datasets\mask_labels\reef_support\SEAVIEW_IDN_PHL\masks_stitched\32016015001_mask.png
mask,32017016601_mask,32017016601_mask.png,C:\Users\20231807\Documents\GitHub\Cap_coral_reefs\New_version_of_the_project\website\benthic_datasets\mask_labels\reef_support\SEAVIEW_IDN_PHL\masks_stitched\32017016601_mask.png
mask,32017019101_mask,32017019101_mask.png,C:\Users\20231807\Documents\GitHub\Cap_coral_reefs\New_version_of_the_project\website\benthic_datasets\mask_labels\reef_support\SEAVIEW_IDN_PHL\masks_stitched\32017019101_mask.png
mask,32017024301_mask,32017024301_mask.png,C:\Users\20231807\Documents\GitHub\Cap_coral_reefs\New_version_of_the_project\website\benthic_datasets\mask_labels\reef_support\SEAVIEW_IDN_PHL\masks_stitched\32017024301_mask.png
mask,32017028701_mask,32017028701_mask.png,C:\Users\20231807\Documents\GitHub\Cap_coral_reefs\New_version_of_the_project\website\benthic_datasets\mask_labels\reef_support\SEAVIEW_IDN_PHL\masks_stitched\32017028701_mask.png
mask,32017059501_mask,32017059501_mask.png,C:\Users\20231807\Documents\GitHub\Cap_coral_reefs\New_version_of_the_project\website\benthic_datasets\mask_labels\reef_support\SEAVIEW_IDN_PHL\masks_stitched\32017059501_mask.png
mask,32018140701_mask,32018140701_mask.png,C:\Users\20231807\Documents\GitHub\Cap_coral_reefs\New_version_of_the_project\website\benthic_datasets\mask_labels\reef_support\SEAVIEW_IDN_PHL\masks_stitched\32018140701_mask.png
mask,32018140901_mask,32018140901_mask.png,C:\Users\20231807\Documents\GitHub\Cap_coral_reefs\New_version_of_the_project\website\benthic_datasets\mask_labels\reef_support\SEAVIEW_IDN_PHL\masks_stitched\32018140901_mask.png
mask,32018141101_mask,32018141101_mask.png,C:\Users\20231807\Documents\GitHub\Cap_coral_reefs\New_version_of_the_project\website\benthic_datasets\mask_labels\reef_support\SEAVIEW_IDN_PHL\masks_stitched\32018141101_mask.png
mask,32018141301_mask,32018141301_mask.png,C:\Users\20231807\Documents\GitHub\Cap_coral_reefs\New_version_of_the_project\website\benthic_datasets\mask_labels\reef_support\SEAVIEW_IDN_PHL\masks_stitched\32018141301_mask.png
mask,32018141501_mask,32018141501_mask.png,C:\Users\20231807\Documents\GitHub\Cap_coral_reefs\New_version_of_the_project\website\benthic_datasets\mask_labels\reef_support\SEAVIEW_IDN_PHL\masks_stitched\32018141501_mask.png
mask,32018141701_mask,32018141701_mask.png,C:\Users\20231807\Documents\GitHub\Cap_coral_reefs\New_version_of_the_project\website\benthic_datasets\mask_labels\reef_support\SEAVIEW_IDN_PHL\masks_stitched\32018141701_mask.png
mask,32018141901_mask,32018141901_mask.png,C:\Users\20231807\Documents\GitHub\Cap_coral_reefs\New_version_of_the_project\website\benthic_datasets\mask_labels\reef_support\SEAVIEW_IDN_PHL\masks_stitched\32018141901_mask.png
mask,32018142201_mask,32018142201_mask.png,C:\Users\20231807\Documents\GitHub\Cap_coral_reefs\New_version_of_the_project\website\benthic_datasets\mask_labels\reef_support\SEAVIEW_IDN_PHL\masks_stitched\32018142201_mask.png
mask,32018142401_mask,32018142401_mask.png,C:\Users\20231807\Documents\GitHub\Cap_coral_reefs\New_version_of_the_project\website\benthic_datasets\mask_labels\reef_support\SEAVIEW_IDN_PHL\masks_stitched\32018142401_mask.png
mask,32018142601_mask,32018142601_mask.png,C:\Users\20231807\Documents\GitHub\Cap_coral_reefs\New_version_of_the_project\website\benthic_datasets\mask_labels\reef_support\SEAVIEW_IDN_PHL\masks_stitched\32018142601_mask.png
mask,32018142801_mask,32018142801_mask.png,C:\Users\20231807\Documents\GitHub\Cap_coral_reefs\New_version_of_the_project\website\benthic_datasets\mask_labels\reef_support\SEAVIEW_IDN_PHL\masks_stitched\32018142801_mask.png
mask,32018142901_mask,32018142901_mask.png,C:\Users\20231807\Documents\GitHub\Cap_coral_reefs\New_version_of_the_project\website\benthic_datasets\mask_labels\reef_support\SEAVIEW_IDN_PHL\masks_stitched\32018142901_mask.png
mask,32018143001_mask,32018143001_mask.png,C:\Users\20231807\Documents\GitHub\Cap_coral_reefs\New_version_of_the_project\website\benthic_datasets\mask_labels\reef_support\SEAVIEW_IDN_PHL\masks_stitched\32018143001_mask.png
mask,32018143201_mask,32018143201_mask.png,C:\Users\20231807\Documents\GitHub\Cap_coral_reefs\New_version_of_the_project\website\benthic_datasets\mask_labels\reef_support\SEAVIEW_IDN_PHL\masks_stitched\32018143201_mask.png
mask,32018143401_mask,32018143401_mask.png,C:\Users\20231807\Documents\GitHub\Cap_coral_reefs\New_version_of_the_project\website\benthic_datasets\mask_labels\reef_support\SEAVIEW_IDN_PHL\masks_stitched\32018143401_mask.png
mask,32018146601_mask,32018146601_mask.png,C:\Users\20231807\Documents\GitHub\Cap_coral_reefs\New_version_of_the_project\website\benthic_datasets\mask_labels\reef_support\SEAVIEW_IDN_PHL\masks_stitched\32018146601_mask.png
mask,32018163901_mask,32018163901_mask.png,C:\Users\20231807\Documents\GitHub\Cap_coral_reefs\New_version_of_the_project\website\benthic_datasets\mask_labels\reef_support\SEAVIEW_IDN_PHL\masks_stitched\32018163901_mask.png
mask,32018169001_mask,32018169001_mask.png,C:\Users\20231807\Documents\GitHub\Cap_coral_reefs\New_version_of_the_project\website\benthic_datasets\mask_labels\reef_support\SEAVIEW_IDN_PHL\masks_stitched\32018169001_mask.png
mask,32019002101_mask,32019002101_mask.png,C:\Users\20231807\Documents\GitHub\Cap_coral_reefs\New_version_of_the_project\website\benthic_datasets\mask_labels\reef_support\SEAVIEW_IDN_PHL\masks_stitched\32019002101_mask.png
mask,32019027401_mask,32019027401_mask.png,C:\Users\20231807\Documents\GitHub\Cap_coral_reefs\New_version_of_the_project\website\benthic_datasets\mask_labels\reef_support\SEAVIEW_IDN_PHL\masks_stitched\32019027401_mask.png
mask,32019042201_mask,32019042201_mask.png,C:\Users\20231807\Documents\GitHub\Cap_coral_reefs\New_version_of_the_project\website\benthic_datasets\mask_labels\reef_support\SEAVIEW_IDN_PHL\masks_stitched\32019042201_mask.png
mask,32019046401_mask,32019046401_mask.png,C:\Users\20231807\Documents\GitHub\Cap_coral_reefs\New_version_of_the_project\website\benthic_datasets\mask_labels\reef_support\SEAVIEW_IDN_PHL\masks_stitched\32019046401_mask.png
mask,32019046601_mask,32019046601_mask.png,C:\Users\20231807\Documents\GitHub\Cap_coral_reefs\New_version_of_the_project\website\benthic_datasets\mask_labels\reef_support\SEAVIEW_IDN_PHL\masks_stitched\32019046601_mask.png
mask,32028193301_mask,32028193301_mask.png,C:\Users\20231807\Documents\GitHub\Cap_coral_reefs\New_version_of_the_project\website\benthic_datasets\mask_labels\reef_support\SEAVIEW_IDN_PHL\masks_stitched\32028193301_mask.png
mask,32028198201_mask,32028198201_mask.png,C:\Users\20231807\Documents\GitHub\Cap_coral_reefs\New_version_of_the_project\website\benthic_datasets\mask_labels\reef_support\SEAVIEW_IDN_PHL\masks_stitched\32028198201_mask.png
mask,32028204201_mask,32028204201_mask.png,C:\Users\20231807\Documents\GitHub\Cap_coral_reefs\New_version_of_the_project\website\benthic_datasets\mask_labels\reef_support\SEAVIEW_IDN_PHL\masks_stitched\32028204201_mask.png
mask,33001003001_mask,33001003001_mask.png,C:\Users\20231807\Documents\GitHub\Cap_coral_reefs\New_version_of_the_project\website\benthic_datasets\mask_labels\reef_support\SEAVIEW_IDN_PHL\masks_stitched\33001003001_mask.png
mask,33001013501_mask,33001013501_mask.png,C:\Users\20231807\Documents\GitHub\Cap_coral_reefs\New_version_of_the_project\website\benthic_datasets\mask_labels\reef_support\SEAVIEW_IDN_PHL\masks_stitched\33001013501_mask.png
mask,33001016801_mask,33001016801_mask.png,C:\Users\20231807\Documents\GitHub\Cap_coral_reefs\New_version_of_the_project\website\benthic_datasets\mask_labels\reef_support\SEAVIEW_IDN_PHL\masks_stitched\33001016801_mask.png
mask,33001023401_mask,33001023401_mask.png,C:\Users\20231807\Documents\GitHub\Cap_coral_reefs\New_version_of_the_project\website\benthic_datasets\mask_labels\reef_support\SEAVIEW_IDN_PHL\masks_stitched\33001023401_mask.png
mask,33001025601_mask,33001025601_mask.png,C:\Users\20231807\Documents\GitHub\Cap_coral_reefs\New_version_of_the_project\website\benthic_datasets\mask_labels\reef_support\SEAVIEW_IDN_PHL\masks_stitched\33001025601_mask.png
mask,33002107401_mask,33002107401_mask.png,C:\Users\20231807\Documents\GitHub\Cap_coral_reefs\New_version_of_the_project\website\benthic_datasets\mask_labels\reef_support\SEAVIEW_IDN_PHL\masks_stitched\33002107401_mask.png
mask,33002160001_mask,33002160001_mask.png,C:\Users\20231807\Documents\GitHub\Cap_coral_reefs\New_version_of_the_project\website\benthic_datasets\mask_labels\reef_support\SEAVIEW_IDN_PHL\masks_stitched\33002160001_mask.png
mask,33002161601_mask,33002161601_mask.png,C:\Users\20231807\Documents\GitHub\Cap_coral_reefs\New_version_of_the_project\website\benthic_datasets\mask_labels\reef_support\SEAVIEW_IDN_PHL\masks_stitched\33002161601_mask.png
mask,33002166101_mask,33002166101_mask.png,C:\Users\20231807\Documents\GitHub\Cap_coral_reefs\New_version_of_the_project\website\benthic_datasets\mask_labels\reef_support\SEAVIEW_IDN_PHL\masks_stitched\33002166101_mask.png
mask,33002172301_mask,33002172301_mask.png,C:\Users\20231807\Documents\GitHub\Cap_coral_reefs\New_version_of_the_project\website\benthic_datasets\mask_labels\reef_support\SEAVIEW_IDN_PHL\masks_stitched\33002172301_mask.png
mask,33003181701_mask,33003181701_mask.png,C:\Users\20231807\Documents\GitHub\Cap_coral_reefs\New_version_of_the_project\website\benthic_datasets\mask_labels\reef_support\SEAVIEW_IDN_PHL\masks_stitched\33003181701_mask.png
mask,33003185801_mask,33003185801_mask.png,C:\Users\20231807\Documents\GitHub\Cap_coral_reefs\New_version_of_the_project\website\benthic_datasets\mask_labels\reef_support\SEAVIEW_IDN_PHL\masks_stitched\33003185801_mask.png
mask,33003189301_mask,33003189301_mask.png,C:\Users\20231807\Documents\GitHub\Cap_coral_reefs\New_version_of_the_project\website\benthic_datasets\mask_labels\reef_support\SEAVIEW_IDN_PHL\masks_stitched\33003189301_mask.png
mask,33003189501_mask,33003189501_mask.png,C:\Users\20231807\Documents\GitHub\Cap_coral_reefs\New_version_of_the_project\website\benthic_datasets\mask_labels\reef_support\SEAVIEW_IDN_PHL\masks_stitched\33003189501_mask.png
mask,33003189601_mask,33003189601_mask.png,C:\Users\20231807\Documents\GitHub\Cap_coral_reefs\New_version_of_the_project\website\benthic_datasets\mask_labels\reef_support\SEAVIEW_IDN_PHL\masks_stitched\33003189601_mask.png
mask,33003189701_mask,33003189701_mask.png,C:\Users\20231807\Documents\GitHub\Cap_coral_reefs\New_version_of_the_project\website\benthic_datasets\mask_labels\reef_support\SEAVIEW_IDN_PHL\masks_stitched\33003189701_mask.png
mask,33003189901_mask,33003189901_mask.png,C:\Users\20231807\Documents\GitHub\Cap_coral_reefs\New_version_of_the_project\website\benthic_datasets\mask_labels\reef_support\SEAVIEW_IDN_PHL\masks_stitched\33003189901_mask.png
mask,33003190001_mask,33003190001_mask.png,C:\Users\20231807\Documents\GitHub\Cap_coral_reefs\New_version_of_the_project\website\benthic_datasets\mask_labels\reef_support\SEAVIEW_IDN_PHL\masks_stitched\33003190001_mask.png
mask,33003190201_mask,33003190201_mask.png,C:\Users\20231807\Documents\GitHub\Cap_coral_reefs\New_version_of_the_project\website\benthic_datasets\mask_labels\reef_support\SEAVIEW_IDN_PHL\masks_stitched\33003190201_mask.png
mask,33003190501_mask,33003190501_mask.png,C:\Users\20231807\Documents\GitHub\Cap_coral_reefs\New_version_of_the_project\website\benthic_datasets\mask_labels\reef_support\SEAVIEW_IDN_PHL\masks_stitched\33003190501_mask.png
mask,33004042701_mask,33004042701_mask.png,C:\Users\20231807\Documents\GitHub\Cap_coral_reefs\New_version_of_the_project\website\benthic_datasets\mask_labels\reef_support\SEAVIEW_IDN_PHL\masks_stitched\33004042701_mask.png
mask,33004046601_mask,33004046601_mask.png,C:\Users\20231807\Documents\GitHub\Cap_coral_reefs\New_version_of_the_project\website\benthic_datasets\mask_labels\reef_support\SEAVIEW_IDN_PHL\masks_stitched\33004046601_mask.png
mask,33004051701_mask,33004051701_mask.png,C:\Users\20231807\Documents\GitHub\Cap_coral_reefs\New_version_of_the_project\website\benthic_datasets\mask_labels\reef_support\SEAVIEW_IDN_PHL\masks_stitched\33004051701_mask.png
mask,33004081501_mask,33004081501_mask.png,C:\Users\20231807\Documents\GitHub\Cap_coral_reefs\New_version_of_the_project\website\benthic_datasets\mask_labels\reef_support\SEAVIEW_IDN_PHL\masks_stitched\33004081501_mask.png
mask,33004084001_mask,33004084001_mask.png,C:\Users\20231807\Documents\GitHub\Cap_coral_reefs\New_version_of_the_project\website\benthic_datasets\mask_labels\reef_support\SEAVIEW_IDN_PHL\masks_stitched\33004084001_mask.png
mask,33005104301_mask,33005104301_mask.png,C:\Users\20231807\Documents\GitHub\Cap_coral_reefs\New_version_of_the_project\website\benthic_datasets\mask_labels\reef_support\SEAVIEW_IDN_PHL\masks_stitched\33005104301_mask.png
mask,33005124601_mask,33005124601_mask.png,C:\Users\20231807\Documents\GitHub\Cap_coral_reefs\New_version_of_the_project\website\benthic_datasets\mask_labels\reef_support\SEAVIEW_IDN_PHL\masks_stitched\33005124601_mask.png
mask,33005128301_mask,33005128301_mask.png,C:\Users\20231807\Documents\GitHub\Cap_coral_reefs\New_version_of_the_project\website\benthic_datasets\mask_labels\reef_support\SEAVIEW_IDN_PHL\masks_stitched\33005128301_mask.png
mask,33005138001_mask,33005138001_mask.png,C:\Users\20231807\Documents\GitHub\Cap_coral_reefs\New_version_of_the_project\website\benthic_datasets\mask_labels\reef_support\SEAVIEW_IDN_PHL\masks_stitched\33005138001_mask.png
mask,33006257501_mask,33006257501_mask.png,C:\Users\20231807\Documents\GitHub\Cap_coral_reefs\New_version_of_the_project\website\benthic_datasets\mask_labels\reef_support\SEAVIEW_IDN_PHL\masks_stitched\33006257501_mask.png
mask,33006257701_mask,33006257701_mask.png,C:\Users\20231807\Documents\GitHub\Cap_coral_reefs\New_version_of_the_project\website\benthic_datasets\mask_labels\reef_support\SEAVIEW_IDN_PHL\masks_stitched\33006257701_mask.png
mask,33006257901_mask,33006257901_mask.png,C:\Users\20231807\Documents\GitHub\Cap_coral_reefs\New_version_of_the_project\website\benthic_datasets\mask_labels\reef_support\SEAVIEW_IDN_PHL\masks_stitched\33006257901_mask.png
mask,33006258101_mask,33006258101_mask.png,C:\Users\20231807\Documents\GitHub\Cap_coral_reefs\New_version_of_the_project\website\benthic_datasets\mask_labels\reef_support\SEAVIEW_IDN_PHL\masks_stitched\33006258101_mask.png
mask,33006258301_mask,33006258301_mask.png,C:\Users\20231807\Documents\GitHub\Cap_coral_reefs\New_version_of_the_project\website\benthic_datasets\mask_labels\reef_support\SEAVIEW_IDN_PHL\masks_stitched\33006258301_mask.png
mask,33006258501_mask,33006258501_mask.png,C:\Users\20231807\Documents\GitHub\Cap_coral_reefs\New_version_of_the_project\website\benthic_datasets\mask_labels\reef_support\SEAVIEW_IDN_PHL\masks_stitched\33006258501_mask.png
mask,33006258701_mask,33006258701_mask.png,C:\Users\20231807\Documents\GitHub\Cap_coral_reefs\New_version_of_the_project\website\benthic_datasets\mask_labels\reef_support\SEAVIEW_IDN_PHL\masks_stitched\33006258701_mask.png
mask,33006258901_mask,33006258901_mask.png,C:\Users\20231807\Documents\GitHub\Cap_coral_reefs\New_version_of_the_project\website\benthic_datasets\mask_labels\reef_support\SEAVIEW_IDN_PHL\masks_stitched\33006258901_mask.png
mask,33006259001_mask,33006259001_mask.png,C:\Users\20231807\Documents\GitHub\Cap_coral_reefs\New_version_of_the_project\website\benthic_datasets\mask_labels\reef_support\SEAVIEW_IDN_PHL\masks_stitched\33006259001_mask.png
mask,33006259201_mask,33006259201_mask.png,C:\Users\20231807\Documents\GitHub\Cap_coral_reefs\New_version_of_the_project\website\benthic_datasets\mask_labels\reef_support\SEAVIEW_IDN_PHL\masks_stitched\33006259201_mask.png
mask,33006259401_mask,33006259401_mask.png,C:\Users\20231807\Documents\GitHub\Cap_coral_reefs\New_version_of_the_project\website\benthic_datasets\mask_labels\reef_support\SEAVIEW_IDN_PHL\masks_stitched\33006259401_mask.png
mask,33006259601_mask,33006259601_mask.png,C:\Users\20231807\Documents\GitHub\Cap_coral_reefs\New_version_of_the_project\website\benthic_datasets\mask_labels\reef_support\SEAVIEW_IDN_PHL\masks_stitched\33006259601_mask.png
mask,33006259901_mask,33006259901_mask.png,C:\Users\20231807\Documents\GitHub\Cap_coral_reefs\New_version_of_the_project\website\benthic_datasets\mask_labels\reef_support\SEAVIEW_IDN_PHL\masks_stitched\33006259901_mask.png
mask,33006280301_mask,33006280301_mask.png,C:\Users\20231807\Documents\GitHub\Cap_coral_reefs\New_version_of_the_project\website\benthic_datasets\mask_labels\reef_support\SEAVIEW_IDN_PHL\masks_stitched\33006280301_mask.png
mask,33007001501_mask,33007001501_mask.png,C:\Users\20231807\Documents\GitHub\Cap_coral_reefs\New_version_of_the_project\website\benthic_datasets\mask_labels\reef_support\SEAVIEW_IDN_PHL\masks_stitched\33007001501_mask.png
mask,33007002701_mask,33007002701_mask.png,C:\Users\20231807\Documents\GitHub\Cap_coral_reefs\New_version_of_the_project\website\benthic_datasets\mask_labels\reef_support\SEAVIEW_IDN_PHL\masks_stitched\33007002701_mask.png
mask,33007050201_mask,33007050201_mask.png,C:\Users\20231807\Documents\GitHub\Cap_coral_reefs\New_version_of_the_project\website\benthic_datasets\mask_labels\reef_support\SEAVIEW_IDN_PHL\masks_stitched\33007050201_mask.png
mask,33007053401_mask,33007053401_mask.png,C:\Users\20231807\Documents\GitHub\Cap_coral_reefs\New_version_of_the_project\website\benthic_datasets\mask_labels\reef_support\SEAVIEW_IDN_PHL\masks_stitched\33007053401_mask.png
mask,33007059901_mask,33007059901_mask.png,C:\Users\20231807\Documents\GitHub\Cap_coral_reefs\New_version_of_the_project\website\benthic_datasets\mask_labels\reef_support\SEAVIEW_IDN_PHL\masks_stitched\33007059901_mask.png
mask,33007064901_mask,33007064901_mask.png,C:\Users\20231807\Documents\GitHub\Cap_coral_reefs\New_version_of_the_project\website\benthic_datasets\mask_labels\reef_support\SEAVIEW_IDN_PHL\masks_stitched\33007064901_mask.png
mask,33007076001_mask,33007076001_mask.png,C:\Users\20231807\Documents\GitHub\Cap_coral_reefs\New_version_of_the_project\website\benthic_datasets\mask_labels\reef_support\SEAVIEW_IDN_PHL\masks_stitched\33007076001_mask.png
mask,33011184401_mask,33011184401_mask.png,C:\Users\20231807\Documents\GitHub\Cap_coral_reefs\New_version_of_the_project\website\benthic_datasets\mask_labels\reef_support\SEAVIEW_IDN_PHL\masks_stitched\33011184401_mask.png
mask,33012207801_mask,33012207801_mask.png,C:\Users\20231807\Documents\GitHub\Cap_coral_reefs\New_version_of_the_project\website\benthic_datasets\mask_labels\reef_support\SEAVIEW_IDN_PHL\masks_stitched\33012207801_mask.png
mask,33012222401_mask,33012222401_mask.png,C:\Users\20231807\Documents\GitHub\Cap_coral_reefs\New_version_of_the_project\website\benthic_datasets\mask_labels\reef_support\SEAVIEW_IDN_PHL\masks_stitched\33012222401_mask.png
mask,33013020301_mask,33013020301_mask.png,C:\Users\20231807\Documents\GitHub\Cap_coral_reefs\New_version_of_the_project\website\benthic_datasets\mask_labels\reef_support\SEAVIEW_IDN_PHL\masks_stitched\33013020301_mask.png
mask,33013031201_mask,33013031201_mask.png,C:\Users\20231807\Documents\GitHub\Cap_coral_reefs\New_version_of_the_project\website\benthic_datasets\mask_labels\reef_support\SEAVIEW_IDN_PHL\masks_stitched\33013031201_mask.png
mask,33013031401_mask,33013031401_mask.png,C:\Users\20231807\Documents\GitHub\Cap_coral_reefs\New_version_of_the_project\website\benthic_datasets\mask_labels\reef_support\SEAVIEW_IDN_PHL\masks_stitched\33013031401_mask.png
mask,33013031601_mask,33013031601_mask.png,C:\Users\20231807\Documents\GitHub\Cap_coral_reefs\New_version_of_the_project\website\benthic_datasets\mask_labels\reef_support\SEAVIEW_IDN_PHL\masks_stitched\33013031601_mask.png
mask,33013031801_mask,33013031801_mask.png,C:\Users\20231807\Documents\GitHub\Cap_coral_reefs\New_version_of_the_project\website\benthic_datasets\mask_labels\reef_support\SEAVIEW_IDN_PHL\masks_stitched\33013031801_mask.png
mask,33013032001_mask,33013032001_mask.png,C:\Users\20231807\Documents\GitHub\Cap_coral_reefs\New_version_of_the_project\website\benthic_datasets\mask_labels\reef_support\SEAVIEW_IDN_PHL\masks_stitched\33013032001_mask.png
mask,33013032201_mask,33013032201_mask.png,C:\Users\20231807\Documents\GitHub\Cap_coral_reefs\New_version_of_the_project\website\benthic_datasets\mask_labels\reef_support\SEAVIEW_IDN_PHL\masks_stitched\33013032201_mask.png
mask,33013032401_mask,33013032401_mask.png,C:\Users\20231807\Documents\GitHub\Cap_coral_reefs\New_version_of_the_project\website\benthic_datasets\mask_labels\reef_support\SEAVIEW_IDN_PHL\masks_stitched\33013032401_mask.png
mask,33013032601_mask,33013032601_mask.png,C:\Users\20231807\Documents\GitHub\Cap_coral_reefs\New_version_of_the_project\website\benthic_datasets\mask_labels\reef_support\SEAVIEW_IDN_PHL\masks_stitched\33013032601_mask.png
mask,33013032801_mask,33013032801_mask.png,C:\Users\20231807\Documents\GitHub\Cap_coral_reefs\New_version_of_the_project\website\benthic_datasets\mask_labels\reef_support\SEAVIEW_IDN_PHL\masks_stitched\33013032801_mask.png
mask,33013033101_mask,33013033101_mask.png,C:\Users\20231807\Documents\GitHub\Cap_coral_reefs\New_version_of_the_project\website\benthic_datasets\mask_labels\reef_support\SEAVIEW_IDN_PHL\masks_stitched\33013033101_mask.png
mask,33013033301_mask,33013033301_mask.png,C:\Users\20231807\Documents\GitHub\Cap_coral_reefs\New_version_of_the_project\website\benthic_datasets\mask_labels\reef_support\SEAVIEW_IDN_PHL\masks_stitched\33013033301_mask.png
mask,33013033501_mask,33013033501_mask.png,C:\Users\20231807\Documents\GitHub\Cap_coral_reefs\New_version_of_the_project\website\benthic_datasets\mask_labels\reef_support\SEAVIEW_IDN_PHL\masks_stitched\33013033501_mask.png
mask,33013033701_mask,33013033701_mask.png,C:\Users\20231807\Documents\GitHub\Cap_coral_reefs\New_version_of_the_project\website\benthic_datasets\mask_labels\reef_support\SEAVIEW_IDN_PHL\masks_stitched\33013033701_mask.png
mask,33013034101_mask,33013034101_mask.png,C:\Users\20231807\Documents\GitHub\Cap_coral_reefs\New_version_of_the_project\website\benthic_datasets\mask_labels\reef_support\SEAVIEW_IDN_PHL\masks_stitched\33013034101_mask.png
mask,33013035101_mask,33013035101_mask.png,C:\Users\20231807\Documents\GitHub\Cap_coral_reefs\New_version_of_the_project\website\benthic_datasets\mask_labels\reef_support\SEAVIEW_IDN_PHL\masks_stitched\33013035101_mask.png
mask,33013054001_mask,33013054001_mask.png,C:\Users\20231807\Documents\GitHub\Cap_coral_reefs\New_version_of_the_project\website\benthic_datasets\mask_labels\reef_support\SEAVIEW_IDN_PHL\masks_stitched\33013054001_mask.png
mask,33013064301_mask,33013064301_mask.png,C:\Users\20231807\Documents\GitHub\Cap_coral_reefs\New_version_of_the_project\website\benthic_datasets\mask_labels\reef_support\SEAVIEW_IDN_PHL\masks_stitched\33013064301_mask.png
mask,33014106201_mask,33014106201_mask.png,C:\Users\20231807\Documents\GitHub\Cap_coral_reefs\New_version_of_the_project\website\benthic_datasets\mask_labels\reef_support\SEAVIEW_IDN_PHL\masks_stitched\33014106201_mask.png
mask,33014128501_mask,33014128501_mask.png,C:\Users\20231807\Documents\GitHub\Cap_coral_reefs\New_version_of_the_project\website\benthic_datasets\mask_labels\reef_support\SEAVIEW_IDN_PHL\masks_stitched\33014128501_mask.png
mask,33014140501_mask,33014140501_mask.png,C:\Users\20231807\Documents\GitHub\Cap_coral_reefs\New_version_of_the_project\website\benthic_datasets\mask_labels\reef_support\SEAVIEW_IDN_PHL\masks_stitched\33014140501_mask.png
mask,33014146401_mask,33014146401_mask.png,C:\Users\20231807\Documents\GitHub\Cap_coral_reefs\New_version_of_the_project\website\benthic_datasets\mask_labels\reef_support\SEAVIEW_IDN_PHL\masks_stitched\33014146401_mask.png
mask,33014162601_mask,33014162601_mask.png,C:\Users\20231807\Documents\GitHub\Cap_coral_reefs\New_version_of_the_project\website\benthic_datasets\mask_labels\reef_support\SEAVIEW_IDN_PHL\masks_stitched\33014162601_mask.png
mask,33014170101_mask,33014170101_mask.png,C:\Users\20231807\Documents\GitHub\Cap_coral_reefs\New_version_of_the_project\website\benthic_datasets\mask_labels\reef_support\SEAVIEW_IDN_PHL\masks_stitched\33014170101_mask.png
mask,33015211401_mask,33015211401_mask.png,C:\Users\20231807\Documents\GitHub\Cap_coral_reefs\New_version_of_the_project\website\benthic_datasets\mask_labels\reef_support\SEAVIEW_IDN_PHL\masks_stitched\33015211401_mask.png
mask,33015214601_mask,33015214601_mask.png,C:\Users\20231807\Documents\GitHub\Cap_coral_reefs\New_version_of_the_project\website\benthic_datasets\mask_labels\reef_support\SEAVIEW_IDN_PHL\masks_stitched\33015214601_mask.png
mask,33015215801_mask,33015215801_mask.png,C:\Users\20231807\Documents\GitHub\Cap_coral_reefs\New_version_of_the_project\website\benthic_datasets\mask_labels\reef_support\SEAVIEW_IDN_PHL\masks_stitched\33015215801_mask.png
mask,33015216501_mask,33015216501_mask.png,C:\Users\20231807\Documents\GitHub\Cap_coral_reefs\New_version_of_the_project\website\benthic_datasets\mask_labels\reef_support\SEAVIEW_IDN_PHL\masks_stitched\33015216501_mask.png
mask,33015220401_mask,33015220401_mask.png,C:\Users\20231807\Documents\GitHub\Cap_coral_reefs\New_version_of_the_project\website\benthic_datasets\mask_labels\reef_support\SEAVIEW_IDN_PHL\masks_stitched\33015220401_mask.png
mask,33015221201_mask,33015221201_mask.png,C:\Users\20231807\Documents\GitHub\Cap_coral_reefs\New_version_of_the_project\website\benthic_datasets\mask_labels\reef_support\SEAVIEW_IDN_PHL\masks_stitched\33015221201_mask.png
mask,33015227301_mask,33015227301_mask.png,C:\Users\20231807\Documents\GitHub\Cap_coral_reefs\New_version_of_the_project\website\benthic_datasets\mask_labels\reef_support\SEAVIEW_IDN_PHL\masks_stitched\33015227301_mask.png
mask,33015229401_mask,33015229401_mask.png,C:\Users\20231807\Documents\GitHub\Cap_coral_reefs\New_version_of_the_project\website\benthic_datasets\mask_labels\reef_support\SEAVIEW_IDN_PHL\masks_stitched\33015229401_mask.png
mask,33016276801_mask,33016276801_mask.png,C:\Users\20231807\Documents\GitHub\Cap_coral_reefs\New_version_of_the_project\website\benthic_datasets\mask_labels\reef_support\SEAVIEW_IDN_PHL\masks_stitched\33016276801_mask.png
mask,33016285501_mask,33016285501_mask.png,C:\Users\20231807\Documents\GitHub\Cap_coral_reefs\New_version_of_the_project\website\benthic_datasets\mask_labels\reef_support\SEAVIEW_IDN_PHL\masks_stitched\33016285501_mask.png
mask,33017007801_mask,33017007801_mask.png,C:\Users\20231807\Documents\GitHub\Cap_coral_reefs\New_version_of_the_project\website\benthic_datasets\mask_labels\reef_support\SEAVIEW_IDN_PHL\masks_stitched\33017007801_mask.png
mask,33017021201_mask,33017021201_mask.png,C:\Users\20231807\Documents\GitHub\Cap_coral_reefs\New_version_of_the_project\website\benthic_datasets\mask_labels\reef_support\SEAVIEW_IDN_PHL\masks_stitched\33017021201_mask.png
mask,33017025101_mask,33017025101_mask.png,C:\Users\20231807\Documents\GitHub\Cap_coral_reefs\New_version_of_the_project\website\benthic_datasets\mask_labels\reef_support\SEAVIEW_IDN_PHL\masks_stitched\33017025101_mask.png
mask,33017029201_mask,33017029201_mask.png,C:\Users\20231807\Documents\GitHub\Cap_coral_reefs\New_version_of_the_project\website\benthic_datasets\mask_labels\reef_support\SEAVIEW_IDN_PHL\masks_stitched\33017029201_mask.png
mask,33017054301_mask,33017054301_mask.png,C:\Users\20231807\Documents\GitHub\Cap_coral_reefs\New_version_of_the_project\website\benthic_datasets\mask_labels\reef_support\SEAVIEW_IDN_PHL\masks_stitched\33017054301_mask.png
mask,33017065101_mask,33017065101_mask.png,C:\Users\20231807\Documents\GitHub\Cap_coral_reefs\New_version_of_the_project\website\benthic_datasets\mask_labels\reef_support\SEAVIEW_IDN_PHL\masks_stitched\33017065101_mask.png
mask,33017087701_mask,33017087701_mask.png,C:\Users\20231807\Documents\GitHub\Cap_coral_reefs\New_version_of_the_project\website\benthic_datasets\mask_labels\reef_support\SEAVIEW_IDN_PHL\masks_stitched\33017087701_mask.png
mask,33017087901_mask,33017087901_mask.png,C:\Users\20231807\Documents\GitHub\Cap_coral_reefs\New_version_of_the_project\website\benthic_datasets\mask_labels\reef_support\SEAVIEW_IDN_PHL\masks_stitched\33017087901_mask.png
mask,33017088101_mask,33017088101_mask.png,C:\Users\20231807\Documents\GitHub\Cap_coral_reefs\New_version_of_the_project\website\benthic_datasets\mask_labels\reef_support\SEAVIEW_IDN_PHL\masks_stitched\33017088101_mask.png
mask,33017088301_mask,33017088301_mask.png,C:\Users\20231807\Documents\GitHub\Cap_coral_reefs\New_version_of_the_project\website\benthic_datasets\mask_labels\reef_support\SEAVIEW_IDN_PHL\masks_stitched\33017088301_mask.png
mask,33017088501_mask,33017088501_mask.png,C:\Users\20231807\Documents\GitHub\Cap_coral_reefs\New_version_of_the_project\website\benthic_datasets\mask_labels\reef_support\SEAVIEW_IDN_PHL\masks_stitched\33017088501_mask.png
mask,33017088701_mask,33017088701_mask.png,C:\Users\20231807\Documents\GitHub\Cap_coral_reefs\New_version_of_the_project\website\benthic_datasets\mask_labels\reef_support\SEAVIEW_IDN_PHL\masks_stitched\33017088701_mask.png
mask,33017088901_mask,33017088901_mask.png,C:\Users\20231807\Documents\GitHub\Cap_coral_reefs\New_version_of_the_project\website\benthic_datasets\mask_labels\reef_support\SEAVIEW_IDN_PHL\masks_stitched\33017088901_mask.png
mask,33017089101_mask,33017089101_mask.png,C:\Users\20231807\Documents\GitHub\Cap_coral_reefs\New_version_of_the_project\website\benthic_datasets\mask_labels\reef_support\SEAVIEW_IDN_PHL\masks_stitched\33017089101_mask.png
mask,33017089301_mask,33017089301_mask.png,C:\Users\20231807\Documents\GitHub\Cap_coral_reefs\New_version_of_the_project\website\benthic_datasets\mask_labels\reef_support\SEAVIEW_IDN_PHL\masks_stitched\33017089301_mask.png
mask,33017089501_mask,33017089501_mask.png,C:\Users\20231807\Documents\GitHub\Cap_coral_reefs\New_version_of_the_project\website\benthic_datasets\mask_labels\reef_support\SEAVIEW_IDN_PHL\masks_stitched\33017089501_mask.png
mask,33017089701_mask,33017089701_mask.png,C:\Users\20231807\Documents\GitHub\Cap_coral_reefs\New_version_of_the_project\website\benthic_datasets\mask_labels\reef_support\SEAVIEW_IDN_PHL\masks_stitched\33017089701_mask.png
mask,33017089901_mask,33017089901_mask.png,C:\Users\20231807\Documents\GitHub\Cap_coral_reefs\New_version_of_the_project\website\benthic_datasets\mask_labels\reef_support\SEAVIEW_IDN_PHL\masks_stitched\33017089901_mask.png
mask,33017090001_mask,33017090001_mask.png,C:\Users\20231807\Documents\GitHub\Cap_coral_reefs\New_version_of_the_project\website\benthic_datasets\mask_labels\reef_support\SEAVIEW_IDN_PHL\masks_stitched\33017090001_mask.png
mask,33017090201_mask,33017090201_mask.png,C:\Users\20231807\Documents\GitHub\Cap_coral_reefs\New_version_of_the_project\website\benthic_datasets\mask_labels\reef_support\SEAVIEW_IDN_PHL\masks_stitched\33017090201_mask.png
mask,33017090401_mask,33017090401_mask.png,C:\Users\20231807\Documents\GitHub\Cap_coral_reefs\New_version_of_the_project\website\benthic_datasets\mask_labels\reef_support\SEAVIEW_IDN_PHL\masks_stitched\33017090401_mask.png
mask,33017090601_mask,33017090601_mask.png,C:\Users\20231807\Documents\GitHub\Cap_coral_reefs\New_version_of_the_project\website\benthic_datasets\mask_labels\reef_support\SEAVIEW_IDN_PHL\masks_stitched\33017090601_mask.png
mask,33018109701_mask,33018109701_mask.png,C:\Users\20231807\Documents\GitHub\Cap_coral_reefs\New_version_of_the_project\website\benthic_datasets\mask_labels\reef_support\SEAVIEW_IDN_PHL\masks_stitched\33018109701_mask.png
mask,33018109901_mask,33018109901_mask.png,C:\Users\20231807\Documents\GitHub\Cap_coral_reefs\New_version_of_the_project\website\benthic_datasets\mask_labels\reef_support\SEAVIEW_IDN_PHL\masks_stitched\33018109901_mask.png
mask,33018110001_mask,33018110001_mask.png,C:\Users\20231807\Documents\GitHub\Cap_coral_reefs\New_version_of_the_project\website\benthic_datasets\mask_labels\reef_support\SEAVIEW_IDN_PHL\masks_stitched\33018110001_mask.png
mask,33018110201_mask,33018110201_mask.png,C:\Users\20231807\Documents\GitHub\Cap_coral_reefs\New_version_of_the_project\website\benthic_datasets\mask_labels\reef_support\SEAVIEW_IDN_PHL\masks_stitched\33018110201_mask.png
mask,33018110401_mask,33018110401_mask.png,C:\Users\20231807\Documents\GitHub\Cap_coral_reefs\New_version_of_the_project\website\benthic_datasets\mask_labels\reef_support\SEAVIEW_IDN_PHL\masks_stitched\33018110401_mask.png
mask,33018110601_mask,33018110601_mask.png,C:\Users\20231807\Documents\GitHub\Cap_coral_reefs\New_version_of_the_project\website\benthic_datasets\mask_labels\reef_support\SEAVIEW_IDN_PHL\masks_stitched\33018110601_mask.png
image,26009009801,26009009801.jpg,C:\Users\20231807\Documents\GitHub\Cap_coral_reefs\New_version_of_the_project\website\benthic_datasets\mask_labels\reef_support\SEAVIEW_IDN_PHL\images\26009009801.jpg
image,26009010301,26009010301.jpg,C:\Users\20231807\Documents\GitHub\Cap_coral_reefs\New_version_of_the_project\website\benthic_datasets\mask_labels\reef_support\SEAVIEW_IDN_PHL\images\26009010301.jpg
image,26009010701,26009010701.jpg,C:\Users\20231807\Documents\GitHub\Cap_coral_reefs\New_version_of_the_project\website\benthic_datasets\mask_labels\reef_support\SEAVIEW_IDN_PHL\images\26009010701.jpg
image,26009010801,26009010801.jpg,C:\Users\20231807\Documents\GitHub\Cap_coral_reefs\New_version_of_the_project\website\benthic_datasets\mask_labels\reef_support\SEAVIEW_IDN_PHL\images\26009010801.jpg
image,26009017101,26009017101.jpg,C:\Users\20231807\Documents\GitHub\Cap_coral_reefs\New_version_of_the_project\website\benthic_datasets\mask_labels\reef_support\SEAVIEW_IDN_PHL\images\26009017101.jpg
image,26009024901,26009024901.jpg,C:\Users\20231807\Documents\GitHub\Cap_coral_reefs\New_version_of_the_project\website\benthic_datasets\mask_labels\reef_support\SEAVIEW_IDN_PHL\images\26009024901.jpg
image,26009028601,26009028601.jpg,C:\Users\20231807\Documents\GitHub\Cap_coral_reefs\New_version_of_the_project\website\benthic_datasets\mask_labels\reef_support\SEAVIEW_IDN_PHL\images\26009028601.jpg
image,26009051501,26009051501.jpg,C:\Users\20231807\Documents\GitHub\Cap_coral_reefs\New_version_of_the_project\website\benthic_datasets\mask_labels\reef_support\SEAVIEW_IDN_PHL\images\26009051501.jpg
image,26009064101,26009064101.jpg,C:\Users\20231807\Documents\GitHub\Cap_coral_reefs\New_version_of_the_project\website\benthic_datasets\mask_labels\reef_support\SEAVIEW_IDN_PHL\images\26009064101.jpg
image,26010140401,26010140401.jpg,C:\Users\20231807\Documents\GitHub\Cap_coral_reefs\New_version_of_the_project\website\benthic_datasets\mask_labels\reef_support\SEAVIEW_IDN_PHL\images\26010140401.jpg
image,26010148301,26010148301.jpg,C:\Users\20231807\Documents\GitHub\Cap_coral_reefs\New_version_of_the_project\website\benthic_datasets\mask_labels\reef_support\SEAVIEW_IDN_PHL\images\26010148301.jpg
image,26010154101,26010154101.jpg,C:\Users\20231807\Documents\GitHub\Cap_coral_reefs\New_version_of_the_project\website\benthic_datasets\mask_labels\reef_support\SEAVIEW_IDN_PHL\images\26010154101.jpg
image,26010177001,26010177001.jpg,C:\Users\20231807\Documents\GitHub\Cap_coral_reefs\New_version_of_the_project\website\benthic_datasets\mask_labels\reef_support\SEAVIEW_IDN_PHL\images\26010177001.jpg
image,26010177301,26010177301.jpg,C:\Users\20231807\Documents\GitHub\Cap_coral_reefs\New_version_of_the_project\website\benthic_datasets\mask_labels\reef_support\SEAVIEW_IDN_PHL\images\26010177301.jpg
image,26010177601,26010177601.jpg,C:\Users\20231807\Documents\GitHub\Cap_coral_reefs\New_version_of_the_project\website\benthic_datasets\mask_labels\reef_support\SEAVIEW_IDN_PHL\images\26010177601.jpg
image,26010178601,26010178601.jpg,C:\Users\20231807\Documents\GitHub\Cap_coral_reefs\New_version_of_the_project\website\benthic_datasets\mask_labels\reef_support\SEAVIEW_IDN_PHL\images\26010178601.jpg
image,26010178901,26010178901.jpg,C:\Users\20231807\Documents\GitHub\Cap_coral_reefs\New_version_of_the_project\website\benthic_datasets\mask_labels\reef_support\SEAVIEW_IDN_PHL\images\26010178901.jpg
image,26010179001,26010179001.jpg,C:\Users\20231807\Documents\GitHub\Cap_coral_reefs\New_version_of_the_project\website\benthic_datasets\mask_labels\reef_support\SEAVIEW_IDN_PHL\images\26010179001.jpg
image,26010179201,26010179201.jpg,C:\Users\20231807\Documents\GitHub\Cap_coral_reefs\New_version_of_the_project\website\benthic_datasets\mask_labels\reef_support\SEAVIEW_IDN_PHL\images\26010179201.jpg
image,26010179401,26010179401.jpg,C:\Users\20231807\Documents\GitHub\Cap_coral_reefs\New_version_of_the_project\website\benthic_datasets\mask_labels\reef_support\SEAVIEW_IDN_PHL\images\26010179401.jpg
image,26010179501,26010179501.jpg,C:\Users\20231807\Documents\GitHub\Cap_coral_reefs\New_version_of_the_project\website\benthic_datasets\mask_labels\reef_support\SEAVIEW_IDN_PHL\images\26010179501.jpg
image,26010179701,26010179701.jpg,C:\Users\20231807\Documents\GitHub\Cap_coral_reefs\New_version_of_the_project\website\benthic_datasets\mask_labels\reef_support\SEAVIEW_IDN_PHL\images\26010179701.jpg
image,26012003401,26012003401.jpg,C:\Users\20231807\Documents\GitHub\Cap_coral_reefs\New_version_of_the_project\website\benthic_datasets\mask_labels\reef_support\SEAVIEW_IDN_PHL\images\26012003401.jpg
image,26012003701,26012003701.jpg,C:\Users\20231807\Documents\GitHub\Cap_coral_reefs\New_version_of_the_project\website\benthic_datasets\mask_labels\reef_support\SEAVIEW_IDN_PHL\images\26012003701.jpg
image,26013126301,26013126301.jpg,C:\Users\20231807\Documents\GitHub\Cap_coral_reefs\New_version_of_the_project\website\benthic_datasets\mask_labels\reef_support\SEAVIEW_IDN_PHL\images\26013126301.jpg
image,26013130401,26013130401.jpg,C:\Users\20231807\Documents\GitHub\Cap_coral_reefs\New_version_of_the_project\website\benthic_datasets\mask_labels\reef_support\SEAVIEW_IDN_PHL\images\26013130401.jpg
image,26013132901,26013132901.jpg,C:\Users\20231807\Documents\GitHub\Cap_coral_reefs\New_version_of_the_project\website\benthic_datasets\mask_labels\reef_support\SEAVIEW_IDN_PHL\images\26013132901.jpg
image,26013133001,26013133001.jpg,C:\Users\20231807\Documents\GitHub\Cap_coral_reefs\New_version_of_the_project\website\benthic_datasets\mask_labels\reef_support\SEAVIEW_IDN_PHL\images\26013133001.jpg
image,26013133301,26013133301.jpg,C:\Users\20231807\Documents\GitHub\Cap_coral_reefs\New_version_of_the_project\website\benthic_datasets\mask_labels\reef_support\SEAVIEW_IDN_PHL\images\26013133301.jpg
image,26013133501,26013133501.jpg,C:\Users\20231807\Documents\GitHub\Cap_coral_reefs\New_version_of_the_project\website\benthic_datasets\mask_labels\reef_support\SEAVIEW_IDN_PHL\images\26013133501.jpg
image,26013133701,26013133701.jpg,C:\Users\20231807\Documents\GitHub\Cap_coral_reefs\New_version_of_the_project\website\benthic_datasets\mask_labels\reef_support\SEAVIEW_IDN_PHL\images\26013133701.jpg
image,26013133801,26013133801.jpg,C:\Users\20231807\Documents\GitHub\Cap_coral_reefs\New_version_of_the_project\website\benthic_datasets\mask_labels\reef_support\SEAVIEW_IDN_PHL\images\26013133801.jpg
image,26013134101,26013134101.jpg,C:\Users\20231807\Documents\GitHub\Cap_coral_reefs\New_version_of_the_project\website\benthic_datasets\mask_labels\reef_support\SEAVIEW_IDN_PHL\images\26013134101.jpg
image,26013134301,26013134301.jpg,C:\Users\20231807\Documents\GitHub\Cap_coral_reefs\New_version_of_the_project\website\benthic_datasets\mask_labels\reef_support\SEAVIEW_IDN_PHL\images\26013134301.jpg
image,26013136201,26013136201.jpg,C:\Users\20231807\Documents\GitHub\Cap_coral_reefs\New_version_of_the_project\website\benthic_datasets\mask_labels\reef_support\SEAVIEW_IDN_PHL\images\26013136201.jpg
image,26013143201,26013143201.jpg,C:\Users\20231807\Documents\GitHub\Cap_coral_reefs\New_version_of_the_project\website\benthic_datasets\mask_labels\reef_support\SEAVIEW_IDN_PHL\images\26013143201.jpg
image,32001007601,32001007601.jpg,C:\Users\20231807\Documents\GitHub\Cap_coral_reefs\New_version_of_the_project\website\benthic_datasets\mask_labels\reef_support\SEAVIEW_IDN_PHL\images\32001007601.jpg
image,32001007801,32001007801.jpg,C:\Users\20231807\Documents\GitHub\Cap_coral_reefs\New_version_of_the_project\website\benthic_datasets\mask_labels\reef_support\SEAVIEW_IDN_PHL\images\32001007801.jpg
image,32001008101,32001008101.jpg,C:\Users\20231807\Documents\GitHub\Cap_coral_reefs\New_version_of_the_project\website\benthic_datasets\mask_labels\reef_support\SEAVIEW_IDN_PHL\images\32001008101.jpg
image,32001008201,32001008201.jpg,C:\Users\20231807\Documents\GitHub\Cap_coral_reefs\New_version_of_the_project\website\benthic_datasets\mask_labels\reef_support\SEAVIEW_IDN_PHL\images\32001008201.jpg
image,32001008401,32001008401.jpg,C:\Users\20231807\Documents\GitHub\Cap_coral_reefs\New_version_of_the_project\website\benthic_datasets\mask_labels\reef_support\SEAVIEW_IDN_PHL\images\32001008401.jpg
image,32001008601,32001008601.jpg,C:\Users\20231807\Documents\GitHub\Cap_coral_reefs\New_version_of_the_project\website\benthic_datasets\mask_labels\reef_support\SEAVIEW_IDN_PHL\images\32001008601.jpg
image,32001008901,32001008901.jpg,C:\Users\20231807\Documents\GitHub\Cap_coral_reefs\New_version_of_the_project\website\benthic_datasets\mask_labels\reef_support\SEAVIEW_IDN_PHL\images\32001008901.jpg
image,32001009001,32001009001.jpg,C:\Users\20231807\Documents\GitHub\Cap_coral_reefs\New_version_of_the_project\website\benthic_datasets\mask_labels\reef_support\SEAVIEW_IDN_PHL\images\32001009001.jpg
image,32001009201,32001009201.jpg,C:\Users\20231807\Documents\GitHub\Cap_coral_reefs\New_version_of_the_project\website\benthic_datasets\mask_labels\reef_support\SEAVIEW_IDN_PHL\images\32001009201.jpg
image,32001009401,32001009401.jpg,C:\Users\20231807\Documents\GitHub\Cap_coral_reefs\New_version_of_the_project\website\benthic_datasets\mask_labels\reef_support\SEAVIEW_IDN_PHL\images\32001009401.jpg
image,32001031801,32001031801.jpg,C:\Users\20231807\Documents\GitHub\Cap_coral_reefs\New_version_of_the_project\website\benthic_datasets\mask_labels\reef_support\SEAVIEW_IDN_PHL\images\32001031801.jpg
image,32001068501,32001068501.jpg,C:\Users\20231807\Documents\GitHub\Cap_coral_reefs\New_version_of_the_project\website\benthic_datasets\mask_labels\reef_support\SEAVIEW_IDN_PHL\images\32001068501.jpg
image,32001087101,32001087101.jpg,C:\Users\20231807\Documents\GitHub\Cap_coral_reefs\New_version_of_the_project\website\benthic_datasets\mask_labels\reef_support\SEAVIEW_IDN_PHL\images\32001087101.jpg
image,32002090001,32002090001.jpg,C:\Users\20231807\Documents\GitHub\Cap_coral_reefs\New_version_of_the_project\website\benthic_datasets\mask_labels\reef_support\SEAVIEW_IDN_PHL\images\32002090001.jpg
image,32002102901,32002102901.jpg,C:\Users\20231807\Documents\GitHub\Cap_coral_reefs\New_version_of_the_project\website\benthic_datasets\mask_labels\reef_support\SEAVIEW_IDN_PHL\images\32002102901.jpg
image,32009246801,32009246801.jpg,C:\Users\20231807\Documents\GitHub\Cap_coral_reefs\New_version_of_the_project\website\benthic_datasets\mask_labels\reef_support\SEAVIEW_IDN_PHL\images\32009246801.jpg
image,32009258401,32009258401.jpg,C:\Users\20231807\Documents\GitHub\Cap_coral_reefs\New_version_of_the_project\website\benthic_datasets\mask_labels\reef_support\SEAVIEW_IDN_PHL\images\32009258401.jpg
image,32009267501,32009267501.jpg,C:\Users\20231807\Documents\GitHub\Cap_coral_reefs\New_version_of_the_project\website\benthic_datasets\mask_labels\reef_support\SEAVIEW_IDN_PHL\images\32009267501.jpg
image,32009267701,32009267701.jpg,C:\Users\20231807\Documents\GitHub\Cap_coral_reefs\New_version_of_the_project\website\benthic_datasets\mask_labels\reef_support\SEAVIEW_IDN_PHL\images\32009267701.jpg
image,32009268301,32009268301.jpg,C:\Users\20231807\Documents\GitHub\Cap_coral_reefs\New_version_of_the_project\website\benthic_datasets\mask_labels\reef_support\SEAVIEW_IDN_PHL\images\32009268301.jpg
image,32009268501,32009268501.jpg,C:\Users\20231807\Documents\GitHub\Cap_coral_reefs\New_version_of_the_project\website\benthic_datasets\mask_labels\reef_support\SEAVIEW_IDN_PHL\images\32009268501.jpg
image,32009268601,32009268601.jpg,C:\Users\20231807\Documents\GitHub\Cap_coral_reefs\New_version_of_the_project\website\benthic_datasets\mask_labels\reef_support\SEAVIEW_IDN_PHL\images\32009268601.jpg
image,32009269101,32009269101.jpg,C:\Users\20231807\Documents\GitHub\Cap_coral_reefs\New_version_of_the_project\website\benthic_datasets\mask_labels\reef_support\SEAVIEW_IDN_PHL\images\32009269101.jpg
image,32009269301,32009269301.jpg,C:\Users\20231807\Documents\GitHub\Cap_coral_reefs\New_version_of_the_project\website\benthic_datasets\mask_labels\reef_support\SEAVIEW_IDN_PHL\images\32009269301.jpg
image,32009269401,32009269401.jpg,C:\Users\20231807\Documents\GitHub\Cap_coral_reefs\New_version_of_the_project\website\benthic_datasets\mask_labels\reef_support\SEAVIEW_IDN_PHL\images\32009269401.jpg
image,32009269601,32009269601.jpg,C:\Users\20231807\Documents\GitHub\Cap_coral_reefs\New_version_of_the_project\website\benthic_datasets\mask_labels\reef_support\SEAVIEW_IDN_PHL\images\32009269601.jpg
image,32009269801,32009269801.jpg,C:\Users\20231807\Documents\GitHub\Cap_coral_reefs\New_version_of_the_project\website\benthic_datasets\mask_labels\reef_support\SEAVIEW_IDN_PHL\images\32009269801.jpg
image,32009270001,32009270001.jpg,C:\Users\20231807\Documents\GitHub\Cap_coral_reefs\New_version_of_the_project\website\benthic_datasets\mask_labels\reef_support\SEAVIEW_IDN_PHL\images\32009270001.jpg
image,32009270301,32009270301.jpg,C:\Users\20231807\Documents\GitHub\Cap_coral_reefs\New_version_of_the_project\website\benthic_datasets\mask_labels\reef_support\SEAVIEW_IDN_PHL\images\32009270301.jpg
image,32009271301,32009271301.jpg,C:\Users\20231807\Documents\GitHub\Cap_coral_reefs\New_version_of_the_project\website\benthic_datasets\mask_labels\reef_support\SEAVIEW_IDN_PHL\images\32009271301.jpg
image,32010003301,32010003301.jpg,C:\Users\20231807\Documents\GitHub\Cap_coral_reefs\New_version_of_the_project\website\benthic_datasets\mask_labels\reef_support\SEAVIEW_IDN_PHL\images\32010003301.jpg
image,32010006501,32010006501.jpg,C:\Users\20231807\Documents\GitHub\Cap_coral_reefs\New_version_of_the_project\website\benthic_datasets\mask_labels\reef_support\SEAVIEW_IDN_PHL\images\32010006501.jpg
image,32010006701,32010006701.jpg,C:\Users\20231807\Documents\GitHub\Cap_coral_reefs\New_version_of_the_project\website\benthic_datasets\mask_labels\reef_support\SEAVIEW_IDN_PHL\images\32010006701.jpg
image,32010006901,32010006901.jpg,C:\Users\20231807\Documents\GitHub\Cap_coral_reefs\New_version_of_the_project\website\benthic_datasets\mask_labels\reef_support\SEAVIEW_IDN_PHL\images\32010006901.jpg
image,32010007001,32010007001.jpg,C:\Users\20231807\Documents\GitHub\Cap_coral_reefs\New_version_of_the_project\website\benthic_datasets\mask_labels\reef_support\SEAVIEW_IDN_PHL\images\32010007001.jpg
image,32010007301,32010007301.jpg,C:\Users\20231807\Documents\GitHub\Cap_coral_reefs\New_version_of_the_project\website\benthic_datasets\mask_labels\reef_support\SEAVIEW_IDN_PHL\images\32010007301.jpg
image,32010007701,32010007701.jpg,C:\Users\20231807\Documents\GitHub\Cap_coral_reefs\New_version_of_the_project\website\benthic_datasets\mask_labels\reef_support\SEAVIEW_IDN_PHL\images\32010007701.jpg
image,32010008101,32010008101.jpg,C:\Users\20231807\Documents\GitHub\Cap_coral_reefs\New_version_of_the_project\website\benthic_datasets\mask_labels\reef_support\SEAVIEW_IDN_PHL\images\32010008101.jpg
image,32010008301,32010008301.jpg,C:\Users\20231807\Documents\GitHub\Cap_coral_reefs\New_version_of_the_project\website\benthic_datasets\mask_labels\reef_support\SEAVIEW_IDN_PHL\images\32010008301.jpg
image,32010008601,32010008601.jpg,C:\Users\20231807\Documents\GitHub\Cap_coral_reefs\New_version_of_the_project\website\benthic_datasets\mask_labels\reef_support\SEAVIEW_IDN_PHL\images\32010008601.jpg
image,32010008801,32010008801.jpg,C:\Users\20231807\Documents\GitHub\Cap_coral_reefs\New_version_of_the_project\website\benthic_datasets\mask_labels\reef_support\SEAVIEW_IDN_PHL\images\32010008801.jpg
image,32010009101,32010009101.jpg,C:\Users\20231807\Documents\GitHub\Cap_coral_reefs\New_version_of_the_project\website\benthic_datasets\mask_labels\reef_support\SEAVIEW_IDN_PHL\images\32010009101.jpg
image,32010012401,32010012401.jpg,C:\Users\20231807\Documents\GitHub\Cap_coral_reefs\New_version_of_the_project\website\benthic_datasets\mask_labels\reef_support\SEAVIEW_IDN_PHL\images\32010012401.jpg
image,32010016901,32010016901.jpg,C:\Users\20231807\Documents\GitHub\Cap_coral_reefs\New_version_of_the_project\website\benthic_datasets\mask_labels\reef_support\SEAVIEW_IDN_PHL\images\32010016901.jpg
image,32010017201,32010017201.jpg,C:\Users\20231807\Documents\GitHub\Cap_coral_reefs\New_version_of_the_project\website\benthic_datasets\mask_labels\reef_support\SEAVIEW_IDN_PHL\images\32010017201.jpg
image,32010024701,32010024701.jpg,C:\Users\20231807\Documents\GitHub\Cap_coral_reefs\New_version_of_the_project\website\benthic_datasets\mask_labels\reef_support\SEAVIEW_IDN_PHL\images\32010024701.jpg
image,32010026301,32010026301.jpg,C:\Users\20231807\Documents\GitHub\Cap_coral_reefs\New_version_of_the_project\website\benthic_datasets\mask_labels\reef_support\SEAVIEW_IDN_PHL\images\32010026301.jpg
image,32011066301,32011066301.jpg,C:\Users\20231807\Documents\GitHub\Cap_coral_reefs\New_version_of_the_project\website\benthic_datasets\mask_labels\reef_support\SEAVIEW_IDN_PHL\images\32011066301.jpg
image,32011080501,32011080501.jpg,C:\Users\20231807\Documents\GitHub\Cap_coral_reefs\New_version_of_the_project\website\benthic_datasets\mask_labels\reef_support\SEAVIEW_IDN_PHL\images\32011080501.jpg
image,32011082601,32011082601.jpg,C:\Users\20231807\Documents\GitHub\Cap_coral_reefs\New_version_of_the_project\website\benthic_datasets\mask_labels\reef_support\SEAVIEW_IDN_PHL\images\32011082601.jpg
image,32011086801,32011086801.jpg,C:\Users\20231807\Documents\GitHub\Cap_coral_reefs\New_version_of_the_project\website\benthic_datasets\mask_labels\reef_support\SEAVIEW_IDN_PHL\images\32011086801.jpg
image,32011088501,32011088501.jpg,C:\Users\20231807\Documents\GitHub\Cap_coral_reefs\New_version_of_the_project\website\benthic_datasets\mask_labels\reef_support\SEAVIEW_IDN_PHL\images\32011088501.jpg
image,32011104401,32011104401.jpg,C:\Users\20231807\Documents\GitHub\Cap_coral_reefs\New_version_of_the_project\website\benthic_datasets\mask_labels\reef_support\SEAVIEW_IDN_PHL\images\32011104401.jpg
image,32012164201,32012164201.jpg,C:\Users\20231807\Documents\GitHub\Cap_coral_reefs\New_version_of_the_project\website\benthic_datasets\mask_labels\reef_support\SEAVIEW_IDN_PHL\images\32012164201.jpg
image,32012165201,32012165201.jpg,C:\Users\20231807\Documents\GitHub\Cap_coral_reefs\New_version_of_the_project\website\benthic_datasets\mask_labels\reef_support\SEAVIEW_IDN_PHL\images\32012165201.jpg
image,32012168901,32012168901.jpg,C:\Users\20231807\Documents\GitHub\Cap_coral_reefs\New_version_of_the_project\website\benthic_datasets\mask_labels\reef_support\SEAVIEW_IDN_PHL\images\32012168901.jpg
image,32012174001,32012174001.jpg,C:\Users\20231807\Documents\GitHub\Cap_coral_reefs\New_version_of_the_project\website\benthic_datasets\mask_labels\reef_support\SEAVIEW_IDN_PHL\images\32012174001.jpg
image,32012178301,32012178301.jpg,C:\Users\20231807\Documents\GitHub\Cap_coral_reefs\New_version_of_the_project\website\benthic_datasets\mask_labels\reef_support\SEAVIEW_IDN_PHL\images\32012178301.jpg
image,32016002001,32016002001.jpg,C:\Users\20231807\Documents\GitHub\Cap_coral_reefs\New_version_of_the_project\website\benthic_datasets\mask_labels\reef_support\SEAVIEW_IDN_PHL\images\32016002001.jpg
image,32016006201,32016006201.jpg,C:\Users\20231807\Documents\GitHub\Cap_coral_reefs\New_version_of_the_project\website\benthic_datasets\mask_labels\reef_support\SEAVIEW_IDN_PHL\images\32016006201.jpg
image,32016007701,32016007701.jpg,C:\Users\20231807\Documents\GitHub\Cap_coral_reefs\New_version_of_the_project\website\benthic_datasets\mask_labels\reef_support\SEAVIEW_IDN_PHL\images\32016007701.jpg
image,32016009601,32016009601.jpg,C:\Users\20231807\Documents\GitHub\Cap_coral_reefs\New_version_of_the_project\website\benthic_datasets\mask_labels\reef_support\SEAVIEW_IDN_PHL\images\32016009601.jpg
image,32016011301,32016011301.jpg,C:\Users\20231807\Documents\GitHub\Cap_coral_reefs\New_version_of_the_project\website\benthic_datasets\mask_labels\reef_support\SEAVIEW_IDN_PHL\images\32016011301.jpg
image,32017016601,32017016601.jpg,C:\Users\20231807\Documents\GitHub\Cap_coral_reefs\New_version_of_the_project\website\benthic_datasets\mask_labels\reef_support\SEAVIEW_IDN_PHL\images\32017016601.jpg
image,32017059501,32017059501.jpg,C:\Users\20231807\Documents\GitHub\Cap_coral_reefs\New_version_of_the_project\website\benthic_datasets\mask_labels\reef_support\SEAVIEW_IDN_PHL\images\32017059501.jpg
image,32018140601,32018140601.jpg,C:\Users\20231807\Documents\GitHub\Cap_coral_reefs\New_version_of_the_project\website\benthic_datasets\mask_labels\reef_support\SEAVIEW_IDN_PHL\images\32018140601.jpg
image,32018140801,32018140801.jpg,C:\Users\20231807\Documents\GitHub\Cap_coral_reefs\New_version_of_the_project\website\benthic_datasets\mask_labels\reef_support\SEAVIEW_IDN_PHL\images\32018140801.jpg
image,32018141101,32018141101.jpg,C:\Users\20231807\Documents\GitHub\Cap_coral_reefs\New_version_of_the_project\website\benthic_datasets\mask_labels\reef_support\SEAVIEW_IDN_PHL\images\32018141101.jpg
image,32018141201,32018141201.jpg,C:\Users\20231807\Documents\GitHub\Cap_coral_reefs\New_version_of_the_project\website\benthic_datasets\mask_labels\reef_support\SEAVIEW_IDN_PHL\images\32018141201.jpg
image,32018141401,32018141401.jpg,C:\Users\20231807\Documents\GitHub\Cap_coral_reefs\New_version_of_the_project\website\benthic_datasets\mask_labels\reef_support\SEAVIEW_IDN_PHL\images\32018141401.jpg
image,32018141601,32018141601.jpg,C:\Users\20231807\Documents\GitHub\Cap_coral_reefs\New_version_of_the_project\website\benthic_datasets\mask_labels\reef_support\SEAVIEW_IDN_PHL\images\32018141601.jpg
image,32018141901,32018141901.jpg,C:\Users\20231807\Documents\GitHub\Cap_coral_reefs\New_version_of_the_project\website\benthic_datasets\mask_labels\reef_support\SEAVIEW_IDN_PHL\images\32018141901.jpg
image,32018142201,32018142201.jpg,C:\Users\20231807\Documents\GitHub\Cap_coral_reefs\New_version_of_the_project\website\benthic_datasets\mask_labels\reef_support\SEAVIEW_IDN_PHL\images\32018142201.jpg
image,32018142401,32018142401.jpg,C:\Users\20231807\Documents\GitHub\Cap_coral_reefs\New_version_of_the_project\website\benthic_datasets\mask_labels\reef_support\SEAVIEW_IDN_PHL\images\32018142401.jpg
image,32018142501,32018142501.jpg,C:\Users\20231807\Documents\GitHub\Cap_coral_reefs\New_version_of_the_project\website\benthic_datasets\mask_labels\reef_support\SEAVIEW_IDN_PHL\images\32018142501.jpg
image,32018142701,32018142701.jpg,C:\Users\20231807\Documents\GitHub\Cap_coral_reefs\New_version_of_the_project\website\benthic_datasets\mask_labels\reef_support\SEAVIEW_IDN_PHL\images\32018142701.jpg
image,32018142901,32018142901.jpg,C:\Users\20231807\Documents\GitHub\Cap_coral_reefs\New_version_of_the_project\website\benthic_datasets\mask_labels\reef_support\SEAVIEW_IDN_PHL\images\32018142901.jpg
image,32018143001,32018143001.jpg,C:\Users\20231807\Documents\GitHub\Cap_coral_reefs\New_version_of_the_project\website\benthic_datasets\mask_labels\reef_support\SEAVIEW_IDN_PHL\images\32018143001.jpg
image,32018143201,32018143201.jpg,C:\Users\20231807\Documents\GitHub\Cap_coral_reefs\New_version_of_the_project\website\benthic_datasets\mask_labels\reef_support\SEAVIEW_IDN_PHL\images\32018143201.jpg
image,32018143301,32018143301.jpg,C:\Users\20231807\Documents\GitHub\Cap_coral_reefs\New_version_of_the_project\website\benthic_datasets\mask_labels\reef_support\SEAVIEW_IDN_PHL\images\32018143301.jpg
image,32018146601,32018146601.jpg,C:\Users\20231807\Documents\GitHub\Cap_coral_reefs\New_version_of_the_project\website\benthic_datasets\mask_labels\reef_support\SEAVIEW_IDN_PHL\images\32018146601.jpg
image,32018163901,32018163901.jpg,C:\Users\20231807\Documents\GitHub\Cap_coral_reefs\New_version_of_the_project\website\benthic_datasets\mask_labels\reef_support\SEAVIEW_IDN_PHL\images\32018163901.jpg
image,32018169001,32018169001.jpg,C:\Users\20231807\Documents\GitHub\Cap_coral_reefs\New_version_of_the_project\website\benthic_datasets\mask_labels\reef_support\SEAVIEW_IDN_PHL\images\32018169001.jpg
image,32019002101,32019002101.jpg,C:\Users\20231807\Documents\GitHub\Cap_coral_reefs\New_version_of_the_project\website\benthic_datasets\mask_labels\reef_support\SEAVIEW_IDN_PHL\images\32019002101.jpg
image,32019018401,32019018401.jpg,C:\Users\20231807\Documents\GitHub\Cap_coral_reefs\New_version_of_the_project\website\benthic_datasets\mask_labels\reef_support\SEAVIEW_IDN_PHL\images\32019018401.jpg
image,32019046301,32019046301.jpg,C:\Users\20231807\Documents\GitHub\Cap_coral_reefs\New_version_of_the_project\website\benthic_datasets\mask_labels\reef_support\SEAVIEW_IDN_PHL\images\32019046301.jpg
image,32028191701,32028191701.jpg,C:\Users\20231807\Documents\GitHub\Cap_coral_reefs\New_version_of_the_project\website\benthic_datasets\mask_labels\reef_support\SEAVIEW_IDN_PHL\images\32028191701.jpg
image,32028193301,32028193301.jpg,C:\Users\20231807\Documents\GitHub\Cap_coral_reefs\New_version_of_the_project\website\benthic_datasets\mask_labels\reef_support\SEAVIEW_IDN_PHL\images\32028193301.jpg
image,32028200601,32028200601.jpg,C:\Users\20231807\Documents\GitHub\Cap_coral_reefs\New_version_of_the_project\website\benthic_datasets\mask_labels\reef_support\SEAVIEW_IDN_PHL\images\32028200601.jpg
image,33001003001,33001003001.jpg,C:\Users\20231807\Documents\GitHub\Cap_coral_reefs\New_version_of_the_project\website\benthic_datasets\mask_labels\reef_support\SEAVIEW_IDN_PHL\images\33001003001.jpg
image,33001013501,33001013501.jpg,C:\Users\20231807\Documents\GitHub\Cap_coral_reefs\New_version_of_the_project\website\benthic_datasets\mask_labels\reef_support\SEAVIEW_IDN_PHL\images\33001013501.jpg
image,33001023401,33001023401.jpg,C:\Users\20231807\Documents\GitHub\Cap_coral_reefs\New_version_of_the_project\website\benthic_datasets\mask_labels\reef_support\SEAVIEW_IDN_PHL\images\33001023401.jpg
image,33001042001,33001042001.jpg,C:\Users\20231807\Documents\GitHub\Cap_coral_reefs\New_version_of_the_project\website\benthic_datasets\mask_labels\reef_support\SEAVIEW_IDN_PHL\images\33001042001.jpg
image,33001043801,33001043801.jpg,C:\Users\20231807\Documents\GitHub\Cap_coral_reefs\New_version_of_the_project\website\benthic_datasets\mask_labels\reef_support\SEAVIEW_IDN_PHL\images\33001043801.jpg
image,33001090801,33001090801.jpg,C:\Users\20231807\Documents\GitHub\Cap_coral_reefs\New_version_of_the_project\website\benthic_datasets\mask_labels\reef_support\SEAVIEW_IDN_PHL\images\33001090801.jpg
image,33002117301,33002117301.jpg,C:\Users\20231807\Documents\GitHub\Cap_coral_reefs\New_version_of_the_project\website\benthic_datasets\mask_labels\reef_support\SEAVIEW_IDN_PHL\images\33002117301.jpg
image,33002147101,33002147101.jpg,C:\Users\20231807\Documents\GitHub\Cap_coral_reefs\New_version_of_the_project\website\benthic_datasets\mask_labels\reef_support\SEAVIEW_IDN_PHL\images\33002147101.jpg
image,33002160001,33002160001.jpg,C:\Users\20231807\Documents\GitHub\Cap_coral_reefs\New_version_of_the_project\website\benthic_datasets\mask_labels\reef_support\SEAVIEW_IDN_PHL\images\33002160001.jpg
image,33002161601,33002161601.jpg,C:\Users\20231807\Documents\GitHub\Cap_coral_reefs\New_version_of_the_project\website\benthic_datasets\mask_labels\reef_support\SEAVIEW_IDN_PHL\images\33002161601.jpg
image,33002166101,33002166101.jpg,C:\Users\20231807\Documents\GitHub\Cap_coral_reefs\New_version_of_the_project\website\benthic_datasets\mask_labels\reef_support\SEAVIEW_IDN_PHL\images\33002166101.jpg
image,33002172301,33002172301.jpg,C:\Users\20231807\Documents\GitHub\Cap_coral_reefs\New_version_of_the_project\website\benthic_datasets\mask_labels\reef_support\SEAVIEW_IDN_PHL\images\33002172301.jpg
image,33003185801,33003185801.jpg,C:\Users\20231807\Documents\GitHub\Cap_coral_reefs\New_version_of_the_project\website\benthic_datasets\mask_labels\reef_support\SEAVIEW_IDN_PHL\images\33003185801.jpg
image,33003189301,33003189301.jpg,C:\Users\20231807\Documents\GitHub\Cap_coral_reefs\New_version_of_the_project\website\benthic_datasets\mask_labels\reef_support\SEAVIEW_IDN_PHL\images\33003189301.jpg
image,33003189501,33003189501.jpg,C:\Users\20231807\Documents\GitHub\Cap_coral_reefs\New_version_of_the_project\website\benthic_datasets\mask_labels\reef_support\SEAVIEW_IDN_PHL\images\33003189501.jpg
image,33003189601,33003189601.jpg,C:\Users\20231807\Documents\GitHub\Cap_coral_reefs\New_version_of_the_project\website\benthic_datasets\mask_labels\reef_support\SEAVIEW_IDN_PHL\images\33003189601.jpg
image,33003189801,33003189801.jpg,C:\Users\20231807\Documents\GitHub\Cap_coral_reefs\New_version_of_the_project\website\benthic_datasets\mask_labels\reef_support\SEAVIEW_IDN_PHL\images\33003189801.jpg
image,33003190001,33003190001.jpg,C:\Users\20231807\Documents\GitHub\Cap_coral_reefs\New_version_of_the_project\website\benthic_datasets\mask_labels\reef_support\SEAVIEW_IDN_PHL\images\33003190001.jpg
image,33003190301,33003190301.jpg,C:\Users\20231807\Documents\GitHub\Cap_coral_reefs\New_version_of_the_project\website\benthic_datasets\mask_labels\reef_support\SEAVIEW_IDN_PHL\images\33003190301.jpg
image,33003190501,33003190501.jpg,C:\Users\20231807\Documents\GitHub\Cap_coral_reefs\New_version_of_the_project\website\benthic_datasets\mask_labels\reef_support\SEAVIEW_IDN_PHL\images\33003190501.jpg
image,33004046601,33004046601.jpg,C:\Users\20231807\Documents\GitHub\Cap_coral_reefs\New_version_of_the_project\website\benthic_datasets\mask_labels\reef_support\SEAVIEW_IDN_PHL\images\33004046601.jpg
image,33004051701,33004051701.jpg,C:\Users\20231807\Documents\GitHub\Cap_coral_reefs\New_version_of_the_project\website\benthic_datasets\mask_labels\reef_support\SEAVIEW_IDN_PHL\images\33004051701.jpg
image,33004081501,33004081501.jpg,C:\Users\20231807\Documents\GitHub\Cap_coral_reefs\New_version_of_the_project\website\benthic_datasets\mask_labels\reef_support\SEAVIEW_IDN_PHL\images\33004081501.jpg
image,33005104001,33005104001.jpg,C:\Users\20231807\Documents\GitHub\Cap_coral_reefs\New_version_of_the_project\website\benthic_datasets\mask_labels\reef_support\SEAVIEW_IDN_PHL\images\33005104001.jpg
image,33005104301,33005104301.jpg,C:\Users\20231807\Documents\GitHub\Cap_coral_reefs\New_version_of_the_project\website\benthic_datasets\mask_labels\reef_support\SEAVIEW_IDN_PHL\images\33005104301.jpg
image,33005109101,33005109101.jpg,C:\Users\20231807\Documents\GitHub\Cap_coral_reefs\New_version_of_the_project\website\benthic_datasets\mask_labels\reef_support\SEAVIEW_IDN_PHL\images\33005109101.jpg
image,33005124601,33005124601.jpg,C:\Users\20231807\Documents\GitHub\Cap_coral_reefs\New_version_of_the_project\website\benthic_datasets\mask_labels\reef_support\SEAVIEW_IDN_PHL\images\33005124601.jpg
image,33005128301,33005128301.jpg,C:\Users\20231807\Documents\GitHub\Cap_coral_reefs\New_version_of_the_project\website\benthic_datasets\mask_labels\reef_support\SEAVIEW_IDN_PHL\images\33005128301.jpg
image,33005138001,33005138001.jpg,C:\Users\20231807\Documents\GitHub\Cap_coral_reefs\New_version_of_the_project\website\benthic_datasets\mask_labels\reef_support\SEAVIEW_IDN_PHL\images\33005138001.jpg
image,33006257401,33006257401.jpg,C:\Users\20231807\Documents\GitHub\Cap_coral_reefs\New_version_of_the_project\website\benthic_datasets\mask_labels\reef_support\SEAVIEW_IDN_PHL\images\33006257401.jpg
image,33006257601,33006257601.jpg,C:\Users\20231807\Documents\GitHub\Cap_coral_reefs\New_version_of_the_project\website\benthic_datasets\mask_labels\reef_support\SEAVIEW_IDN_PHL\images\33006257601.jpg
image,33006257801,33006257801.jpg,C:\Users\20231807\Documents\GitHub\Cap_coral_reefs\New_version_of_the_project\website\benthic_datasets\mask_labels\reef_support\SEAVIEW_IDN_PHL\images\33006257801.jpg
image,33006257901,33006257901.jpg,C:\Users\20231807\Documents\GitHub\Cap_coral_reefs\New_version_of_the_project\website\benthic_datasets\mask_labels\reef_support\SEAVIEW_IDN_PHL\images\33006257901.jpg
image,33006258001,33006258001.jpg,C:\Users\20231807\Documents\GitHub\Cap_coral_reefs\New_version_of_the_project\website\benthic_datasets\mask_labels\reef_support\SEAVIEW_IDN_PHL\images\33006258001.jpg
image,33006258201,33006258201.jpg,C:\Users\20231807\Documents\GitHub\Cap_coral_reefs\New_version_of_the_project\website\benthic_datasets\mask_labels\reef_support\SEAVIEW_IDN_PHL\images\33006258201.jpg
image,33006258401,33006258401.jpg,C:\Users\20231807\Documents\GitHub\Cap_coral_reefs\New_version_of_the_project\website\benthic_datasets\mask_labels\reef_support\SEAVIEW_IDN_PHL\images\33006258401.jpg
image,33006258701,33006258701.jpg,C:\Users\20231807\Documents\GitHub\Cap_coral_reefs\New_version_of_the_project\website\benthic_datasets\mask_labels\reef_support\SEAVIEW_IDN_PHL\images\33006258701.jpg
image,33006258901,33006258901.jpg,C:\Users\20231807\Documents\GitHub\Cap_coral_reefs\New_version_of_the_project\website\benthic_datasets\mask_labels\reef_support\SEAVIEW_IDN_PHL\images\33006258901.jpg
image,33006259001,33006259001.jpg,C:\Users\20231807\Documents\GitHub\Cap_coral_reefs\New_version_of_the_project\website\benthic_datasets\mask_labels\reef_support\SEAVIEW_IDN_PHL\images\33006259001.jpg
image,33006259201,33006259201.jpg,C:\Users\20231807\Documents\GitHub\Cap_coral_reefs\New_version_of_the_project\website\benthic_datasets\mask_labels\reef_support\SEAVIEW_IDN_PHL\images\33006259201.jpg
image,33006259501,33006259501.jpg,C:\Users\20231807\Documents\GitHub\Cap_coral_reefs\New_version_of_the_project\website\benthic_datasets\mask_labels\reef_support\SEAVIEW_IDN_PHL\images\33006259501.jpg
image,33006259701,33006259701.jpg,C:\Users\20231807\Documents\GitHub\Cap_coral_reefs\New_version_of_the_project\website\benthic_datasets\mask_labels\reef_support\SEAVIEW_IDN_PHL\images\33006259701.jpg
image,33006280301,33006280301.jpg,C:\Users\20231807\Documents\GitHub\Cap_coral_reefs\New_version_of_the_project\website\benthic_datasets\mask_labels\reef_support\SEAVIEW_IDN_PHL\images\33006280301.jpg
image,33007001501,33007001501.jpg,C:\Users\20231807\Documents\GitHub\Cap_coral_reefs\New_version_of_the_project\website\benthic_datasets\mask_labels\reef_support\SEAVIEW_IDN_PHL\images\33007001501.jpg
image,33007002701,33007002701.jpg,C:\Users\20231807\Documents\GitHub\Cap_coral_reefs\New_version_of_the_project\website\benthic_datasets\mask_labels\reef_support\SEAVIEW_IDN_PHL\images\33007002701.jpg
image,33007053401,33007053401.jpg,C:\Users\20231807\Documents\GitHub\Cap_coral_reefs\New_version_of_the_project\website\benthic_datasets\mask_labels\reef_support\SEAVIEW_IDN_PHL\images\33007053401.jpg
image,33007057401,33007057401.jpg,C:\Users\20231807\Documents\GitHub\Cap_coral_reefs\New_version_of_the_project\website\benthic_datasets\mask_labels\reef_support\SEAVIEW_IDN_PHL\images\33007057401.jpg
image,33007064901,33007064901.jpg,C:\Users\20231807\Documents\GitHub\Cap_coral_reefs\New_version_of_the_project\website\benthic_datasets\mask_labels\reef_support\SEAVIEW_IDN_PHL\images\33007064901.jpg
image,33007076001,33007076001.jpg,C:\Users\20231807\Documents\GitHub\Cap_coral_reefs\New_version_of_the_project\website\benthic_datasets\mask_labels\reef_support\SEAVIEW_IDN_PHL\images\33007076001.jpg
image,33011179301,33011179301.jpg,C:\Users\20231807\Documents\GitHub\Cap_coral_reefs\New_version_of_the_project\website\benthic_datasets\mask_labels\reef_support\SEAVIEW_IDN_PHL\images\33011179301.jpg
image,33012204801,33012204801.jpg,C:\Users\20231807\Documents\GitHub\Cap_coral_reefs\New_version_of_the_project\website\benthic_datasets\mask_labels\reef_support\SEAVIEW_IDN_PHL\images\33012204801.jpg
image,33012207801,33012207801.jpg,C:\Users\20231807\Documents\GitHub\Cap_coral_reefs\New_version_of_the_project\website\benthic_datasets\mask_labels\reef_support\SEAVIEW_IDN_PHL\images\33012207801.jpg
image,33012222401,33012222401.jpg,C:\Users\20231807\Documents\GitHub\Cap_coral_reefs\New_version_of_the_project\website\benthic_datasets\mask_labels\reef_support\SEAVIEW_IDN_PHL\images\33012222401.jpg
image,33012228401,33012228401.jpg,C:\Users\20231807\Documents\GitHub\Cap_coral_reefs\New_version_of_the_project\website\benthic_datasets\mask_labels\reef_support\SEAVIEW_IDN_PHL\images\33012228401.jpg
image,33012291301,33012291301.jpg,C:\Users\20231807\Documents\GitHub\Cap_coral_reefs\New_version_of_the_project\website\benthic_datasets\mask_labels\reef_support\SEAVIEW_IDN_PHL\images\33012291301.jpg
image,33013020001,33013020001.jpg,C:\Users\20231807\Documents\GitHub\Cap_coral_reefs\New_version_of_the_project\website\benthic_datasets\mask_labels\reef_support\SEAVIEW_IDN_PHL\images\33013020001.jpg
image,33013020301,33013020301.jpg,C:\Users\20231807\Documents\GitHub\Cap_coral_reefs\New_version_of_the_project\website\benthic_datasets\mask_labels\reef_support\SEAVIEW_IDN_PHL\images\33013020301.jpg
image,33013029001,33013029001.jpg,C:\Users\20231807\Documents\GitHub\Cap_coral_reefs\New_version_of_the_project\website\benthic_datasets\mask_labels\reef_support\SEAVIEW_IDN_PHL\images\33013029001.jpg
image,33013031301,33013031301.jpg,C:\Users\20231807\Documents\GitHub\Cap_coral_reefs\New_version_of_the_project\website\benthic_datasets\mask_labels\reef_support\SEAVIEW_IDN_PHL\images\33013031301.jpg
image,33013031501,33013031501.jpg,C:\Users\20231807\Documents\GitHub\Cap_coral_reefs\New_version_of_the_project\website\benthic_datasets\mask_labels\reef_support\SEAVIEW_IDN_PHL\images\33013031501.jpg
image,33013031701,33013031701.jpg,C:\Users\20231807\Documents\GitHub\Cap_coral_reefs\New_version_of_the_project\website\benthic_datasets\mask_labels\reef_support\SEAVIEW_IDN_PHL\images\33013031701.jpg
image,33013031801,33013031801.jpg,C:\Users\20231807\Documents\GitHub\Cap_coral_reefs\New_version_of_the_project\website\benthic_datasets\mask_labels\reef_support\SEAVIEW_IDN_PHL\images\33013031801.jpg
image,33013032101,33013032101.jpg,C:\Users\20231807\Documents\GitHub\Cap_coral_reefs\New_version_of_the_project\website\benthic_datasets\mask_labels\reef_support\SEAVIEW_IDN_PHL\images\33013032101.jpg
image,33013032301,33013032301.jpg,C:\Users\20231807\Documents\GitHub\Cap_coral_reefs\New_version_of_the_project\website\benthic_datasets\mask_labels\reef_support\SEAVIEW_IDN_PHL\images\33013032301.jpg
image,33013032601,33013032601.jpg,C:\Users\20231807\Documents\GitHub\Cap_coral_reefs\New_version_of_the_project\website\benthic_datasets\mask_labels\reef_support\SEAVIEW_IDN_PHL\images\33013032601.jpg
image,33013032801,33013032801.jpg,C:\Users\20231807\Documents\GitHub\Cap_coral_reefs\New_version_of_the_project\website\benthic_datasets\mask_labels\reef_support\SEAVIEW_IDN_PHL\images\33013032801.jpg
image,33013033101,33013033101.jpg,C:\Users\20231807\Documents\GitHub\Cap_coral_reefs\New_version_of_the_project\website\benthic_datasets\mask_labels\reef_support\SEAVIEW_IDN_PHL\images\33013033101.jpg
image,33013033401,33013033401.jpg,C:\Users\20231807\Documents\GitHub\Cap_coral_reefs\New_version_of_the_project\website\benthic_datasets\mask_labels\reef_support\SEAVIEW_IDN_PHL\images\33013033401.jpg
image,33013033601,33013033601.jpg,C:\Users\20231807\Documents\GitHub\Cap_coral_reefs\New_version_of_the_project\website\benthic_datasets\mask_labels\reef_support\SEAVIEW_IDN_PHL\images\33013033601.jpg
image,33013033901,33013033901.jpg,C:\Users\20231807\Documents\GitHub\Cap_coral_reefs\New_version_of_the_project\website\benthic_datasets\mask_labels\reef_support\SEAVIEW_IDN_PHL\images\33013033901.jpg
image,33013034001,33013034001.jpg,C:\Users\20231807\Documents\GitHub\Cap_coral_reefs\New_version_of_the_project\website\benthic_datasets\mask_labels\reef_support\SEAVIEW_IDN_PHL\images\33013034001.jpg
image,33013053301,33013053301.jpg,C:\Users\20231807\Documents\GitHub\Cap_coral_reefs\New_version_of_the_project\website\benthic_datasets\mask_labels\reef_support\SEAVIEW_IDN_PHL\images\33013053301.jpg
image,33013054001,33013054001.jpg,C:\Users\20231807\Documents\GitHub\Cap_coral_reefs\New_version_of_the_project\website\benthic_datasets\mask_labels\reef_support\SEAVIEW_IDN_PHL\images\33013054001.jpg
image,33013084101,33013084101.jpg,C:\Users\20231807\Documents\GitHub\Cap_coral_reefs\New_version_of_the_project\website\benthic_datasets\mask_labels\reef_support\SEAVIEW_IDN_PHL\images\33013084101.jpg
image,33013085101,33013085101.jpg,C:\Users\20231807\Documents\GitHub\Cap_coral_reefs\New_version_of_the_project\website\benthic_datasets\mask_labels\reef_support\SEAVIEW_IDN_PHL\images\33013085101.jpg
image,33013086701,33013086701.jpg,C:\Users\20231807\Documents\GitHub\Cap_coral_reefs\New_version_of_the_project\website\benthic_datasets\mask_labels\reef_support\SEAVIEW_IDN_PHL\images\33013086701.jpg
image,33014102601,33014102601.jpg,C:\Users\20231807\Documents\GitHub\Cap_coral_reefs\New_version_of_the_project\website\benthic_datasets\mask_labels\reef_support\SEAVIEW_IDN_PHL\images\33014102601.jpg
image,33014128501,33014128501.jpg,C:\Users\20231807\Documents\GitHub\Cap_coral_reefs\New_version_of_the_project\website\benthic_datasets\mask_labels\reef_support\SEAVIEW_IDN_PHL\images\33014128501.jpg
image,33014140501,33014140501.jpg,C:\Users\20231807\Documents\GitHub\Cap_coral_reefs\New_version_of_the_project\website\benthic_datasets\mask_labels\reef_support\SEAVIEW_IDN_PHL\images\33014140501.jpg
image,33014150401,33014150401.jpg,C:\Users\20231807\Documents\GitHub\Cap_coral_reefs\New_version_of_the_project\website\benthic_datasets\mask_labels\reef_support\SEAVIEW_IDN_PHL\images\33014150401.jpg
image,33014162601,33014162601.jpg,C:\Users\20231807\Documents\GitHub\Cap_coral_reefs\New_version_of_the_project\website\benthic_datasets\mask_labels\reef_support\SEAVIEW_IDN_PHL\images\33014162601.jpg
image,33014183101,33014183101.jpg,C:\Users\20231807\Documents\GitHub\Cap_coral_reefs\New_version_of_the_project\website\benthic_datasets\mask_labels\reef_support\SEAVIEW_IDN_PHL\images\33014183101.jpg
image,33014186501,33014186501.jpg,C:\Users\20231807\Documents\GitHub\Cap_coral_reefs\New_version_of_the_project\website\benthic_datasets\mask_labels\reef_support\SEAVIEW_IDN_PHL\images\33014186501.jpg
image,33015214601,33015214601.jpg,C:\Users\20231807\Documents\GitHub\Cap_coral_reefs\New_version_of_the_project\website\benthic_datasets\mask_labels\reef_support\SEAVIEW_IDN_PHL\images\33015214601.jpg
image,33015216501,33015216501.jpg,C:\Users\20231807\Documents\GitHub\Cap_coral_reefs\New_version_of_the_project\website\benthic_datasets\mask_labels\reef_support\SEAVIEW_IDN_PHL\images\33015216501.jpg
image,33015220401,33015220401.jpg,C:\Users\20231807\Documents\GitHub\Cap_coral_reefs\New_version_of_the_project\website\benthic_datasets\mask_labels\reef_support\SEAVIEW_IDN_PHL\images\33015220401.jpg
image,33015221201,33015221201.jpg,C:\Users\20231807\Documents\GitHub\Cap_coral_reefs\New_version_of_the_project\website\benthic_datasets\mask_labels\reef_support\SEAVIEW_IDN_PHL\images\33015221201.jpg
image,33015227301,33015227301.jpg,C:\Users\20231807\Documents\GitHub\Cap_coral_reefs\New_version_of_the_project\website\benthic_datasets\mask_labels\reef_support\SEAVIEW_IDN_PHL\images\33015227301.jpg
image,33015229401,33015229401.jpg,C:\Users\20231807\Documents\GitHub\Cap_coral_reefs\New_version_of_the_project\website\benthic_datasets\mask_labels\reef_support\SEAVIEW_IDN_PHL\images\33015229401.jpg
image,33016269101,33016269101.jpg,C:\Users\20231807\Documents\GitHub\Cap_coral_reefs\New_version_of_the_project\website\benthic_datasets\mask_labels\reef_support\SEAVIEW_IDN_PHL\images\33016269101.jpg
image,33016271801,33016271801.jpg,C:\Users\20231807\Documents\GitHub\Cap_coral_reefs\New_version_of_the_project\website\benthic_datasets\mask_labels\reef_support\SEAVIEW_IDN_PHL\images\33016271801.jpg
image,33016273101,33016273101.jpg,C:\Users\20231807\Documents\GitHub\Cap_coral_reefs\New_version_of_the_project\website\benthic_datasets\mask_labels\reef_support\SEAVIEW_IDN_PHL\images\33016273101.jpg
image,33016274901,33016274901.jpg,C:\Users\20231807\Documents\GitHub\Cap_coral_reefs\New_version_of_the_project\website\benthic_datasets\mask_labels\reef_support\SEAVIEW_IDN_PHL\images\33016274901.jpg
image,33016276301,33016276301.jpg,C:\Users\20231807\Documents\GitHub\Cap_coral_reefs\New_version_of_the_project\website\benthic_datasets\mask_labels\reef_support\SEAVIEW_IDN_PHL\images\33016276301.jpg
image,33016276801,33016276801.jpg,C:\Users\20231807\Documents\GitHub\Cap_coral_reefs\New_version_of_the_project\website\benthic_datasets\mask_labels\reef_support\SEAVIEW_IDN_PHL\images\33016276801.jpg
image,33017001801,33017001801.jpg,C:\Users\20231807\Documents\GitHub\Cap_coral_reefs\New_version_of_the_project\website\benthic_datasets\mask_labels\reef_support\SEAVIEW_IDN_PHL\images\33017001801.jpg
image,33017014901,33017014901.jpg,C:\Users\20231807\Documents\GitHub\Cap_coral_reefs\New_version_of_the_project\website\benthic_datasets\mask_labels\reef_support\SEAVIEW_IDN_PHL\images\33017014901.jpg
image,33017021201,33017021201.jpg,C:\Users\20231807\Documents\GitHub\Cap_coral_reefs\New_version_of_the_project\website\benthic_datasets\mask_labels\reef_support\SEAVIEW_IDN_PHL\images\33017021201.jpg
image,33017025101,33017025101.jpg,C:\Users\20231807\Documents\GitHub\Cap_coral_reefs\New_version_of_the_project\website\benthic_datasets\mask_labels\reef_support\SEAVIEW_IDN_PHL\images\33017025101.jpg
image,33017042801,33017042801.jpg,C:\Users\20231807\Documents\GitHub\Cap_coral_reefs\New_version_of_the_project\website\benthic_datasets\mask_labels\reef_support\SEAVIEW_IDN_PHL\images\33017042801.jpg
image,33017047601,33017047601.jpg,C:\Users\20231807\Documents\GitHub\Cap_coral_reefs\New_version_of_the_project\website\benthic_datasets\mask_labels\reef_support\SEAVIEW_IDN_PHL\images\33017047601.jpg
image,33017058801,33017058801.jpg,C:\Users\20231807\Documents\GitHub\Cap_coral_reefs\New_version_of_the_project\website\benthic_datasets\mask_labels\reef_support\SEAVIEW_IDN_PHL\images\33017058801.jpg
image,33017065101,33017065101.jpg,C:\Users\20231807\Documents\GitHub\Cap_coral_reefs\New_version_of_the_project\website\benthic_datasets\mask_labels\reef_support\SEAVIEW_IDN_PHL\images\33017065101.jpg
image,33017087801,33017087801.jpg,C:\Users\20231807\Documents\GitHub\Cap_coral_reefs\New_version_of_the_project\website\benthic_datasets\mask_labels\reef_support\SEAVIEW_IDN_PHL\images\33017087801.jpg
image,33017088101,33017088101.jpg,C:\Users\20231807\Documents\GitHub\Cap_coral_reefs\New_version_of_the_project\website\benthic_datasets\mask_labels\reef_support\SEAVIEW_IDN_PHL\images\33017088101.jpg
image,33017088401,33017088401.jpg,C:\Users\20231807\Documents\GitHub\Cap_coral_reefs\New_version_of_the_project\website\benthic_datasets\mask_labels\reef_support\SEAVIEW_IDN_PHL\images\33017088401.jpg
image,33017088601,33017088601.jpg,C:\Users\20231807\Documents\GitHub\Cap_coral_reefs\New_version_of_the_project\website\benthic_datasets\mask_labels\reef_support\SEAVIEW_IDN_PHL\images\33017088601.jpg
image,33017088901,33017088901.jpg,C:\Users\20231807\Documents\GitHub\Cap_coral_reefs\New_version_of_the_project\website\benthic_datasets\mask_labels\reef_support\SEAVIEW_IDN_PHL\images\33017088901.jpg
image,33017089001,33017089001.jpg,C:\Users\20231807\Documents\GitHub\Cap_coral_reefs\New_version_of_the_project\website\benthic_datasets\mask_labels\reef_support\SEAVIEW_IDN_PHL\images\33017089001.jpg
image,33017089201,33017089201.jpg,C:\Users\20231807\Documents\GitHub\Cap_coral_reefs\New_version_of_the_project\website\benthic_datasets\mask_labels\reef_support\SEAVIEW_IDN_PHL\images\33017089201.jpg
image,33017089401,33017089401.jpg,C:\Users\20231807\Documents\GitHub\Cap_coral_reefs\New_version_of_the_project\website\benthic_datasets\mask_labels\reef_support\SEAVIEW_IDN_PHL\images\33017089401.jpg
image,33017089701,33017089701.jpg,C:\Users\20231807\Documents\GitHub\Cap_coral_reefs\New_version_of_the_project\website\benthic_datasets\mask_labels\reef_support\SEAVIEW_IDN_PHL\images\33017089701.jpg
image,33017089901,33017089901.jpg,C:\Users\20231807\Documents\GitHub\Cap_coral_reefs\New_version_of_the_project\website\benthic_datasets\mask_labels\reef_support\SEAVIEW_IDN_PHL\images\33017089901.jpg
image,33017090101,33017090101.jpg,C:\Users\20231807\Documents\GitHub\Cap_coral_reefs\New_version_of_the_project\website\benthic_datasets\mask_labels\reef_support\SEAVIEW_IDN_PHL\images\33017090101.jpg
image,33017090401,33017090401.jpg,C:\Users\20231807\Documents\GitHub\Cap_coral_reefs\New_version_of_the_project\website\benthic_datasets\mask_labels\reef_support\SEAVIEW_IDN_PHL\images\33017090401.jpg
image,33017090601,33017090601.jpg,C:\Users\20231807\Documents\GitHub\Cap_coral_reefs\New_version_of_the_project\website\benthic_datasets\mask_labels\reef_support\SEAVIEW_IDN_PHL\images\33017090601.jpg
image,33018102201,33018102201.jpg,C:\Users\20231807\Documents\GitHub\Cap_coral_reefs\New_version_of_the_project\website\benthic_datasets\mask_labels\reef_support\SEAVIEW_IDN_PHL\images\33018102201.jpg
image,33018109801,33018109801.jpg,C:\Users\20231807\Documents\GitHub\Cap_coral_reefs\New_version_of_the_project\website\benthic_datasets\mask_labels\reef_support\SEAVIEW_IDN_PHL\images\33018109801.jpg
image,33018110001,33018110001.jpg,C:\Users\20231807\Documents\GitHub\Cap_coral_reefs\New_version_of_the_project\website\benthic_datasets\mask_labels\reef_support\SEAVIEW_IDN_PHL\images\33018110001.jpg
image,33018110201,33018110201.jpg,C:\Users\20231807\Documents\GitHub\Cap_coral_reefs\New_version_of_the_project\website\benthic_datasets\mask_labels\reef_support\SEAVIEW_IDN_PHL\images\33018110201.jpg
image,33018110501,33018110501.jpg,C:\Users\20231807\Documents\GitHub\Cap_coral_reefs\New_version_of_the_project\website\benthic_datasets\mask_labels\reef_support\SEAVIEW_IDN_PHL\images\33018110501.jpg
mask,10001001601_mask,10001001601_mask.png,C:\Users\20231807\Documents\GitHub\Cap_coral_reefs\New_version_of_the_project\website\benthic_datasets\mask_labels\reef_support\SEAVIEW_PAC_AUS\masks_stitched\10001001601_mask.png
mask,10001013803_mask,10001013803_mask.png,C:\Users\20231807\Documents\GitHub\Cap_coral_reefs\New_version_of_the_project\website\benthic_datasets\mask_labels\reef_support\SEAVIEW_PAC_AUS\masks_stitched\10001013803_mask.png
mask,10001016705_mask,10001016705_mask.png,C:\Users\20231807\Documents\GitHub\Cap_coral_reefs\New_version_of_the_project\website\benthic_datasets\mask_labels\reef_support\SEAVIEW_PAC_AUS\masks_stitched\10001016705_mask.png
mask,10001016706_mask,10001016706_mask.png,C:\Users\20231807\Documents\GitHub\Cap_coral_reefs\New_version_of_the_project\website\benthic_datasets\mask_labels\reef_support\SEAVIEW_PAC_AUS\masks_stitched\10001016706_mask.png
mask,10001017005_mask,10001017005_mask.png,C:\Users\20231807\Documents\GitHub\Cap_coral_reefs\New_version_of_the_project\website\benthic_datasets\mask_labels\reef_support\SEAVIEW_PAC_AUS\masks_stitched\10001017005_mask.png
mask,10001018106_mask,10001018106_mask.png,C:\Users\20231807\Documents\GitHub\Cap_coral_reefs\New_version_of_the_project\website\benthic_datasets\mask_labels\reef_support\SEAVIEW_PAC_AUS\masks_stitched\10001018106_mask.png
mask,10001018802_mask,10001018802_mask.png,C:\Users\20231807\Documents\GitHub\Cap_coral_reefs\New_version_of_the_project\website\benthic_datasets\mask_labels\reef_support\SEAVIEW_PAC_AUS\masks_stitched\10001018802_mask.png
mask,10001019602_mask,10001019602_mask.png,C:\Users\20231807\Documents\GitHub\Cap_coral_reefs\New_version_of_the_project\website\benthic_datasets\mask_labels\reef_support\SEAVIEW_PAC_AUS\masks_stitched\10001019602_mask.png
mask,10001020102_mask,10001020102_mask.png,C:\Users\20231807\Documents\GitHub\Cap_coral_reefs\New_version_of_the_project\website\benthic_datasets\mask_labels\reef_support\SEAVIEW_PAC_AUS\masks_stitched\10001020102_mask.png
mask,10001020302_mask,10001020302_mask.png,C:\Users\20231807\Documents\GitHub\Cap_coral_reefs\New_version_of_the_project\website\benthic_datasets\mask_labels\reef_support\SEAVIEW_PAC_AUS\masks_stitched\10001020302_mask.png
mask,10001020902_mask,10001020902_mask.png,C:\Users\20231807\Documents\GitHub\Cap_coral_reefs\New_version_of_the_project\website\benthic_datasets\mask_labels\reef_support\SEAVIEW_PAC_AUS\masks_stitched\10001020902_mask.png
mask,10001021302_mask,10001021302_mask.png,C:\Users\20231807\Documents\GitHub\Cap_coral_reefs\New_version_of_the_project\website\benthic_datasets\mask_labels\reef_support\SEAVIEW_PAC_AUS\masks_stitched\10001021302_mask.png
mask,10001021702_mask,10001021702_mask.png,C:\Users\20231807\Documents\GitHub\Cap_coral_reefs\New_version_of_the_project\website\benthic_datasets\mask_labels\reef_support\SEAVIEW_PAC_AUS\masks_stitched\10001021702_mask.png
mask,10001021902_mask,10001021902_mask.png,C:\Users\20231807\Documents\GitHub\Cap_coral_reefs\New_version_of_the_project\website\benthic_datasets\mask_labels\reef_support\SEAVIEW_PAC_AUS\masks_stitched\10001021902_mask.png
mask,10001022702_mask,10001022702_mask.png,C:\Users\20231807\Documents\GitHub\Cap_coral_reefs\New_version_of_the_project\website\benthic_datasets\mask_labels\reef_support\SEAVIEW_PAC_AUS\masks_stitched\10001022702_mask.png
mask,10001022902_mask,10001022902_mask.png,C:\Users\20231807\Documents\GitHub\Cap_coral_reefs\New_version_of_the_project\website\benthic_datasets\mask_labels\reef_support\SEAVIEW_PAC_AUS\masks_stitched\10001022902_mask.png
mask,10001023102_mask,10001023102_mask.png,C:\Users\20231807\Documents\GitHub\Cap_coral_reefs\New_version_of_the_project\website\benthic_datasets\mask_labels\reef_support\SEAVIEW_PAC_AUS\masks_stitched\10001023102_mask.png
mask,10001023302_mask,10001023302_mask.png,C:\Users\20231807\Documents\GitHub\Cap_coral_reefs\New_version_of_the_project\website\benthic_datasets\mask_labels\reef_support\SEAVIEW_PAC_AUS\masks_stitched\10001023302_mask.png
mask,10001023702_mask,10001023702_mask.png,C:\Users\20231807\Documents\GitHub\Cap_coral_reefs\New_version_of_the_project\website\benthic_datasets\mask_labels\reef_support\SEAVIEW_PAC_AUS\masks_stitched\10001023702_mask.png
mask,10001024202_mask,10001024202_mask.png,C:\Users\20231807\Documents\GitHub\Cap_coral_reefs\New_version_of_the_project\website\benthic_datasets\mask_labels\reef_support\SEAVIEW_PAC_AUS\masks_stitched\10001024202_mask.png
mask,10001024402_mask,10001024402_mask.png,C:\Users\20231807\Documents\GitHub\Cap_coral_reefs\New_version_of_the_project\website\benthic_datasets\mask_labels\reef_support\SEAVIEW_PAC_AUS\masks_stitched\10001024402_mask.png
mask,10001024602_mask,10001024602_mask.png,C:\Users\20231807\Documents\GitHub\Cap_coral_reefs\New_version_of_the_project\website\benthic_datasets\mask_labels\reef_support\SEAVIEW_PAC_AUS\masks_stitched\10001024602_mask.png
mask,10001025602_mask,10001025602_mask.png,C:\Users\20231807\Documents\GitHub\Cap_coral_reefs\New_version_of_the_project\website\benthic_datasets\mask_labels\reef_support\SEAVIEW_PAC_AUS\masks_stitched\10001025602_mask.png
mask,10001026002_mask,10001026002_mask.png,C:\Users\20231807\Documents\GitHub\Cap_coral_reefs\New_version_of_the_project\website\benthic_datasets\mask_labels\reef_support\SEAVIEW_PAC_AUS\masks_stitched\10001026002_mask.png
mask,10001026202_mask,10001026202_mask.png,C:\Users\20231807\Documents\GitHub\Cap_coral_reefs\New_version_of_the_project\website\benthic_datasets\mask_labels\reef_support\SEAVIEW_PAC_AUS\masks_stitched\10001026202_mask.png
mask,10001026402_mask,10001026402_mask.png,C:\Users\20231807\Documents\GitHub\Cap_coral_reefs\New_version_of_the_project\website\benthic_datasets\mask_labels\reef_support\SEAVIEW_PAC_AUS\masks_stitched\10001026402_mask.png
mask,10001026602_mask,10001026602_mask.png,C:\Users\20231807\Documents\GitHub\Cap_coral_reefs\New_version_of_the_project\website\benthic_datasets\mask_labels\reef_support\SEAVIEW_PAC_AUS\masks_stitched\10001026602_mask.png
mask,10001026802_mask,10001026802_mask.png,C:\Users\20231807\Documents\GitHub\Cap_coral_reefs\New_version_of_the_project\website\benthic_datasets\mask_labels\reef_support\SEAVIEW_PAC_AUS\masks_stitched\10001026802_mask.png
mask,10001037501_mask,10001037501_mask.png,C:\Users\20231807\Documents\GitHub\Cap_coral_reefs\New_version_of_the_project\website\benthic_datasets\mask_labels\reef_support\SEAVIEW_PAC_AUS\masks_stitched\10001037501_mask.png
mask,10002003111_mask,10002003111_mask.png,C:\Users\20231807\Documents\GitHub\Cap_coral_reefs\New_version_of_the_project\website\benthic_datasets\mask_labels\reef_support\SEAVIEW_PAC_AUS\masks_stitched\10002003111_mask.png
mask,10005011302_mask,10005011302_mask.png,C:\Users\20231807\Documents\GitHub\Cap_coral_reefs\New_version_of_the_project\website\benthic_datasets\mask_labels\reef_support\SEAVIEW_PAC_AUS\masks_stitched\10005011302_mask.png
mask,10005015802_mask,10005015802_mask.png,C:\Users\20231807\Documents\GitHub\Cap_coral_reefs\New_version_of_the_project\website\benthic_datasets\mask_labels\reef_support\SEAVIEW_PAC_AUS\masks_stitched\10005015802_mask.png
mask,10005017402_mask,10005017402_mask.png,C:\Users\20231807\Documents\GitHub\Cap_coral_reefs\New_version_of_the_project\website\benthic_datasets\mask_labels\reef_support\SEAVIEW_PAC_AUS\masks_stitched\10005017402_mask.png
mask,10005020502_mask,10005020502_mask.png,C:\Users\20231807\Documents\GitHub\Cap_coral_reefs\New_version_of_the_project\website\benthic_datasets\mask_labels\reef_support\SEAVIEW_PAC_AUS\masks_stitched\10005020502_mask.png
mask,10005025802_mask,10005025802_mask.png,C:\Users\20231807\Documents\GitHub\Cap_coral_reefs\New_version_of_the_project\website\benthic_datasets\mask_labels\reef_support\SEAVIEW_PAC_AUS\masks_stitched\10005025802_mask.png
mask,10005029607_mask,10005029607_mask.png,C:\Users\20231807\Documents\GitHub\Cap_coral_reefs\New_version_of_the_project\website\benthic_datasets\mask_labels\reef_support\SEAVIEW_PAC_AUS\masks_stitched\10005029607_mask.png
mask,10005034102_mask,10005034102_mask.png,C:\Users\20231807\Documents\GitHub\Cap_coral_reefs\New_version_of_the_project\website\benthic_datasets\mask_labels\reef_support\SEAVIEW_PAC_AUS\masks_stitched\10005034102_mask.png
mask,10005034302_mask,10005034302_mask.png,C:\Users\20231807\Documents\GitHub\Cap_coral_reefs\New_version_of_the_project\website\benthic_datasets\mask_labels\reef_support\SEAVIEW_PAC_AUS\masks_stitched\10005034302_mask.png
mask,10005034403_mask,10005034403_mask.png,C:\Users\20231807\Documents\GitHub\Cap_coral_reefs\New_version_of_the_project\website\benthic_datasets\mask_labels\reef_support\SEAVIEW_PAC_AUS\masks_stitched\10005034403_mask.png
mask,10005035502_mask,10005035502_mask.png,C:\Users\20231807\Documents\GitHub\Cap_coral_reefs\New_version_of_the_project\website\benthic_datasets\mask_labels\reef_support\SEAVIEW_PAC_AUS\masks_stitched\10005035502_mask.png
mask,10005039002_mask,10005039002_mask.png,C:\Users\20231807\Documents\GitHub\Cap_coral_reefs\New_version_of_the_project\website\benthic_datasets\mask_labels\reef_support\SEAVIEW_PAC_AUS\masks_stitched\10005039002_mask.png
mask,10005042505_mask,10005042505_mask.png,C:\Users\20231807\Documents\GitHub\Cap_coral_reefs\New_version_of_the_project\website\benthic_datasets\mask_labels\reef_support\SEAVIEW_PAC_AUS\masks_stitched\10005042505_mask.png
mask,10005043302_mask,10005043302_mask.png,C:\Users\20231807\Documents\GitHub\Cap_coral_reefs\New_version_of_the_project\website\benthic_datasets\mask_labels\reef_support\SEAVIEW_PAC_AUS\masks_stitched\10005043302_mask.png
mask,10005043502_mask,10005043502_mask.png,C:\Users\20231807\Documents\GitHub\Cap_coral_reefs\New_version_of_the_project\website\benthic_datasets\mask_labels\reef_support\SEAVIEW_PAC_AUS\masks_stitched\10005043502_mask.png
mask,10005045207_mask,10005045207_mask.png,C:\Users\20231807\Documents\GitHub\Cap_coral_reefs\New_version_of_the_project\website\benthic_datasets\mask_labels\reef_support\SEAVIEW_PAC_AUS\masks_stitched\10005045207_mask.png
mask,10005050702_mask,10005050702_mask.png,C:\Users\20231807\Documents\GitHub\Cap_coral_reefs\New_version_of_the_project\website\benthic_datasets\mask_labels\reef_support\SEAVIEW_PAC_AUS\masks_stitched\10005050702_mask.png
mask,10005060002_mask,10005060002_mask.png,C:\Users\20231807\Documents\GitHub\Cap_coral_reefs\New_version_of_the_project\website\benthic_datasets\mask_labels\reef_support\SEAVIEW_PAC_AUS\masks_stitched\10005060002_mask.png
mask,10005083702_mask,10005083702_mask.png,C:\Users\20231807\Documents\GitHub\Cap_coral_reefs\New_version_of_the_project\website\benthic_datasets\mask_labels\reef_support\SEAVIEW_PAC_AUS\masks_stitched\10005083702_mask.png
mask,10005084202_mask,10005084202_mask.png,C:\Users\20231807\Documents\GitHub\Cap_coral_reefs\New_version_of_the_project\website\benthic_datasets\mask_labels\reef_support\SEAVIEW_PAC_AUS\masks_stitched\10005084202_mask.png
mask,10005084205_mask,10005084205_mask.png,C:\Users\20231807\Documents\GitHub\Cap_coral_reefs\New_version_of_the_project\website\benthic_datasets\mask_labels\reef_support\SEAVIEW_PAC_AUS\masks_stitched\10005084205_mask.png
mask,10005089805_mask,10005089805_mask.png,C:\Users\20231807\Documents\GitHub\Cap_coral_reefs\New_version_of_the_project\website\benthic_datasets\mask_labels\reef_support\SEAVIEW_PAC_AUS\masks_stitched\10005089805_mask.png
mask,10005091402_mask,10005091402_mask.png,C:\Users\20231807\Documents\GitHub\Cap_coral_reefs\New_version_of_the_project\website\benthic_datasets\mask_labels\reef_support\SEAVIEW_PAC_AUS\masks_stitched\10005091402_mask.png
mask,10006098302_mask,10006098302_mask.png,C:\Users\20231807\Documents\GitHub\Cap_coral_reefs\New_version_of_the_project\website\benthic_datasets\mask_labels\reef_support\SEAVIEW_PAC_AUS\masks_stitched\10006098302_mask.png
mask,10006102301_mask,10006102301_mask.png,C:\Users\20231807\Documents\GitHub\Cap_coral_reefs\New_version_of_the_project\website\benthic_datasets\mask_labels\reef_support\SEAVIEW_PAC_AUS\masks_stitched\10006102301_mask.png
mask,10006102302_mask,10006102302_mask.png,C:\Users\20231807\Documents\GitHub\Cap_coral_reefs\New_version_of_the_project\website\benthic_datasets\mask_labels\reef_support\SEAVIEW_PAC_AUS\masks_stitched\10006102302_mask.png
mask,10006102501_mask,10006102501_mask.png,C:\Users\20231807\Documents\GitHub\Cap_coral_reefs\New_version_of_the_project\website\benthic_datasets\mask_labels\reef_support\SEAVIEW_PAC_AUS\masks_stitched\10006102501_mask.png
mask,10006106001_mask,10006106001_mask.png,C:\Users\20231807\Documents\GitHub\Cap_coral_reefs\New_version_of_the_project\website\benthic_datasets\mask_labels\reef_support\SEAVIEW_PAC_AUS\masks_stitched\10006106001_mask.png
mask,10006106402_mask,10006106402_mask.png,C:\Users\20231807\Documents\GitHub\Cap_coral_reefs\New_version_of_the_project\website\benthic_datasets\mask_labels\reef_support\SEAVIEW_PAC_AUS\masks_stitched\10006106402_mask.png
mask,10006106902_mask,10006106902_mask.png,C:\Users\20231807\Documents\GitHub\Cap_coral_reefs\New_version_of_the_project\website\benthic_datasets\mask_labels\reef_support\SEAVIEW_PAC_AUS\masks_stitched\10006106902_mask.png
mask,10006110401_mask,10006110401_mask.png,C:\Users\20231807\Documents\GitHub\Cap_coral_reefs\New_version_of_the_project\website\benthic_datasets\mask_labels\reef_support\SEAVIEW_PAC_AUS\masks_stitched\10006110401_mask.png
mask,10006110502_mask,10006110502_mask.png,C:\Users\20231807\Documents\GitHub\Cap_coral_reefs\New_version_of_the_project\website\benthic_datasets\mask_labels\reef_support\SEAVIEW_PAC_AUS\masks_stitched\10006110502_mask.png
mask,10006110601_mask,10006110601_mask.png,C:\Users\20231807\Documents\GitHub\Cap_coral_reefs\New_version_of_the_project\website\benthic_datasets\mask_labels\reef_support\SEAVIEW_PAC_AUS\masks_stitched\10006110601_mask.png
mask,10006110801_mask,10006110801_mask.png,C:\Users\20231807\Documents\GitHub\Cap_coral_reefs\New_version_of_the_project\website\benthic_datasets\mask_labels\reef_support\SEAVIEW_PAC_AUS\masks_stitched\10006110801_mask.png
mask,10006110901_mask,10006110901_mask.png,C:\Users\20231807\Documents\GitHub\Cap_coral_reefs\New_version_of_the_project\website\benthic_datasets\mask_labels\reef_support\SEAVIEW_PAC_AUS\masks_stitched\10006110901_mask.png
mask,10006111001_mask,10006111001_mask.png,C:\Users\20231807\Documents\GitHub\Cap_coral_reefs\New_version_of_the_project\website\benthic_datasets\mask_labels\reef_support\SEAVIEW_PAC_AUS\masks_stitched\10006111001_mask.png
mask,10006112502_mask,10006112502_mask.png,C:\Users\20231807\Documents\GitHub\Cap_coral_reefs\New_version_of_the_project\website\benthic_datasets\mask_labels\reef_support\SEAVIEW_PAC_AUS\masks_stitched\10006112502_mask.png
mask,10006112702_mask,10006112702_mask.png,C:\Users\20231807\Documents\GitHub\Cap_coral_reefs\New_version_of_the_project\website\benthic_datasets\mask_labels\reef_support\SEAVIEW_PAC_AUS\masks_stitched\10006112702_mask.png
mask,10006112801_mask,10006112801_mask.png,C:\Users\20231807\Documents\GitHub\Cap_coral_reefs\New_version_of_the_project\website\benthic_datasets\mask_labels\reef_support\SEAVIEW_PAC_AUS\masks_stitched\10006112801_mask.png
mask,10006114202_mask,10006114202_mask.png,C:\Users\20231807\Documents\GitHub\Cap_coral_reefs\New_version_of_the_project\website\benthic_datasets\mask_labels\reef_support\SEAVIEW_PAC_AUS\masks_stitched\10006114202_mask.png
mask,10006114602_mask,10006114602_mask.png,C:\Users\20231807\Documents\GitHub\Cap_coral_reefs\New_version_of_the_project\website\benthic_datasets\mask_labels\reef_support\SEAVIEW_PAC_AUS\masks_stitched\10006114602_mask.png
mask,10006118302_mask,10006118302_mask.png,C:\Users\20231807\Documents\GitHub\Cap_coral_reefs\New_version_of_the_project\website\benthic_datasets\mask_labels\reef_support\SEAVIEW_PAC_AUS\masks_stitched\10006118302_mask.png
mask,10006118501_mask,10006118501_mask.png,C:\Users\20231807\Documents\GitHub\Cap_coral_reefs\New_version_of_the_project\website\benthic_datasets\mask_labels\reef_support\SEAVIEW_PAC_AUS\masks_stitched\10006118501_mask.png
mask,10006118901_mask,10006118901_mask.png,C:\Users\20231807\Documents\GitHub\Cap_coral_reefs\New_version_of_the_project\website\benthic_datasets\mask_labels\reef_support\SEAVIEW_PAC_AUS\masks_stitched\10006118901_mask.png
mask,10006120902_mask,10006120902_mask.png,C:\Users\20231807\Documents\GitHub\Cap_coral_reefs\New_version_of_the_project\website\benthic_datasets\mask_labels\reef_support\SEAVIEW_PAC_AUS\masks_stitched\10006120902_mask.png
mask,10006121002_mask,10006121002_mask.png,C:\Users\20231807\Documents\GitHub\Cap_coral_reefs\New_version_of_the_project\website\benthic_datasets\mask_labels\reef_support\SEAVIEW_PAC_AUS\masks_stitched\10006121002_mask.png
mask,10006121201_mask,10006121201_mask.png,C:\Users\20231807\Documents\GitHub\Cap_coral_reefs\New_version_of_the_project\website\benthic_datasets\mask_labels\reef_support\SEAVIEW_PAC_AUS\masks_stitched\10006121201_mask.png
mask,10019001502_mask,10019001502_mask.png,C:\Users\20231807\Documents\GitHub\Cap_coral_reefs\New_version_of_the_project\website\benthic_datasets\mask_labels\reef_support\SEAVIEW_PAC_AUS\masks_stitched\10019001502_mask.png
mask,10019012002_mask,10019012002_mask.png,C:\Users\20231807\Documents\GitHub\Cap_coral_reefs\New_version_of_the_project\website\benthic_datasets\mask_labels\reef_support\SEAVIEW_PAC_AUS\masks_stitched\10019012002_mask.png
mask,10019012202_mask,10019012202_mask.png,C:\Users\20231807\Documents\GitHub\Cap_coral_reefs\New_version_of_the_project\website\benthic_datasets\mask_labels\reef_support\SEAVIEW_PAC_AUS\masks_stitched\10019012202_mask.png
mask,10019055702_mask,10019055702_mask.png,C:\Users\20231807\Documents\GitHub\Cap_coral_reefs\New_version_of_the_project\website\benthic_datasets\mask_labels\reef_support\SEAVIEW_PAC_AUS\masks_stitched\10019055702_mask.png
mask,10019060303_mask,10019060303_mask.png,C:\Users\20231807\Documents\GitHub\Cap_coral_reefs\New_version_of_the_project\website\benthic_datasets\mask_labels\reef_support\SEAVIEW_PAC_AUS\masks_stitched\10019060303_mask.png
mask,10019062902_mask,10019062902_mask.png,C:\Users\20231807\Documents\GitHub\Cap_coral_reefs\New_version_of_the_project\website\benthic_datasets\mask_labels\reef_support\SEAVIEW_PAC_AUS\masks_stitched\10019062902_mask.png
mask,10019083202_mask,10019083202_mask.png,C:\Users\20231807\Documents\GitHub\Cap_coral_reefs\New_version_of_the_project\website\benthic_datasets\mask_labels\reef_support\SEAVIEW_PAC_AUS\masks_stitched\10019083202_mask.png
mask,10020123602_mask,10020123602_mask.png,C:\Users\20231807\Documents\GitHub\Cap_coral_reefs\New_version_of_the_project\website\benthic_datasets\mask_labels\reef_support\SEAVIEW_PAC_AUS\masks_stitched\10020123602_mask.png
mask,10020146102_mask,10020146102_mask.png,C:\Users\20231807\Documents\GitHub\Cap_coral_reefs\New_version_of_the_project\website\benthic_datasets\mask_labels\reef_support\SEAVIEW_PAC_AUS\masks_stitched\10020146102_mask.png
mask,10022087602_mask,10022087602_mask.png,C:\Users\20231807\Documents\GitHub\Cap_coral_reefs\New_version_of_the_project\website\benthic_datasets\mask_labels\reef_support\SEAVIEW_PAC_AUS\masks_stitched\10022087602_mask.png
mask,10022088002_mask,10022088002_mask.png,C:\Users\20231807\Documents\GitHub\Cap_coral_reefs\New_version_of_the_project\website\benthic_datasets\mask_labels\reef_support\SEAVIEW_PAC_AUS\masks_stitched\10022088002_mask.png
mask,10022088202_mask,10022088202_mask.png,C:\Users\20231807\Documents\GitHub\Cap_coral_reefs\New_version_of_the_project\website\benthic_datasets\mask_labels\reef_support\SEAVIEW_PAC_AUS\masks_stitched\10022088202_mask.png
mask,10022091302_mask,10022091302_mask.png,C:\Users\20231807\Documents\GitHub\Cap_coral_reefs\New_version_of_the_project\website\benthic_datasets\mask_labels\reef_support\SEAVIEW_PAC_AUS\masks_stitched\10022091302_mask.png
mask,10022091902_mask,10022091902_mask.png,C:\Users\20231807\Documents\GitHub\Cap_coral_reefs\New_version_of_the_project\website\benthic_datasets\mask_labels\reef_support\SEAVIEW_PAC_AUS\masks_stitched\10022091902_mask.png
mask,10023111102_mask,10023111102_mask.png,C:\Users\20231807\Documents\GitHub\Cap_coral_reefs\New_version_of_the_project\website\benthic_datasets\mask_labels\reef_support\SEAVIEW_PAC_AUS\masks_stitched\10023111102_mask.png
mask,10023114602_mask,10023114602_mask.png,C:\Users\20231807\Documents\GitHub\Cap_coral_reefs\New_version_of_the_project\website\benthic_datasets\mask_labels\reef_support\SEAVIEW_PAC_AUS\masks_stitched\10023114602_mask.png
mask,10023115002_mask,10023115002_mask.png,C:\Users\20231807\Documents\GitHub\Cap_coral_reefs\New_version_of_the_project\website\benthic_datasets\mask_labels\reef_support\SEAVIEW_PAC_AUS\masks_stitched\10023115002_mask.png
mask,10023116402_mask,10023116402_mask.png,C:\Users\20231807\Documents\GitHub\Cap_coral_reefs\New_version_of_the_project\website\benthic_datasets\mask_labels\reef_support\SEAVIEW_PAC_AUS\masks_stitched\10023116402_mask.png
mask,10023117202_mask,10023117202_mask.png,C:\Users\20231807\Documents\GitHub\Cap_coral_reefs\New_version_of_the_project\website\benthic_datasets\mask_labels\reef_support\SEAVIEW_PAC_AUS\masks_stitched\10023117202_mask.png
mask,10023118102_mask,10023118102_mask.png,C:\Users\20231807\Documents\GitHub\Cap_coral_reefs\New_version_of_the_project\website\benthic_datasets\mask_labels\reef_support\SEAVIEW_PAC_AUS\masks_stitched\10023118102_mask.png
mask,10023123602_mask,10023123602_mask.png,C:\Users\20231807\Documents\GitHub\Cap_coral_reefs\New_version_of_the_project\website\benthic_datasets\mask_labels\reef_support\SEAVIEW_PAC_AUS\masks_stitched\10023123602_mask.png
mask,10023127502_mask,10023127502_mask.png,C:\Users\20231807\Documents\GitHub\Cap_coral_reefs\New_version_of_the_project\website\benthic_datasets\mask_labels\reef_support\SEAVIEW_PAC_AUS\masks_stitched\10023127502_mask.png
mask,10023171402_mask,10023171402_mask.png,C:\Users\20231807\Documents\GitHub\Cap_coral_reefs\New_version_of_the_project\website\benthic_datasets\mask_labels\reef_support\SEAVIEW_PAC_AUS\masks_stitched\10023171402_mask.png
mask,10023171602_mask,10023171602_mask.png,C:\Users\20231807\Documents\GitHub\Cap_coral_reefs\New_version_of_the_project\website\benthic_datasets\mask_labels\reef_support\SEAVIEW_PAC_AUS\masks_stitched\10023171602_mask.png
mask,10023179802_mask,10023179802_mask.png,C:\Users\20231807\Documents\GitHub\Cap_coral_reefs\New_version_of_the_project\website\benthic_datasets\mask_labels\reef_support\SEAVIEW_PAC_AUS\masks_stitched\10023179802_mask.png
mask,10023183502_mask,10023183502_mask.png,C:\Users\20231807\Documents\GitHub\Cap_coral_reefs\New_version_of_the_project\website\benthic_datasets\mask_labels\reef_support\SEAVIEW_PAC_AUS\masks_stitched\10023183502_mask.png
mask,10025044801_mask,10025044801_mask.png,C:\Users\20231807\Documents\GitHub\Cap_coral_reefs\New_version_of_the_project\website\benthic_datasets\mask_labels\reef_support\SEAVIEW_PAC_AUS\masks_stitched\10025044801_mask.png
mask,10025045601_mask,10025045601_mask.png,C:\Users\20231807\Documents\GitHub\Cap_coral_reefs\New_version_of_the_project\website\benthic_datasets\mask_labels\reef_support\SEAVIEW_PAC_AUS\masks_stitched\10025045601_mask.png
mask,10025048101_mask,10025048101_mask.png,C:\Users\20231807\Documents\GitHub\Cap_coral_reefs\New_version_of_the_project\website\benthic_datasets\mask_labels\reef_support\SEAVIEW_PAC_AUS\masks_stitched\10025048101_mask.png
mask,10025052401_mask,10025052401_mask.png,C:\Users\20231807\Documents\GitHub\Cap_coral_reefs\New_version_of_the_project\website\benthic_datasets\mask_labels\reef_support\SEAVIEW_PAC_AUS\masks_stitched\10025052401_mask.png
mask,11004129902_mask,11004129902_mask.png,C:\Users\20231807\Documents\GitHub\Cap_coral_reefs\New_version_of_the_project\website\benthic_datasets\mask_labels\reef_support\SEAVIEW_PAC_AUS\masks_stitched\11004129902_mask.png
mask,11004130002_mask,11004130002_mask.png,C:\Users\20231807\Documents\GitHub\Cap_coral_reefs\New_version_of_the_project\website\benthic_datasets\mask_labels\reef_support\SEAVIEW_PAC_AUS\masks_stitched\11004130002_mask.png
mask,11004130202_mask,11004130202_mask.png,C:\Users\20231807\Documents\GitHub\Cap_coral_reefs\New_version_of_the_project\website\benthic_datasets\mask_labels\reef_support\SEAVIEW_PAC_AUS\masks_stitched\11004130202_mask.png
mask,11004130402_mask,11004130402_mask.png,C:\Users\20231807\Documents\GitHub\Cap_coral_reefs\New_version_of_the_project\website\benthic_datasets\mask_labels\reef_support\SEAVIEW_PAC_AUS\masks_stitched\11004130402_mask.png
mask,11004130602_mask,11004130602_mask.png,C:\Users\20231807\Documents\GitHub\Cap_coral_reefs\New_version_of_the_project\website\benthic_datasets\mask_labels\reef_support\SEAVIEW_PAC_AUS\masks_stitched\11004130602_mask.png
mask,11004130802_mask,11004130802_mask.png,C:\Users\20231807\Documents\GitHub\Cap_coral_reefs\New_version_of_the_project\website\benthic_datasets\mask_labels\reef_support\SEAVIEW_PAC_AUS\masks_stitched\11004130802_mask.png
mask,11004131402_mask,11004131402_mask.png,C:\Users\20231807\Documents\GitHub\Cap_coral_reefs\New_version_of_the_project\website\benthic_datasets\mask_labels\reef_support\SEAVIEW_PAC_AUS\masks_stitched\11004131402_mask.png
mask,11004131802_mask,11004131802_mask.png,C:\Users\20231807\Documents\GitHub\Cap_coral_reefs\New_version_of_the_project\website\benthic_datasets\mask_labels\reef_support\SEAVIEW_PAC_AUS\masks_stitched\11004131802_mask.png
mask,11005104401_mask,11005104401_mask.png,C:\Users\20231807\Documents\GitHub\Cap_coral_reefs\New_version_of_the_project\website\benthic_datasets\mask_labels\reef_support\SEAVIEW_PAC_AUS\masks_stitched\11005104401_mask.png
mask,12001089802_mask,12001089802_mask.png,C:\Users\20231807\Documents\GitHub\Cap_coral_reefs\New_version_of_the_project\website\benthic_datasets\mask_labels\reef_support\SEAVIEW_PAC_AUS\masks_stitched\12001089802_mask.png
mask,12001090302_mask,12001090302_mask.png,C:\Users\20231807\Documents\GitHub\Cap_coral_reefs\New_version_of_the_project\website\benthic_datasets\mask_labels\reef_support\SEAVIEW_PAC_AUS\masks_stitched\12001090302_mask.png
mask,12001090502_mask,12001090502_mask.png,C:\Users\20231807\Documents\GitHub\Cap_coral_reefs\New_version_of_the_project\website\benthic_datasets\mask_labels\reef_support\SEAVIEW_PAC_AUS\masks_stitched\12001090502_mask.png
mask,12001090702_mask,12001090702_mask.png,C:\Users\20231807\Documents\GitHub\Cap_coral_reefs\New_version_of_the_project\website\benthic_datasets\mask_labels\reef_support\SEAVIEW_PAC_AUS\masks_stitched\12001090702_mask.png
mask,12001090902_mask,12001090902_mask.png,C:\Users\20231807\Documents\GitHub\Cap_coral_reefs\New_version_of_the_project\website\benthic_datasets\mask_labels\reef_support\SEAVIEW_PAC_AUS\masks_stitched\12001090902_mask.png
mask,12001091102_mask,12001091102_mask.png,C:\Users\20231807\Documents\GitHub\Cap_coral_reefs\New_version_of_the_project\website\benthic_datasets\mask_labels\reef_support\SEAVIEW_PAC_AUS\masks_stitched\12001091102_mask.png
mask,12001091302_mask,12001091302_mask.png,C:\Users\20231807\Documents\GitHub\Cap_coral_reefs\New_version_of_the_project\website\benthic_datasets\mask_labels\reef_support\SEAVIEW_PAC_AUS\masks_stitched\12001091302_mask.png
mask,12001091502_mask,12001091502_mask.png,C:\Users\20231807\Documents\GitHub\Cap_coral_reefs\New_version_of_the_project\website\benthic_datasets\mask_labels\reef_support\SEAVIEW_PAC_AUS\masks_stitched\12001091502_mask.png
mask,12001091702_mask,12001091702_mask.png,C:\Users\20231807\Documents\GitHub\Cap_coral_reefs\New_version_of_the_project\website\benthic_datasets\mask_labels\reef_support\SEAVIEW_PAC_AUS\masks_stitched\12001091702_mask.png
mask,12001091902_mask,12001091902_mask.png,C:\Users\20231807\Documents\GitHub\Cap_coral_reefs\New_version_of_the_project\website\benthic_datasets\mask_labels\reef_support\SEAVIEW_PAC_AUS\masks_stitched\12001091902_mask.png
mask,12001092002_mask,12001092002_mask.png,C:\Users\20231807\Documents\GitHub\Cap_coral_reefs\New_version_of_the_project\website\benthic_datasets\mask_labels\reef_support\SEAVIEW_PAC_AUS\masks_stitched\12001092002_mask.png
mask,12005059201_mask,12005059201_mask.png,C:\Users\20231807\Documents\GitHub\Cap_coral_reefs\New_version_of_the_project\website\benthic_datasets\mask_labels\reef_support\SEAVIEW_PAC_AUS\masks_stitched\12005059201_mask.png
mask,12005059302_mask,12005059302_mask.png,C:\Users\20231807\Documents\GitHub\Cap_coral_reefs\New_version_of_the_project\website\benthic_datasets\mask_labels\reef_support\SEAVIEW_PAC_AUS\masks_stitched\12005059302_mask.png
mask,12005059401_mask,12005059401_mask.png,C:\Users\20231807\Documents\GitHub\Cap_coral_reefs\New_version_of_the_project\website\benthic_datasets\mask_labels\reef_support\SEAVIEW_PAC_AUS\masks_stitched\12005059401_mask.png
mask,12005059801_mask,12005059801_mask.png,C:\Users\20231807\Documents\GitHub\Cap_coral_reefs\New_version_of_the_project\website\benthic_datasets\mask_labels\reef_support\SEAVIEW_PAC_AUS\masks_stitched\12005059801_mask.png
mask,12005060301_mask,12005060301_mask.png,C:\Users\20231807\Documents\GitHub\Cap_coral_reefs\New_version_of_the_project\website\benthic_datasets\mask_labels\reef_support\SEAVIEW_PAC_AUS\masks_stitched\12005060301_mask.png
mask,12005060602_mask,12005060602_mask.png,C:\Users\20231807\Documents\GitHub\Cap_coral_reefs\New_version_of_the_project\website\benthic_datasets\mask_labels\reef_support\SEAVIEW_PAC_AUS\masks_stitched\12005060602_mask.png
mask,12005061106_mask,12005061106_mask.png,C:\Users\20231807\Documents\GitHub\Cap_coral_reefs\New_version_of_the_project\website\benthic_datasets\mask_labels\reef_support\SEAVIEW_PAC_AUS\masks_stitched\12005061106_mask.png
mask,12005061301_mask,12005061301_mask.png,C:\Users\20231807\Documents\GitHub\Cap_coral_reefs\New_version_of_the_project\website\benthic_datasets\mask_labels\reef_support\SEAVIEW_PAC_AUS\masks_stitched\12005061301_mask.png
mask,12005061605_mask,12005061605_mask.png,C:\Users\20231807\Documents\GitHub\Cap_coral_reefs\New_version_of_the_project\website\benthic_datasets\mask_labels\reef_support\SEAVIEW_PAC_AUS\masks_stitched\12005061605_mask.png
mask,12011028502_mask,12011028502_mask.png,C:\Users\20231807\Documents\GitHub\Cap_coral_reefs\New_version_of_the_project\website\benthic_datasets\mask_labels\reef_support\SEAVIEW_PAC_AUS\masks_stitched\12011028502_mask.png
mask,12011033402_mask,12011033402_mask.png,C:\Users\20231807\Documents\GitHub\Cap_coral_reefs\New_version_of_the_project\website\benthic_datasets\mask_labels\reef_support\SEAVIEW_PAC_AUS\masks_stitched\12011033402_mask.png
mask,12011036302_mask,12011036302_mask.png,C:\Users\20231807\Documents\GitHub\Cap_coral_reefs\New_version_of_the_project\website\benthic_datasets\mask_labels\reef_support\SEAVIEW_PAC_AUS\masks_stitched\12011036302_mask.png
mask,12011036502_mask,12011036502_mask.png,C:\Users\20231807\Documents\GitHub\Cap_coral_reefs\New_version_of_the_project\website\benthic_datasets\mask_labels\reef_support\SEAVIEW_PAC_AUS\masks_stitched\12011036502_mask.png
mask,12012079802_mask,12012079802_mask.png,C:\Users\20231807\Documents\GitHub\Cap_coral_reefs\New_version_of_the_project\website\benthic_datasets\mask_labels\reef_support\SEAVIEW_PAC_AUS\masks_stitched\12012079802_mask.png
mask,12012081502_mask,12012081502_mask.png,C:\Users\20231807\Documents\GitHub\Cap_coral_reefs\New_version_of_the_project\website\benthic_datasets\mask_labels\reef_support\SEAVIEW_PAC_AUS\masks_stitched\12012081502_mask.png
mask,12012083502_mask,12012083502_mask.png,C:\Users\20231807\Documents\GitHub\Cap_coral_reefs\New_version_of_the_project\website\benthic_datasets\mask_labels\reef_support\SEAVIEW_PAC_AUS\masks_stitched\12012083502_mask.png
mask,12015003702_mask,12015003702_mask.png,C:\Users\20231807\Documents\GitHub\Cap_coral_reefs\New_version_of_the_project\website\benthic_datasets\mask_labels\reef_support\SEAVIEW_PAC_AUS\masks_stitched\12015003702_mask.png
mask,12015004502_mask,12015004502_mask.png,C:\Users\20231807\Documents\GitHub\Cap_coral_reefs\New_version_of_the_project\website\benthic_datasets\mask_labels\reef_support\SEAVIEW_PAC_AUS\masks_stitched\12015004502_mask.png
mask,12015005702_mask,12015005702_mask.png,C:\Users\20231807\Documents\GitHub\Cap_coral_reefs\New_version_of_the_project\website\benthic_datasets\mask_labels\reef_support\SEAVIEW_PAC_AUS\masks_stitched\12015005702_mask.png
mask,12015006402_mask,12015006402_mask.png,C:\Users\20231807\Documents\GitHub\Cap_coral_reefs\New_version_of_the_project\website\benthic_datasets\mask_labels\reef_support\SEAVIEW_PAC_AUS\masks_stitched\12015006402_mask.png
mask,12021001602_mask,12021001602_mask.png,C:\Users\20231807\Documents\GitHub\Cap_coral_reefs\New_version_of_the_project\website\benthic_datasets\mask_labels\reef_support\SEAVIEW_PAC_AUS\masks_stitched\12021001602_mask.png
mask,12021001802_mask,12021001802_mask.png,C:\Users\20231807\Documents\GitHub\Cap_coral_reefs\New_version_of_the_project\website\benthic_datasets\mask_labels\reef_support\SEAVIEW_PAC_AUS\masks_stitched\12021001802_mask.png
mask,12021002802_mask,12021002802_mask.png,C:\Users\20231807\Documents\GitHub\Cap_coral_reefs\New_version_of_the_project\website\benthic_datasets\mask_labels\reef_support\SEAVIEW_PAC_AUS\masks_stitched\12021002802_mask.png
mask,12021006102_mask,12021006102_mask.png,C:\Users\20231807\Documents\GitHub\Cap_coral_reefs\New_version_of_the_project\website\benthic_datasets\mask_labels\reef_support\SEAVIEW_PAC_AUS\masks_stitched\12021006102_mask.png
mask,12021009205_mask,12021009205_mask.png,C:\Users\20231807\Documents\GitHub\Cap_coral_reefs\New_version_of_the_project\website\benthic_datasets\mask_labels\reef_support\SEAVIEW_PAC_AUS\masks_stitched\12021009205_mask.png
mask,12021010302_mask,12021010302_mask.png,C:\Users\20231807\Documents\GitHub\Cap_coral_reefs\New_version_of_the_project\website\benthic_datasets\mask_labels\reef_support\SEAVIEW_PAC_AUS\masks_stitched\12021010302_mask.png
mask,12021011401_mask,12021011401_mask.png,C:\Users\20231807\Documents\GitHub\Cap_coral_reefs\New_version_of_the_project\website\benthic_datasets\mask_labels\reef_support\SEAVIEW_PAC_AUS\masks_stitched\12021011401_mask.png
mask,12021018501_mask,12021018501_mask.png,C:\Users\20231807\Documents\GitHub\Cap_coral_reefs\New_version_of_the_project\website\benthic_datasets\mask_labels\reef_support\SEAVIEW_PAC_AUS\masks_stitched\12021018501_mask.png
mask,12021022601_mask,12021022601_mask.png,C:\Users\20231807\Documents\GitHub\Cap_coral_reefs\New_version_of_the_project\website\benthic_datasets\mask_labels\reef_support\SEAVIEW_PAC_AUS\masks_stitched\12021022601_mask.png
mask,12021024101_mask,12021024101_mask.png,C:\Users\20231807\Documents\GitHub\Cap_coral_reefs\New_version_of_the_project\website\benthic_datasets\mask_labels\reef_support\SEAVIEW_PAC_AUS\masks_stitched\12021024101_mask.png
mask,12021031802_mask,12021031802_mask.png,C:\Users\20231807\Documents\GitHub\Cap_coral_reefs\New_version_of_the_project\website\benthic_datasets\mask_labels\reef_support\SEAVIEW_PAC_AUS\masks_stitched\12021031802_mask.png
mask,12021036902_mask,12021036902_mask.png,C:\Users\20231807\Documents\GitHub\Cap_coral_reefs\New_version_of_the_project\website\benthic_datasets\mask_labels\reef_support\SEAVIEW_PAC_AUS\masks_stitched\12021036902_mask.png
mask,12021064602_mask,12021064602_mask.png,C:\Users\20231807\Documents\GitHub\Cap_coral_reefs\New_version_of_the_project\website\benthic_datasets\mask_labels\reef_support\SEAVIEW_PAC_AUS\masks_stitched\12021064602_mask.png
mask,12021066302_mask,12021066302_mask.png,C:\Users\20231807\Documents\GitHub\Cap_coral_reefs\New_version_of_the_project\website\benthic_datasets\mask_labels\reef_support\SEAVIEW_PAC_AUS\masks_stitched\12021066302_mask.png
mask,12021074401_mask,12021074401_mask.png,C:\Users\20231807\Documents\GitHub\Cap_coral_reefs\New_version_of_the_project\website\benthic_datasets\mask_labels\reef_support\SEAVIEW_PAC_AUS\masks_stitched\12021074401_mask.png
mask,12021076902_mask,12021076902_mask.png,C:\Users\20231807\Documents\GitHub\Cap_coral_reefs\New_version_of_the_project\website\benthic_datasets\mask_labels\reef_support\SEAVIEW_PAC_AUS\masks_stitched\12021076902_mask.png
mask,12021082001_mask,12021082001_mask.png,C:\Users\20231807\Documents\GitHub\Cap_coral_reefs\New_version_of_the_project\website\benthic_datasets\mask_labels\reef_support\SEAVIEW_PAC_AUS\masks_stitched\12021082001_mask.png
mask,12023253501_mask,12023253501_mask.png,C:\Users\20231807\Documents\GitHub\Cap_coral_reefs\New_version_of_the_project\website\benthic_datasets\mask_labels\reef_support\SEAVIEW_PAC_AUS\masks_stitched\12023253501_mask.png
mask,12023253602_mask,12023253602_mask.png,C:\Users\20231807\Documents\GitHub\Cap_coral_reefs\New_version_of_the_project\website\benthic_datasets\mask_labels\reef_support\SEAVIEW_PAC_AUS\masks_stitched\12023253602_mask.png
mask,12023257502_mask,12023257502_mask.png,C:\Users\20231807\Documents\GitHub\Cap_coral_reefs\New_version_of_the_project\website\benthic_datasets\mask_labels\reef_support\SEAVIEW_PAC_AUS\masks_stitched\12023257502_mask.png
mask,12023258801_mask,12023258801_mask.png,C:\Users\20231807\Documents\GitHub\Cap_coral_reefs\New_version_of_the_project\website\benthic_datasets\mask_labels\reef_support\SEAVIEW_PAC_AUS\masks_stitched\12023258801_mask.png
mask,12023260802_mask,12023260802_mask.png,C:\Users\20231807\Documents\GitHub\Cap_coral_reefs\New_version_of_the_project\website\benthic_datasets\mask_labels\reef_support\SEAVIEW_PAC_AUS\masks_stitched\12023260802_mask.png
mask,12023266502_mask,12023266502_mask.png,C:\Users\20231807\Documents\GitHub\Cap_coral_reefs\New_version_of_the_project\website\benthic_datasets\mask_labels\reef_support\SEAVIEW_PAC_AUS\masks_stitched\12023266502_mask.png
mask,12023285802_mask,12023285802_mask.png,C:\Users\20231807\Documents\GitHub\Cap_coral_reefs\New_version_of_the_project\website\benthic_datasets\mask_labels\reef_support\SEAVIEW_PAC_AUS\masks_stitched\12023285802_mask.png
mask,12025018601_mask,12025018601_mask.png,C:\Users\20231807\Documents\GitHub\Cap_coral_reefs\New_version_of_the_project\website\benthic_datasets\mask_labels\reef_support\SEAVIEW_PAC_AUS\masks_stitched\12025018601_mask.png
mask,12025018801_mask,12025018801_mask.png,C:\Users\20231807\Documents\GitHub\Cap_coral_reefs\New_version_of_the_project\website\benthic_datasets\mask_labels\reef_support\SEAVIEW_PAC_AUS\masks_stitched\12025018801_mask.png
mask,12025018901_mask,12025018901_mask.png,C:\Users\20231807\Documents\GitHub\Cap_coral_reefs\New_version_of_the_project\website\benthic_datasets\mask_labels\reef_support\SEAVIEW_PAC_AUS\masks_stitched\12025018901_mask.png
mask,12025019001_mask,12025019001_mask.png,C:\Users\20231807\Documents\GitHub\Cap_coral_reefs\New_version_of_the_project\website\benthic_datasets\mask_labels\reef_support\SEAVIEW_PAC_AUS\masks_stitched\12025019001_mask.png
mask,12025019401_mask,12025019401_mask.png,C:\Users\20231807\Documents\GitHub\Cap_coral_reefs\New_version_of_the_project\website\benthic_datasets\mask_labels\reef_support\SEAVIEW_PAC_AUS\masks_stitched\12025019401_mask.png
mask,12025019601_mask,12025019601_mask.png,C:\Users\20231807\Documents\GitHub\Cap_coral_reefs\New_version_of_the_project\website\benthic_datasets\mask_labels\reef_support\SEAVIEW_PAC_AUS\masks_stitched\12025019601_mask.png
mask,12025019801_mask,12025019801_mask.png,C:\Users\20231807\Documents\GitHub\Cap_coral_reefs\New_version_of_the_project\website\benthic_datasets\mask_labels\reef_support\SEAVIEW_PAC_AUS\masks_stitched\12025019801_mask.png
mask,12025020101_mask,12025020101_mask.png,C:\Users\20231807\Documents\GitHub\Cap_coral_reefs\New_version_of_the_project\website\benthic_datasets\mask_labels\reef_support\SEAVIEW_PAC_AUS\masks_stitched\12025020101_mask.png
mask,12025020301_mask,12025020301_mask.png,C:\Users\20231807\Documents\GitHub\Cap_coral_reefs\New_version_of_the_project\website\benthic_datasets\mask_labels\reef_support\SEAVIEW_PAC_AUS\masks_stitched\12025020301_mask.png
mask,12025020401_mask,12025020401_mask.png,C:\Users\20231807\Documents\GitHub\Cap_coral_reefs\New_version_of_the_project\website\benthic_datasets\mask_labels\reef_support\SEAVIEW_PAC_AUS\masks_stitched\12025020401_mask.png
mask,12025020601_mask,12025020601_mask.png,C:\Users\20231807\Documents\GitHub\Cap_coral_reefs\New_version_of_the_project\website\benthic_datasets\mask_labels\reef_support\SEAVIEW_PAC_AUS\masks_stitched\12025020601_mask.png
mask,12025020801_mask,12025020801_mask.png,C:\Users\20231807\Documents\GitHub\Cap_coral_reefs\New_version_of_the_project\website\benthic_datasets\mask_labels\reef_support\SEAVIEW_PAC_AUS\masks_stitched\12025020801_mask.png
mask,12025021101_mask,12025021101_mask.png,C:\Users\20231807\Documents\GitHub\Cap_coral_reefs\New_version_of_the_project\website\benthic_datasets\mask_labels\reef_support\SEAVIEW_PAC_AUS\masks_stitched\12025021101_mask.png
mask,12027192001_mask,12027192001_mask.png,C:\Users\20231807\Documents\GitHub\Cap_coral_reefs\New_version_of_the_project\website\benthic_datasets\mask_labels\reef_support\SEAVIEW_PAC_AUS\masks_stitched\12027192001_mask.png
mask,12027192101_mask,12027192101_mask.png,C:\Users\20231807\Documents\GitHub\Cap_coral_reefs\New_version_of_the_project\website\benthic_datasets\mask_labels\reef_support\SEAVIEW_PAC_AUS\masks_stitched\12027192101_mask.png
mask,12027192501_mask,12027192501_mask.png,C:\Users\20231807\Documents\GitHub\Cap_coral_reefs\New_version_of_the_project\website\benthic_datasets\mask_labels\reef_support\SEAVIEW_PAC_AUS\masks_stitched\12027192501_mask.png
mask,12027192701_mask,12027192701_mask.png,C:\Users\20231807\Documents\GitHub\Cap_coral_reefs\New_version_of_the_project\website\benthic_datasets\mask_labels\reef_support\SEAVIEW_PAC_AUS\masks_stitched\12027192701_mask.png
mask,12027192901_mask,12027192901_mask.png,C:\Users\20231807\Documents\GitHub\Cap_coral_reefs\New_version_of_the_project\website\benthic_datasets\mask_labels\reef_support\SEAVIEW_PAC_AUS\masks_stitched\12027192901_mask.png
mask,12027193001_mask,12027193001_mask.png,C:\Users\20231807\Documents\GitHub\Cap_coral_reefs\New_version_of_the_project\website\benthic_datasets\mask_labels\reef_support\SEAVIEW_PAC_AUS\masks_stitched\12027193001_mask.png
mask,12027193201_mask,12027193201_mask.png,C:\Users\20231807\Documents\GitHub\Cap_coral_reefs\New_version_of_the_project\website\benthic_datasets\mask_labels\reef_support\SEAVIEW_PAC_AUS\masks_stitched\12027193201_mask.png
mask,12027193401_mask,12027193401_mask.png,C:\Users\20231807\Documents\GitHub\Cap_coral_reefs\New_version_of_the_project\website\benthic_datasets\mask_labels\reef_support\SEAVIEW_PAC_AUS\masks_stitched\12027193401_mask.png
mask,12027193601_mask,12027193601_mask.png,C:\Users\20231807\Documents\GitHub\Cap_coral_reefs\New_version_of_the_project\website\benthic_datasets\mask_labels\reef_support\SEAVIEW_PAC_AUS\masks_stitched\12027193601_mask.png
mask,12027193801_mask,12027193801_mask.png,C:\Users\20231807\Documents\GitHub\Cap_coral_reefs\New_version_of_the_project\website\benthic_datasets\mask_labels\reef_support\SEAVIEW_PAC_AUS\masks_stitched\12027193801_mask.png
mask,12027193901_mask,12027193901_mask.png,C:\Users\20231807\Documents\GitHub\Cap_coral_reefs\New_version_of_the_project\website\benthic_datasets\mask_labels\reef_support\SEAVIEW_PAC_AUS\masks_stitched\12027193901_mask.png
mask,12027194001_mask,12027194001_mask.png,C:\Users\20231807\Documents\GitHub\Cap_coral_reefs\New_version_of_the_project\website\benthic_datasets\mask_labels\reef_support\SEAVIEW_PAC_AUS\masks_stitched\12027194001_mask.png
mask,12027194201_mask,12027194201_mask.png,C:\Users\20231807\Documents\GitHub\Cap_coral_reefs\New_version_of_the_project\website\benthic_datasets\mask_labels\reef_support\SEAVIEW_PAC_AUS\masks_stitched\12027194201_mask.png
mask,12027221501_mask,12027221501_mask.png,C:\Users\20231807\Documents\GitHub\Cap_coral_reefs\New_version_of_the_project\website\benthic_datasets\mask_labels\reef_support\SEAVIEW_PAC_AUS\masks_stitched\12027221501_mask.png
mask,12027221701_mask,12027221701_mask.png,C:\Users\20231807\Documents\GitHub\Cap_coral_reefs\New_version_of_the_project\website\benthic_datasets\mask_labels\reef_support\SEAVIEW_PAC_AUS\masks_stitched\12027221701_mask.png
mask,12027221901_mask,12027221901_mask.png,C:\Users\20231807\Documents\GitHub\Cap_coral_reefs\New_version_of_the_project\website\benthic_datasets\mask_labels\reef_support\SEAVIEW_PAC_AUS\masks_stitched\12027221901_mask.png
mask,12027222501_mask,12027222501_mask.png,C:\Users\20231807\Documents\GitHub\Cap_coral_reefs\New_version_of_the_project\website\benthic_datasets\mask_labels\reef_support\SEAVIEW_PAC_AUS\masks_stitched\12027222501_mask.png
mask,12027222701_mask,12027222701_mask.png,C:\Users\20231807\Documents\GitHub\Cap_coral_reefs\New_version_of_the_project\website\benthic_datasets\mask_labels\reef_support\SEAVIEW_PAC_AUS\masks_stitched\12027222701_mask.png
mask,12027222901_mask,12027222901_mask.png,C:\Users\20231807\Documents\GitHub\Cap_coral_reefs\New_version_of_the_project\website\benthic_datasets\mask_labels\reef_support\SEAVIEW_PAC_AUS\masks_stitched\12027222901_mask.png
mask,12027223201_mask,12027223201_mask.png,C:\Users\20231807\Documents\GitHub\Cap_coral_reefs\New_version_of_the_project\website\benthic_datasets\mask_labels\reef_support\SEAVIEW_PAC_AUS\masks_stitched\12027223201_mask.png
mask,15006014701_mask,15006014701_mask.png,C:\Users\20231807\Documents\GitHub\Cap_coral_reefs\New_version_of_the_project\website\benthic_datasets\mask_labels\reef_support\SEAVIEW_PAC_AUS\masks_stitched\15006014701_mask.png
mask,15006016001_mask,15006016001_mask.png,C:\Users\20231807\Documents\GitHub\Cap_coral_reefs\New_version_of_the_project\website\benthic_datasets\mask_labels\reef_support\SEAVIEW_PAC_AUS\masks_stitched\15006016001_mask.png
mask,15006017201_mask,15006017201_mask.png,C:\Users\20231807\Documents\GitHub\Cap_coral_reefs\New_version_of_the_project\website\benthic_datasets\mask_labels\reef_support\SEAVIEW_PAC_AUS\masks_stitched\15006017201_mask.png
mask,15006026001_mask,15006026001_mask.png,C:\Users\20231807\Documents\GitHub\Cap_coral_reefs\New_version_of_the_project\website\benthic_datasets\mask_labels\reef_support\SEAVIEW_PAC_AUS\masks_stitched\15006026001_mask.png
mask,15006073201_mask,15006073201_mask.png,C:\Users\20231807\Documents\GitHub\Cap_coral_reefs\New_version_of_the_project\website\benthic_datasets\mask_labels\reef_support\SEAVIEW_PAC_AUS\masks_stitched\15006073201_mask.png
mask,15006087801_mask,15006087801_mask.png,C:\Users\20231807\Documents\GitHub\Cap_coral_reefs\New_version_of_the_project\website\benthic_datasets\mask_labels\reef_support\SEAVIEW_PAC_AUS\masks_stitched\15006087801_mask.png
mask,15007185302_mask,15007185302_mask.png,C:\Users\20231807\Documents\GitHub\Cap_coral_reefs\New_version_of_the_project\website\benthic_datasets\mask_labels\reef_support\SEAVIEW_PAC_AUS\masks_stitched\15007185302_mask.png
mask,15007190302_mask,15007190302_mask.png,C:\Users\20231807\Documents\GitHub\Cap_coral_reefs\New_version_of_the_project\website\benthic_datasets\mask_labels\reef_support\SEAVIEW_PAC_AUS\masks_stitched\15007190302_mask.png
mask,15015052901_mask,15015052901_mask.png,C:\Users\20231807\Documents\GitHub\Cap_coral_reefs\New_version_of_the_project\website\benthic_datasets\mask_labels\reef_support\SEAVIEW_PAC_AUS\masks_stitched\15015052901_mask.png
mask,15015053101_mask,15015053101_mask.png,C:\Users\20231807\Documents\GitHub\Cap_coral_reefs\New_version_of_the_project\website\benthic_datasets\mask_labels\reef_support\SEAVIEW_PAC_AUS\masks_stitched\15015053101_mask.png
mask,15015062201_mask,15015062201_mask.png,C:\Users\20231807\Documents\GitHub\Cap_coral_reefs\New_version_of_the_project\website\benthic_datasets\mask_labels\reef_support\SEAVIEW_PAC_AUS\masks_stitched\15015062201_mask.png
mask,15015068501_mask,15015068501_mask.png,C:\Users\20231807\Documents\GitHub\Cap_coral_reefs\New_version_of_the_project\website\benthic_datasets\mask_labels\reef_support\SEAVIEW_PAC_AUS\masks_stitched\15015068501_mask.png
mask,15020221901_mask,15020221901_mask.png,C:\Users\20231807\Documents\GitHub\Cap_coral_reefs\New_version_of_the_project\website\benthic_datasets\mask_labels\reef_support\SEAVIEW_PAC_AUS\masks_stitched\15020221901_mask.png
mask,15020223501_mask,15020223501_mask.png,C:\Users\20231807\Documents\GitHub\Cap_coral_reefs\New_version_of_the_project\website\benthic_datasets\mask_labels\reef_support\SEAVIEW_PAC_AUS\masks_stitched\15020223501_mask.png
mask,15020223701_mask,15020223701_mask.png,C:\Users\20231807\Documents\GitHub\Cap_coral_reefs\New_version_of_the_project\website\benthic_datasets\mask_labels\reef_support\SEAVIEW_PAC_AUS\masks_stitched\15020223701_mask.png
mask,15020223901_mask,15020223901_mask.png,C:\Users\20231807\Documents\GitHub\Cap_coral_reefs\New_version_of_the_project\website\benthic_datasets\mask_labels\reef_support\SEAVIEW_PAC_AUS\masks_stitched\15020223901_mask.png
mask,15020224001_mask,15020224001_mask.png,C:\Users\20231807\Documents\GitHub\Cap_coral_reefs\New_version_of_the_project\website\benthic_datasets\mask_labels\reef_support\SEAVIEW_PAC_AUS\masks_stitched\15020224001_mask.png
mask,15020224301_mask,15020224301_mask.png,C:\Users\20231807\Documents\GitHub\Cap_coral_reefs\New_version_of_the_project\website\benthic_datasets\mask_labels\reef_support\SEAVIEW_PAC_AUS\masks_stitched\15020224301_mask.png
mask,15020224501_mask,15020224501_mask.png,C:\Users\20231807\Documents\GitHub\Cap_coral_reefs\New_version_of_the_project\website\benthic_datasets\mask_labels\reef_support\SEAVIEW_PAC_AUS\masks_stitched\15020224501_mask.png
mask,15020224701_mask,15020224701_mask.png,C:\Users\20231807\Documents\GitHub\Cap_coral_reefs\New_version_of_the_project\website\benthic_datasets\mask_labels\reef_support\SEAVIEW_PAC_AUS\masks_stitched\15020224701_mask.png
mask,15020224901_mask,15020224901_mask.png,C:\Users\20231807\Documents\GitHub\Cap_coral_reefs\New_version_of_the_project\website\benthic_datasets\mask_labels\reef_support\SEAVIEW_PAC_AUS\masks_stitched\15020224901_mask.png
mask,15020225401_mask,15020225401_mask.png,C:\Users\20231807\Documents\GitHub\Cap_coral_reefs\New_version_of_the_project\website\benthic_datasets\mask_labels\reef_support\SEAVIEW_PAC_AUS\masks_stitched\15020225401_mask.png
mask,15020225601_mask,15020225601_mask.png,C:\Users\20231807\Documents\GitHub\Cap_coral_reefs\New_version_of_the_project\website\benthic_datasets\mask_labels\reef_support\SEAVIEW_PAC_AUS\masks_stitched\15020225601_mask.png
mask,15020226001_mask,15020226001_mask.png,C:\Users\20231807\Documents\GitHub\Cap_coral_reefs\New_version_of_the_project\website\benthic_datasets\mask_labels\reef_support\SEAVIEW_PAC_AUS\masks_stitched\15020226001_mask.png
mask,15020226201_mask,15020226201_mask.png,C:\Users\20231807\Documents\GitHub\Cap_coral_reefs\New_version_of_the_project\website\benthic_datasets\mask_labels\reef_support\SEAVIEW_PAC_AUS\masks_stitched\15020226201_mask.png
mask,15020226801_mask,15020226801_mask.png,C:\Users\20231807\Documents\GitHub\Cap_coral_reefs\New_version_of_the_project\website\benthic_datasets\mask_labels\reef_support\SEAVIEW_PAC_AUS\masks_stitched\15020226801_mask.png
mask,15020227001_mask,15020227001_mask.png,C:\Users\20231807\Documents\GitHub\Cap_coral_reefs\New_version_of_the_project\website\benthic_datasets\mask_labels\reef_support\SEAVIEW_PAC_AUS\masks_stitched\15020227001_mask.png
mask,15020227201_mask,15020227201_mask.png,C:\Users\20231807\Documents\GitHub\Cap_coral_reefs\New_version_of_the_project\website\benthic_datasets\mask_labels\reef_support\SEAVIEW_PAC_AUS\masks_stitched\15020227201_mask.png
mask,15020227401_mask,15020227401_mask.png,C:\Users\20231807\Documents\GitHub\Cap_coral_reefs\New_version_of_the_project\website\benthic_datasets\mask_labels\reef_support\SEAVIEW_PAC_AUS\masks_stitched\15020227401_mask.png
mask,15020227601_mask,15020227601_mask.png,C:\Users\20231807\Documents\GitHub\Cap_coral_reefs\New_version_of_the_project\website\benthic_datasets\mask_labels\reef_support\SEAVIEW_PAC_AUS\masks_stitched\15020227601_mask.png
mask,15022046701_mask,15022046701_mask.png,C:\Users\20231807\Documents\GitHub\Cap_coral_reefs\New_version_of_the_project\website\benthic_datasets\mask_labels\reef_support\SEAVIEW_PAC_AUS\masks_stitched\15022046701_mask.png
mask,15022048001_mask,15022048001_mask.png,C:\Users\20231807\Documents\GitHub\Cap_coral_reefs\New_version_of_the_project\website\benthic_datasets\mask_labels\reef_support\SEAVIEW_PAC_AUS\masks_stitched\15022048001_mask.png
mask,15022048301_mask,15022048301_mask.png,C:\Users\20231807\Documents\GitHub\Cap_coral_reefs\New_version_of_the_project\website\benthic_datasets\mask_labels\reef_support\SEAVIEW_PAC_AUS\masks_stitched\15022048301_mask.png
mask,15022048501_mask,15022048501_mask.png,C:\Users\20231807\Documents\GitHub\Cap_coral_reefs\New_version_of_the_project\website\benthic_datasets\mask_labels\reef_support\SEAVIEW_PAC_AUS\masks_stitched\15022048501_mask.png
mask,15022048701_mask,15022048701_mask.png,C:\Users\20231807\Documents\GitHub\Cap_coral_reefs\New_version_of_the_project\website\benthic_datasets\mask_labels\reef_support\SEAVIEW_PAC_AUS\masks_stitched\15022048701_mask.png
mask,15025022301_mask,15025022301_mask.png,C:\Users\20231807\Documents\GitHub\Cap_coral_reefs\New_version_of_the_project\website\benthic_datasets\mask_labels\reef_support\SEAVIEW_PAC_AUS\masks_stitched\15025022301_mask.png
mask,15025026001_mask,15025026001_mask.png,C:\Users\20231807\Documents\GitHub\Cap_coral_reefs\New_version_of_the_project\website\benthic_datasets\mask_labels\reef_support\SEAVIEW_PAC_AUS\masks_stitched\15025026001_mask.png
mask,15025031601_mask,15025031601_mask.png,C:\Users\20231807\Documents\GitHub\Cap_coral_reefs\New_version_of_the_project\website\benthic_datasets\mask_labels\reef_support\SEAVIEW_PAC_AUS\masks_stitched\15025031601_mask.png
mask,15025043901_mask,15025043901_mask.png,C:\Users\20231807\Documents\GitHub\Cap_coral_reefs\New_version_of_the_project\website\benthic_datasets\mask_labels\reef_support\SEAVIEW_PAC_AUS\masks_stitched\15025043901_mask.png
mask,15025044901_mask,15025044901_mask.png,C:\Users\20231807\Documents\GitHub\Cap_coral_reefs\New_version_of_the_project\website\benthic_datasets\mask_labels\reef_support\SEAVIEW_PAC_AUS\masks_stitched\15025044901_mask.png
mask,15025045101_mask,15025045101_mask.png,C:\Users\20231807\Documents\GitHub\Cap_coral_reefs\New_version_of_the_project\website\benthic_datasets\mask_labels\reef_support\SEAVIEW_PAC_AUS\masks_stitched\15025045101_mask.png
mask,15025045901_mask,15025045901_mask.png,C:\Users\20231807\Documents\GitHub\Cap_coral_reefs\New_version_of_the_project\website\benthic_datasets\mask_labels\reef_support\SEAVIEW_PAC_AUS\masks_stitched\15025045901_mask.png
mask,15025046301_mask,15025046301_mask.png,C:\Users\20231807\Documents\GitHub\Cap_coral_reefs\New_version_of_the_project\website\benthic_datasets\mask_labels\reef_support\SEAVIEW_PAC_AUS\masks_stitched\15025046301_mask.png
mask,15025046501_mask,15025046501_mask.png,C:\Users\20231807\Documents\GitHub\Cap_coral_reefs\New_version_of_the_project\website\benthic_datasets\mask_labels\reef_support\SEAVIEW_PAC_AUS\masks_stitched\15025046501_mask.png
mask,15025051101_mask,15025051101_mask.png,C:\Users\20231807\Documents\GitHub\Cap_coral_reefs\New_version_of_the_project\website\benthic_datasets\mask_labels\reef_support\SEAVIEW_PAC_AUS\masks_stitched\15025051101_mask.png
mask,15025060701_mask,15025060701_mask.png,C:\Users\20231807\Documents\GitHub\Cap_coral_reefs\New_version_of_the_project\website\benthic_datasets\mask_labels\reef_support\SEAVIEW_PAC_AUS\masks_stitched\15025060701_mask.png
mask,15025061701_mask,15025061701_mask.png,C:\Users\20231807\Documents\GitHub\Cap_coral_reefs\New_version_of_the_project\website\benthic_datasets\mask_labels\reef_support\SEAVIEW_PAC_AUS\masks_stitched\15025061701_mask.png
mask,15025061901_mask,15025061901_mask.png,C:\Users\20231807\Documents\GitHub\Cap_coral_reefs\New_version_of_the_project\website\benthic_datasets\mask_labels\reef_support\SEAVIEW_PAC_AUS\masks_stitched\15025061901_mask.png
mask,15025062201_mask,15025062201_mask.png,C:\Users\20231807\Documents\GitHub\Cap_coral_reefs\New_version_of_the_project\website\benthic_datasets\mask_labels\reef_support\SEAVIEW_PAC_AUS\masks_stitched\15025062201_mask.png
mask,15026100902_mask,15026100902_mask.png,C:\Users\20231807\Documents\GitHub\Cap_coral_reefs\New_version_of_the_project\website\benthic_datasets\mask_labels\reef_support\SEAVIEW_PAC_AUS\masks_stitched\15026100902_mask.png
mask,15026101001_mask,15026101001_mask.png,C:\Users\20231807\Documents\GitHub\Cap_coral_reefs\New_version_of_the_project\website\benthic_datasets\mask_labels\reef_support\SEAVIEW_PAC_AUS\masks_stitched\15026101001_mask.png
mask,15026102002_mask,15026102002_mask.png,C:\Users\20231807\Documents\GitHub\Cap_coral_reefs\New_version_of_the_project\website\benthic_datasets\mask_labels\reef_support\SEAVIEW_PAC_AUS\masks_stitched\15026102002_mask.png
mask,15026103202_mask,15026103202_mask.png,C:\Users\20231807\Documents\GitHub\Cap_coral_reefs\New_version_of_the_project\website\benthic_datasets\mask_labels\reef_support\SEAVIEW_PAC_AUS\masks_stitched\15026103202_mask.png
mask,15026103402_mask,15026103402_mask.png,C:\Users\20231807\Documents\GitHub\Cap_coral_reefs\New_version_of_the_project\website\benthic_datasets\mask_labels\reef_support\SEAVIEW_PAC_AUS\masks_stitched\15026103402_mask.png
mask,15026114302_mask,15026114302_mask.png,C:\Users\20231807\Documents\GitHub\Cap_coral_reefs\New_version_of_the_project\website\benthic_datasets\mask_labels\reef_support\SEAVIEW_PAC_AUS\masks_stitched\15026114302_mask.png
mask,15026114701_mask,15026114701_mask.png,C:\Users\20231807\Documents\GitHub\Cap_coral_reefs\New_version_of_the_project\website\benthic_datasets\mask_labels\reef_support\SEAVIEW_PAC_AUS\masks_stitched\15026114701_mask.png
mask,15026115902_mask,15026115902_mask.png,C:\Users\20231807\Documents\GitHub\Cap_coral_reefs\New_version_of_the_project\website\benthic_datasets\mask_labels\reef_support\SEAVIEW_PAC_AUS\masks_stitched\15026115902_mask.png
mask,15026116001_mask,15026116001_mask.png,C:\Users\20231807\Documents\GitHub\Cap_coral_reefs\New_version_of_the_project\website\benthic_datasets\mask_labels\reef_support\SEAVIEW_PAC_AUS\masks_stitched\15026116001_mask.png
mask,15026116902_mask,15026116902_mask.png,C:\Users\20231807\Documents\GitHub\Cap_coral_reefs\New_version_of_the_project\website\benthic_datasets\mask_labels\reef_support\SEAVIEW_PAC_AUS\masks_stitched\15026116902_mask.png
mask,15026117001_mask,15026117001_mask.png,C:\Users\20231807\Documents\GitHub\Cap_coral_reefs\New_version_of_the_project\website\benthic_datasets\mask_labels\reef_support\SEAVIEW_PAC_AUS\masks_stitched\15026117001_mask.png
mask,15026117601_mask,15026117601_mask.png,C:\Users\20231807\Documents\GitHub\Cap_coral_reefs\New_version_of_the_project\website\benthic_datasets\mask_labels\reef_support\SEAVIEW_PAC_AUS\masks_stitched\15026117601_mask.png
mask,15026117801_mask,15026117801_mask.png,C:\Users\20231807\Documents\GitHub\Cap_coral_reefs\New_version_of_the_project\website\benthic_datasets\mask_labels\reef_support\SEAVIEW_PAC_AUS\masks_stitched\15026117801_mask.png
mask,15026121902_mask,15026121902_mask.png,C:\Users\20231807\Documents\GitHub\Cap_coral_reefs\New_version_of_the_project\website\benthic_datasets\mask_labels\reef_support\SEAVIEW_PAC_AUS\masks_stitched\15026121902_mask.png
mask,15026122001_mask,15026122001_mask.png,C:\Users\20231807\Documents\GitHub\Cap_coral_reefs\New_version_of_the_project\website\benthic_datasets\mask_labels\reef_support\SEAVIEW_PAC_AUS\masks_stitched\15026122001_mask.png
mask,15026122702_mask,15026122702_mask.png,C:\Users\20231807\Documents\GitHub\Cap_coral_reefs\New_version_of_the_project\website\benthic_datasets\mask_labels\reef_support\SEAVIEW_PAC_AUS\masks_stitched\15026122702_mask.png
mask,15026124401_mask,15026124401_mask.png,C:\Users\20231807\Documents\GitHub\Cap_coral_reefs\New_version_of_the_project\website\benthic_datasets\mask_labels\reef_support\SEAVIEW_PAC_AUS\masks_stitched\15026124401_mask.png
mask,15026125602_mask,15026125602_mask.png,C:\Users\20231807\Documents\GitHub\Cap_coral_reefs\New_version_of_the_project\website\benthic_datasets\mask_labels\reef_support\SEAVIEW_PAC_AUS\masks_stitched\15026125602_mask.png
mask,15026126201_mask,15026126201_mask.png,C:\Users\20231807\Documents\GitHub\Cap_coral_reefs\New_version_of_the_project\website\benthic_datasets\mask_labels\reef_support\SEAVIEW_PAC_AUS\masks_stitched\15026126201_mask.png
mask,15026126202_mask,15026126202_mask.png,C:\Users\20231807\Documents\GitHub\Cap_coral_reefs\New_version_of_the_project\website\benthic_datasets\mask_labels\reef_support\SEAVIEW_PAC_AUS\masks_stitched\15026126202_mask.png
mask,15026127202_mask,15026127202_mask.png,C:\Users\20231807\Documents\GitHub\Cap_coral_reefs\New_version_of_the_project\website\benthic_datasets\mask_labels\reef_support\SEAVIEW_PAC_AUS\masks_stitched\15026127202_mask.png
mask,15026127301_mask,15026127301_mask.png,C:\Users\20231807\Documents\GitHub\Cap_coral_reefs\New_version_of_the_project\website\benthic_datasets\mask_labels\reef_support\SEAVIEW_PAC_AUS\masks_stitched\15026127301_mask.png
mask,15026128802_mask,15026128802_mask.png,C:\Users\20231807\Documents\GitHub\Cap_coral_reefs\New_version_of_the_project\website\benthic_datasets\mask_labels\reef_support\SEAVIEW_PAC_AUS\masks_stitched\15026128802_mask.png
mask,15026135402_mask,15026135402_mask.png,C:\Users\20231807\Documents\GitHub\Cap_coral_reefs\New_version_of_the_project\website\benthic_datasets\mask_labels\reef_support\SEAVIEW_PAC_AUS\masks_stitched\15026135402_mask.png
mask,15026153001_mask,15026153001_mask.png,C:\Users\20231807\Documents\GitHub\Cap_coral_reefs\New_version_of_the_project\website\benthic_datasets\mask_labels\reef_support\SEAVIEW_PAC_AUS\masks_stitched\15026153001_mask.png
mask,15026157002_mask,15026157002_mask.png,C:\Users\20231807\Documents\GitHub\Cap_coral_reefs\New_version_of_the_project\website\benthic_datasets\mask_labels\reef_support\SEAVIEW_PAC_AUS\masks_stitched\15026157002_mask.png
mask,15026161502_mask,15026161502_mask.png,C:\Users\20231807\Documents\GitHub\Cap_coral_reefs\New_version_of_the_project\website\benthic_datasets\mask_labels\reef_support\SEAVIEW_PAC_AUS\masks_stitched\15026161502_mask.png
mask,15026163402_mask,15026163402_mask.png,C:\Users\20231807\Documents\GitHub\Cap_coral_reefs\New_version_of_the_project\website\benthic_datasets\mask_labels\reef_support\SEAVIEW_PAC_AUS\masks_stitched\15026163402_mask.png
mask,35008008401_mask,35008008401_mask.png,C:\Users\20231807\Documents\GitHub\Cap_coral_reefs\New_version_of_the_project\website\benthic_datasets\mask_labels\reef_support\SEAVIEW_PAC_AUS\masks_stitched\35008008401_mask.png
mask,35023131201_mask,35023131201_mask.png,C:\Users\20231807\Documents\GitHub\Cap_coral_reefs\New_version_of_the_project\website\benthic_datasets\mask_labels\reef_support\SEAVIEW_PAC_AUS\masks_stitched\35023131201_mask.png
mask,35023131401_mask,35023131401_mask.png,C:\Users\20231807\Documents\GitHub\Cap_coral_reefs\New_version_of_the_project\website\benthic_datasets\mask_labels\reef_support\SEAVIEW_PAC_AUS\masks_stitched\35023131401_mask.png
mask,35023131601_mask,35023131601_mask.png,C:\Users\20231807\Documents\GitHub\Cap_coral_reefs\New_version_of_the_project\website\benthic_datasets\mask_labels\reef_support\SEAVIEW_PAC_AUS\masks_stitched\35023131601_mask.png
mask,35023132001_mask,35023132001_mask.png,C:\Users\20231807\Documents\GitHub\Cap_coral_reefs\New_version_of_the_project\website\benthic_datasets\mask_labels\reef_support\SEAVIEW_PAC_AUS\masks_stitched\35023132001_mask.png
mask,35023132201_mask,35023132201_mask.png,C:\Users\20231807\Documents\GitHub\Cap_coral_reefs\New_version_of_the_project\website\benthic_datasets\mask_labels\reef_support\SEAVIEW_PAC_AUS\masks_stitched\35023132201_mask.png
mask,35023132401_mask,35023132401_mask.png,C:\Users\20231807\Documents\GitHub\Cap_coral_reefs\New_version_of_the_project\website\benthic_datasets\mask_labels\reef_support\SEAVIEW_PAC_AUS\masks_stitched\35023132401_mask.png
mask,35023132601_mask,35023132601_mask.png,C:\Users\20231807\Documents\GitHub\Cap_coral_reefs\New_version_of_the_project\website\benthic_datasets\mask_labels\reef_support\SEAVIEW_PAC_AUS\masks_stitched\35023132601_mask.png
mask,35023132801_mask,35023132801_mask.png,C:\Users\20231807\Documents\GitHub\Cap_coral_reefs\New_version_of_the_project\website\benthic_datasets\mask_labels\reef_support\SEAVIEW_PAC_AUS\masks_stitched\35023132801_mask.png
mask,35023133201_mask,35023133201_mask.png,C:\Users\20231807\Documents\GitHub\Cap_coral_reefs\New_version_of_the_project\website\benthic_datasets\mask_labels\reef_support\SEAVIEW_PAC_AUS\masks_stitched\35023133201_mask.png
mask,35023134001_mask,35023134001_mask.png,C:\Users\20231807\Documents\GitHub\Cap_coral_reefs\New_version_of_the_project\website\benthic_datasets\mask_labels\reef_support\SEAVIEW_PAC_AUS\masks_stitched\35023134001_mask.png
mask,35029035101_mask,35029035101_mask.png,C:\Users\20231807\Documents\GitHub\Cap_coral_reefs\New_version_of_the_project\website\benthic_datasets\mask_labels\reef_support\SEAVIEW_PAC_AUS\masks_stitched\35029035101_mask.png
mask,35030118302_mask,35030118302_mask.png,C:\Users\20231807\Documents\GitHub\Cap_coral_reefs\New_version_of_the_project\website\benthic_datasets\mask_labels\reef_support\SEAVIEW_PAC_AUS\masks_stitched\35030118302_mask.png
mask,35031257202_mask,35031257202_mask.png,C:\Users\20231807\Documents\GitHub\Cap_coral_reefs\New_version_of_the_project\website\benthic_datasets\mask_labels\reef_support\SEAVIEW_PAC_AUS\masks_stitched\35031257202_mask.png
mask,35031257502_mask,35031257502_mask.png,C:\Users\20231807\Documents\GitHub\Cap_coral_reefs\New_version_of_the_project\website\benthic_datasets\mask_labels\reef_support\SEAVIEW_PAC_AUS\masks_stitched\35031257502_mask.png
mask,35031266602_mask,35031266602_mask.png,C:\Users\20231807\Documents\GitHub\Cap_coral_reefs\New_version_of_the_project\website\benthic_datasets\mask_labels\reef_support\SEAVIEW_PAC_AUS\masks_stitched\35031266602_mask.png
mask,45018106701_mask,45018106701_mask.png,C:\Users\20231807\Documents\GitHub\Cap_coral_reefs\New_version_of_the_project\website\benthic_datasets\mask_labels\reef_support\SEAVIEW_PAC_AUS\masks_stitched\45018106701_mask.png
mask,45027025902_mask,45027025902_mask.png,C:\Users\20231807\Documents\GitHub\Cap_coral_reefs\New_version_of_the_project\website\benthic_datasets\mask_labels\reef_support\SEAVIEW_PAC_AUS\masks_stitched\45027025902_mask.png
mask,45027026102_mask,45027026102_mask.png,C:\Users\20231807\Documents\GitHub\Cap_coral_reefs\New_version_of_the_project\website\benthic_datasets\mask_labels\reef_support\SEAVIEW_PAC_AUS\masks_stitched\45027026102_mask.png
mask,45027026302_mask,45027026302_mask.png,C:\Users\20231807\Documents\GitHub\Cap_coral_reefs\New_version_of_the_project\website\benthic_datasets\mask_labels\reef_support\SEAVIEW_PAC_AUS\masks_stitched\45027026302_mask.png
mask,45027026502_mask,45027026502_mask.png,C:\Users\20231807\Documents\GitHub\Cap_coral_reefs\New_version_of_the_project\website\benthic_datasets\mask_labels\reef_support\SEAVIEW_PAC_AUS\masks_stitched\45027026502_mask.png
mask,45029191101_mask,45029191101_mask.png,C:\Users\20231807\Documents\GitHub\Cap_coral_reefs\New_version_of_the_project\website\benthic_datasets\mask_labels\reef_support\SEAVIEW_PAC_AUS\masks_stitched\45029191101_mask.png
mask,45029191301_mask,45029191301_mask.png,C:\Users\20231807\Documents\GitHub\Cap_coral_reefs\New_version_of_the_project\website\benthic_datasets\mask_labels\reef_support\SEAVIEW_PAC_AUS\masks_stitched\45029191301_mask.png
mask,45029191501_mask,45029191501_mask.png,C:\Users\20231807\Documents\GitHub\Cap_coral_reefs\New_version_of_the_project\website\benthic_datasets\mask_labels\reef_support\SEAVIEW_PAC_AUS\masks_stitched\45029191501_mask.png
mask,45029191701_mask,45029191701_mask.png,C:\Users\20231807\Documents\GitHub\Cap_coral_reefs\New_version_of_the_project\website\benthic_datasets\mask_labels\reef_support\SEAVIEW_PAC_AUS\masks_stitched\45029191701_mask.png
mask,45029191901_mask,45029191901_mask.png,C:\Users\20231807\Documents\GitHub\Cap_coral_reefs\New_version_of_the_project\website\benthic_datasets\mask_labels\reef_support\SEAVIEW_PAC_AUS\masks_stitched\45029191901_mask.png
mask,45029192101_mask,45029192101_mask.png,C:\Users\20231807\Documents\GitHub\Cap_coral_reefs\New_version_of_the_project\website\benthic_datasets\mask_labels\reef_support\SEAVIEW_PAC_AUS\masks_stitched\45029192101_mask.png
mask,45029192301_mask,45029192301_mask.png,C:\Users\20231807\Documents\GitHub\Cap_coral_reefs\New_version_of_the_project\website\benthic_datasets\mask_labels\reef_support\SEAVIEW_PAC_AUS\masks_stitched\45029192301_mask.png
mask,45029192501_mask,45029192501_mask.png,C:\Users\20231807\Documents\GitHub\Cap_coral_reefs\New_version_of_the_project\website\benthic_datasets\mask_labels\reef_support\SEAVIEW_PAC_AUS\masks_stitched\45029192501_mask.png
mask,45029192701_mask,45029192701_mask.png,C:\Users\20231807\Documents\GitHub\Cap_coral_reefs\New_version_of_the_project\website\benthic_datasets\mask_labels\reef_support\SEAVIEW_PAC_AUS\masks_stitched\45029192701_mask.png
mask,45029192801_mask,45029192801_mask.png,C:\Users\20231807\Documents\GitHub\Cap_coral_reefs\New_version_of_the_project\website\benthic_datasets\mask_labels\reef_support\SEAVIEW_PAC_AUS\masks_stitched\45029192801_mask.png
mask,45029192901_mask,45029192901_mask.png,C:\Users\20231807\Documents\GitHub\Cap_coral_reefs\New_version_of_the_project\website\benthic_datasets\mask_labels\reef_support\SEAVIEW_PAC_AUS\masks_stitched\45029192901_mask.png
mask,45029193001_mask,45029193001_mask.png,C:\Users\20231807\Documents\GitHub\Cap_coral_reefs\New_version_of_the_project\website\benthic_datasets\mask_labels\reef_support\SEAVIEW_PAC_AUS\masks_stitched\45029193001_mask.png
mask,45029193201_mask,45029193201_mask.png,C:\Users\20231807\Documents\GitHub\Cap_coral_reefs\New_version_of_the_project\website\benthic_datasets\mask_labels\reef_support\SEAVIEW_PAC_AUS\masks_stitched\45029193201_mask.png
mask,45029193501_mask,45029193501_mask.png,C:\Users\20231807\Documents\GitHub\Cap_coral_reefs\New_version_of_the_project\website\benthic_datasets\mask_labels\reef_support\SEAVIEW_PAC_AUS\masks_stitched\45029193501_mask.png
mask,45029193701_mask,45029193701_mask.png,C:\Users\20231807\Documents\GitHub\Cap_coral_reefs\New_version_of_the_project\website\benthic_datasets\mask_labels\reef_support\SEAVIEW_PAC_AUS\masks_stitched\45029193701_mask.png
mask,45029193901_mask,45029193901_mask.png,C:\Users\20231807\Documents\GitHub\Cap_coral_reefs\New_version_of_the_project\website\benthic_datasets\mask_labels\reef_support\SEAVIEW_PAC_AUS\masks_stitched\45029193901_mask.png
mask,45029221701_mask,45029221701_mask.png,C:\Users\20231807\Documents\GitHub\Cap_coral_reefs\New_version_of_the_project\website\benthic_datasets\mask_labels\reef_support\SEAVIEW_PAC_AUS\masks_stitched\45029221701_mask.png
mask,45029222101_mask,45029222101_mask.png,C:\Users\20231807\Documents\GitHub\Cap_coral_reefs\New_version_of_the_project\website\benthic_datasets\mask_labels\reef_support\SEAVIEW_PAC_AUS\masks_stitched\45029222101_mask.png
mask,45029222301_mask,45029222301_mask.png,C:\Users\20231807\Documents\GitHub\Cap_coral_reefs\New_version_of_the_project\website\benthic_datasets\mask_labels\reef_support\SEAVIEW_PAC_AUS\masks_stitched\45029222301_mask.png
mask,45029222701_mask,45029222701_mask.png,C:\Users\20231807\Documents\GitHub\Cap_coral_reefs\New_version_of_the_project\website\benthic_datasets\mask_labels\reef_support\SEAVIEW_PAC_AUS\masks_stitched\45029222701_mask.png
mask,45029222901_mask,45029222901_mask.png,C:\Users\20231807\Documents\GitHub\Cap_coral_reefs\New_version_of_the_project\website\benthic_datasets\mask_labels\reef_support\SEAVIEW_PAC_AUS\masks_stitched\45029222901_mask.png
mask,45029223001_mask,45029223001_mask.png,C:\Users\20231807\Documents\GitHub\Cap_coral_reefs\New_version_of_the_project\website\benthic_datasets\mask_labels\reef_support\SEAVIEW_PAC_AUS\masks_stitched\45029223001_mask.png
mask,45029223701_mask,45029223701_mask.png,C:\Users\20231807\Documents\GitHub\Cap_coral_reefs\New_version_of_the_project\website\benthic_datasets\mask_labels\reef_support\SEAVIEW_PAC_AUS\masks_stitched\45029223701_mask.png
mask,45029223901_mask,45029223901_mask.png,C:\Users\20231807\Documents\GitHub\Cap_coral_reefs\New_version_of_the_project\website\benthic_datasets\mask_labels\reef_support\SEAVIEW_PAC_AUS\masks_stitched\45029223901_mask.png
mask,45034128601_mask,45034128601_mask.png,C:\Users\20231807\Documents\GitHub\Cap_coral_reefs\New_version_of_the_project\website\benthic_datasets\mask_labels\reef_support\SEAVIEW_PAC_AUS\masks_stitched\45034128601_mask.png
mask,45034128801_mask,45034128801_mask.png,C:\Users\20231807\Documents\GitHub\Cap_coral_reefs\New_version_of_the_project\website\benthic_datasets\mask_labels\reef_support\SEAVIEW_PAC_AUS\masks_stitched\45034128801_mask.png
mask,45034129001_mask,45034129001_mask.png,C:\Users\20231807\Documents\GitHub\Cap_coral_reefs\New_version_of_the_project\website\benthic_datasets\mask_labels\reef_support\SEAVIEW_PAC_AUS\masks_stitched\45034129001_mask.png
mask,45034129201_mask,45034129201_mask.png,C:\Users\20231807\Documents\GitHub\Cap_coral_reefs\New_version_of_the_project\website\benthic_datasets\mask_labels\reef_support\SEAVIEW_PAC_AUS\masks_stitched\45034129201_mask.png
mask,45034129601_mask,45034129601_mask.png,C:\Users\20231807\Documents\GitHub\Cap_coral_reefs\New_version_of_the_project\website\benthic_datasets\mask_labels\reef_support\SEAVIEW_PAC_AUS\masks_stitched\45034129601_mask.png
mask,45034130101_mask,45034130101_mask.png,C:\Users\20231807\Documents\GitHub\Cap_coral_reefs\New_version_of_the_project\website\benthic_datasets\mask_labels\reef_support\SEAVIEW_PAC_AUS\masks_stitched\45034130101_mask.png
mask,45034130301_mask,45034130301_mask.png,C:\Users\20231807\Documents\GitHub\Cap_coral_reefs\New_version_of_the_project\website\benthic_datasets\mask_labels\reef_support\SEAVIEW_PAC_AUS\masks_stitched\45034130301_mask.png
mask,45034130501_mask,45034130501_mask.png,C:\Users\20231807\Documents\GitHub\Cap_coral_reefs\New_version_of_the_project\website\benthic_datasets\mask_labels\reef_support\SEAVIEW_PAC_AUS\masks_stitched\45034130501_mask.png
mask,45034130701_mask,45034130701_mask.png,C:\Users\20231807\Documents\GitHub\Cap_coral_reefs\New_version_of_the_project\website\benthic_datasets\mask_labels\reef_support\SEAVIEW_PAC_AUS\masks_stitched\45034130701_mask.png
mask,45034131101_mask,45034131101_mask.png,C:\Users\20231807\Documents\GitHub\Cap_coral_reefs\New_version_of_the_project\website\benthic_datasets\mask_labels\reef_support\SEAVIEW_PAC_AUS\masks_stitched\45034131101_mask.png
mask,45034131301_mask,45034131301_mask.png,C:\Users\20231807\Documents\GitHub\Cap_coral_reefs\New_version_of_the_project\website\benthic_datasets\mask_labels\reef_support\SEAVIEW_PAC_AUS\masks_stitched\45034131301_mask.png
image,10001008301,10001008301.jpg,C:\Users\20231807\Documents\GitHub\Cap_coral_reefs\New_version_of_the_project\website\benthic_datasets\mask_labels\reef_support\SEAVIEW_PAC_AUS\images\10001008301.jpg
image,10001009005,10001009005.jpg,C:\Users\20231807\Documents\GitHub\Cap_coral_reefs\New_version_of_the_project\website\benthic_datasets\mask_labels\reef_support\SEAVIEW_PAC_AUS\images\10001009005.jpg
image,10001010601,10001010601.jpg,C:\Users\20231807\Documents\GitHub\Cap_coral_reefs\New_version_of_the_project\website\benthic_datasets\mask_labels\reef_support\SEAVIEW_PAC_AUS\images\10001010601.jpg
image,10001013802,10001013802.jpg,C:\Users\20231807\Documents\GitHub\Cap_coral_reefs\New_version_of_the_project\website\benthic_datasets\mask_labels\reef_support\SEAVIEW_PAC_AUS\images\10001013802.jpg
image,10001016706,10001016706.jpg,C:\Users\20231807\Documents\GitHub\Cap_coral_reefs\New_version_of_the_project\website\benthic_datasets\mask_labels\reef_support\SEAVIEW_PAC_AUS\images\10001016706.jpg
image,10001018106,10001018106.jpg,C:\Users\20231807\Documents\GitHub\Cap_coral_reefs\New_version_of_the_project\website\benthic_datasets\mask_labels\reef_support\SEAVIEW_PAC_AUS\images\10001018106.jpg
image,10001018802,10001018802.jpg,C:\Users\20231807\Documents\GitHub\Cap_coral_reefs\New_version_of_the_project\website\benthic_datasets\mask_labels\reef_support\SEAVIEW_PAC_AUS\images\10001018802.jpg
image,10001019602,10001019602.jpg,C:\Users\20231807\Documents\GitHub\Cap_coral_reefs\New_version_of_the_project\website\benthic_datasets\mask_labels\reef_support\SEAVIEW_PAC_AUS\images\10001019602.jpg
image,10001019702,10001019702.jpg,C:\Users\20231807\Documents\GitHub\Cap_coral_reefs\New_version_of_the_project\website\benthic_datasets\mask_labels\reef_support\SEAVIEW_PAC_AUS\images\10001019702.jpg
image,10001020102,10001020102.jpg,C:\Users\20231807\Documents\GitHub\Cap_coral_reefs\New_version_of_the_project\website\benthic_datasets\mask_labels\reef_support\SEAVIEW_PAC_AUS\images\10001020102.jpg
image,10001020302,10001020302.jpg,C:\Users\20231807\Documents\GitHub\Cap_coral_reefs\New_version_of_the_project\website\benthic_datasets\mask_labels\reef_support\SEAVIEW_PAC_AUS\images\10001020302.jpg
image,10001020402,10001020402.jpg,C:\Users\20231807\Documents\GitHub\Cap_coral_reefs\New_version_of_the_project\website\benthic_datasets\mask_labels\reef_support\SEAVIEW_PAC_AUS\images\10001020402.jpg
image,10001020902,10001020902.jpg,C:\Users\20231807\Documents\GitHub\Cap_coral_reefs\New_version_of_the_project\website\benthic_datasets\mask_labels\reef_support\SEAVIEW_PAC_AUS\images\10001020902.jpg
image,10001021501,10001021501.jpg,C:\Users\20231807\Documents\GitHub\Cap_coral_reefs\New_version_of_the_project\website\benthic_datasets\mask_labels\reef_support\SEAVIEW_PAC_AUS\images\10001021501.jpg
image,10001021602,10001021602.jpg,C:\Users\20231807\Documents\GitHub\Cap_coral_reefs\New_version_of_the_project\website\benthic_datasets\mask_labels\reef_support\SEAVIEW_PAC_AUS\images\10001021602.jpg
image,10001021702,10001021702.jpg,C:\Users\20231807\Documents\GitHub\Cap_coral_reefs\New_version_of_the_project\website\benthic_datasets\mask_labels\reef_support\SEAVIEW_PAC_AUS\images\10001021702.jpg
image,10001021902,10001021902.jpg,C:\Users\20231807\Documents\GitHub\Cap_coral_reefs\New_version_of_the_project\website\benthic_datasets\mask_labels\reef_support\SEAVIEW_PAC_AUS\images\10001021902.jpg
image,10001022002,10001022002.jpg,C:\Users\20231807\Documents\GitHub\Cap_coral_reefs\New_version_of_the_project\website\benthic_datasets\mask_labels\reef_support\SEAVIEW_PAC_AUS\images\10001022002.jpg
image,10001022702,10001022702.jpg,C:\Users\20231807\Documents\GitHub\Cap_coral_reefs\New_version_of_the_project\website\benthic_datasets\mask_labels\reef_support\SEAVIEW_PAC_AUS\images\10001022702.jpg
image,10001022902,10001022902.jpg,C:\Users\20231807\Documents\GitHub\Cap_coral_reefs\New_version_of_the_project\website\benthic_datasets\mask_labels\reef_support\SEAVIEW_PAC_AUS\images\10001022902.jpg
image,10001023002,10001023002.jpg,C:\Users\20231807\Documents\GitHub\Cap_coral_reefs\New_version_of_the_project\website\benthic_datasets\mask_labels\reef_support\SEAVIEW_PAC_AUS\images\10001023002.jpg
image,10001023302,10001023302.jpg,C:\Users\20231807\Documents\GitHub\Cap_coral_reefs\New_version_of_the_project\website\benthic_datasets\mask_labels\reef_support\SEAVIEW_PAC_AUS\images\10001023302.jpg
image,10001023702,10001023702.jpg,C:\Users\20231807\Documents\GitHub\Cap_coral_reefs\New_version_of_the_project\website\benthic_datasets\mask_labels\reef_support\SEAVIEW_PAC_AUS\images\10001023702.jpg
image,10001024102,10001024102.jpg,C:\Users\20231807\Documents\GitHub\Cap_coral_reefs\New_version_of_the_project\website\benthic_datasets\mask_labels\reef_support\SEAVIEW_PAC_AUS\images\10001024102.jpg
image,10001024602,10001024602.jpg,C:\Users\20231807\Documents\GitHub\Cap_coral_reefs\New_version_of_the_project\website\benthic_datasets\mask_labels\reef_support\SEAVIEW_PAC_AUS\images\10001024602.jpg
image,10001025602,10001025602.jpg,C:\Users\20231807\Documents\GitHub\Cap_coral_reefs\New_version_of_the_project\website\benthic_datasets\mask_labels\reef_support\SEAVIEW_PAC_AUS\images\10001025602.jpg
image,10001026002,10001026002.jpg,C:\Users\20231807\Documents\GitHub\Cap_coral_reefs\New_version_of_the_project\website\benthic_datasets\mask_labels\reef_support\SEAVIEW_PAC_AUS\images\10001026002.jpg
image,10001026202,10001026202.jpg,C:\Users\20231807\Documents\GitHub\Cap_coral_reefs\New_version_of_the_project\website\benthic_datasets\mask_labels\reef_support\SEAVIEW_PAC_AUS\images\10001026202.jpg
image,10001026402,10001026402.jpg,C:\Users\20231807\Documents\GitHub\Cap_coral_reefs\New_version_of_the_project\website\benthic_datasets\mask_labels\reef_support\SEAVIEW_PAC_AUS\images\10001026402.jpg
image,10001026702,10001026702.jpg,C:\Users\20231807\Documents\GitHub\Cap_coral_reefs\New_version_of_the_project\website\benthic_datasets\mask_labels\reef_support\SEAVIEW_PAC_AUS\images\10001026702.jpg
image,10001026902,10001026902.jpg,C:\Users\20231807\Documents\GitHub\Cap_coral_reefs\New_version_of_the_project\website\benthic_datasets\mask_labels\reef_support\SEAVIEW_PAC_AUS\images\10001026902.jpg
image,10001027401,10001027401.jpg,C:\Users\20231807\Documents\GitHub\Cap_coral_reefs\New_version_of_the_project\website\benthic_datasets\mask_labels\reef_support\SEAVIEW_PAC_AUS\images\10001027401.jpg
image,10001037501,10001037501.jpg,C:\Users\20231807\Documents\GitHub\Cap_coral_reefs\New_version_of_the_project\website\benthic_datasets\mask_labels\reef_support\SEAVIEW_PAC_AUS\images\10001037501.jpg
image,10002003111,10002003111.jpg,C:\Users\20231807\Documents\GitHub\Cap_coral_reefs\New_version_of_the_project\website\benthic_datasets\mask_labels\reef_support\SEAVIEW_PAC_AUS\images\10002003111.jpg
image,10005006202,10005006202.jpg,C:\Users\20231807\Documents\GitHub\Cap_coral_reefs\New_version_of_the_project\website\benthic_datasets\mask_labels\reef_support\SEAVIEW_PAC_AUS\images\10005006202.jpg
image,10005011302,10005011302.jpg,C:\Users\20231807\Documents\GitHub\Cap_coral_reefs\New_version_of_the_project\website\benthic_datasets\mask_labels\reef_support\SEAVIEW_PAC_AUS\images\10005011302.jpg
image,10005013402,10005013402.jpg,C:\Users\20231807\Documents\GitHub\Cap_coral_reefs\New_version_of_the_project\website\benthic_datasets\mask_labels\reef_support\SEAVIEW_PAC_AUS\images\10005013402.jpg
image,10005015802,10005015802.jpg,C:\Users\20231807\Documents\GitHub\Cap_coral_reefs\New_version_of_the_project\website\benthic_datasets\mask_labels\reef_support\SEAVIEW_PAC_AUS\images\10005015802.jpg
image,10005016302,10005016302.jpg,C:\Users\20231807\Documents\GitHub\Cap_coral_reefs\New_version_of_the_project\website\benthic_datasets\mask_labels\reef_support\SEAVIEW_PAC_AUS\images\10005016302.jpg
image,10005017207,10005017207.jpg,C:\Users\20231807\Documents\GitHub\Cap_coral_reefs\New_version_of_the_project\website\benthic_datasets\mask_labels\reef_support\SEAVIEW_PAC_AUS\images\10005017207.jpg
image,10005017402,10005017402.jpg,C:\Users\20231807\Documents\GitHub\Cap_coral_reefs\New_version_of_the_project\website\benthic_datasets\mask_labels\reef_support\SEAVIEW_PAC_AUS\images\10005017402.jpg
image,10005026002,10005026002.jpg,C:\Users\20231807\Documents\GitHub\Cap_coral_reefs\New_version_of_the_project\website\benthic_datasets\mask_labels\reef_support\SEAVIEW_PAC_AUS\images\10005026002.jpg
image,10005034008,10005034008.jpg,C:\Users\20231807\Documents\GitHub\Cap_coral_reefs\New_version_of_the_project\website\benthic_datasets\mask_labels\reef_support\SEAVIEW_PAC_AUS\images\10005034008.jpg
image,10005034102,10005034102.jpg,C:\Users\20231807\Documents\GitHub\Cap_coral_reefs\New_version_of_the_project\website\benthic_datasets\mask_labels\reef_support\SEAVIEW_PAC_AUS\images\10005034102.jpg
image,10005034302,10005034302.jpg,C:\Users\20231807\Documents\GitHub\Cap_coral_reefs\New_version_of_the_project\website\benthic_datasets\mask_labels\reef_support\SEAVIEW_PAC_AUS\images\10005034302.jpg
image,10005034403,10005034403.jpg,C:\Users\20231807\Documents\GitHub\Cap_coral_reefs\New_version_of_the_project\website\benthic_datasets\mask_labels\reef_support\SEAVIEW_PAC_AUS\images\10005034403.jpg
image,10005035402,10005035402.jpg,C:\Users\20231807\Documents\GitHub\Cap_coral_reefs\New_version_of_the_project\website\benthic_datasets\mask_labels\reef_support\SEAVIEW_PAC_AUS\images\10005035402.jpg
image,10005035602,10005035602.jpg,C:\Users\20231807\Documents\GitHub\Cap_coral_reefs\New_version_of_the_project\website\benthic_datasets\mask_labels\reef_support\SEAVIEW_PAC_AUS\images\10005035602.jpg
image,10005039102,10005039102.jpg,C:\Users\20231807\Documents\GitHub\Cap_coral_reefs\New_version_of_the_project\website\benthic_datasets\mask_labels\reef_support\SEAVIEW_PAC_AUS\images\10005039102.jpg
image,10005039302,10005039302.jpg,C:\Users\20231807\Documents\GitHub\Cap_coral_reefs\New_version_of_the_project\website\benthic_datasets\mask_labels\reef_support\SEAVIEW_PAC_AUS\images\10005039302.jpg
image,10005042505,10005042505.jpg,C:\Users\20231807\Documents\GitHub\Cap_coral_reefs\New_version_of_the_project\website\benthic_datasets\mask_labels\reef_support\SEAVIEW_PAC_AUS\images\10005042505.jpg
image,10005043103,10005043103.jpg,C:\Users\20231807\Documents\GitHub\Cap_coral_reefs\New_version_of_the_project\website\benthic_datasets\mask_labels\reef_support\SEAVIEW_PAC_AUS\images\10005043103.jpg
image,10005043303,10005043303.jpg,C:\Users\20231807\Documents\GitHub\Cap_coral_reefs\New_version_of_the_project\website\benthic_datasets\mask_labels\reef_support\SEAVIEW_PAC_AUS\images\10005043303.jpg
image,10005043402,10005043402.jpg,C:\Users\20231807\Documents\GitHub\Cap_coral_reefs\New_version_of_the_project\website\benthic_datasets\mask_labels\reef_support\SEAVIEW_PAC_AUS\images\10005043402.jpg
image,10005043502,10005043502.jpg,C:\Users\20231807\Documents\GitHub\Cap_coral_reefs\New_version_of_the_project\website\benthic_datasets\mask_labels\reef_support\SEAVIEW_PAC_AUS\images\10005043502.jpg
image,10005050702,10005050702.jpg,C:\Users\20231807\Documents\GitHub\Cap_coral_reefs\New_version_of_the_project\website\benthic_datasets\mask_labels\reef_support\SEAVIEW_PAC_AUS\images\10005050702.jpg
image,10005060102,10005060102.jpg,C:\Users\20231807\Documents\GitHub\Cap_coral_reefs\New_version_of_the_project\website\benthic_datasets\mask_labels\reef_support\SEAVIEW_PAC_AUS\images\10005060102.jpg
image,10005080802,10005080802.jpg,C:\Users\20231807\Documents\GitHub\Cap_coral_reefs\New_version_of_the_project\website\benthic_datasets\mask_labels\reef_support\SEAVIEW_PAC_AUS\images\10005080802.jpg
image,10005082703,10005082703.jpg,C:\Users\20231807\Documents\GitHub\Cap_coral_reefs\New_version_of_the_project\website\benthic_datasets\mask_labels\reef_support\SEAVIEW_PAC_AUS\images\10005082703.jpg
image,10005083702,10005083702.jpg,C:\Users\20231807\Documents\GitHub\Cap_coral_reefs\New_version_of_the_project\website\benthic_datasets\mask_labels\reef_support\SEAVIEW_PAC_AUS\images\10005083702.jpg
image,10005084105,10005084105.jpg,C:\Users\20231807\Documents\GitHub\Cap_coral_reefs\New_version_of_the_project\website\benthic_datasets\mask_labels\reef_support\SEAVIEW_PAC_AUS\images\10005084105.jpg
image,10005084202,10005084202.jpg,C:\Users\20231807\Documents\GitHub\Cap_coral_reefs\New_version_of_the_project\website\benthic_datasets\mask_labels\reef_support\SEAVIEW_PAC_AUS\images\10005084202.jpg
image,10005089805,10005089805.jpg,C:\Users\20231807\Documents\GitHub\Cap_coral_reefs\New_version_of_the_project\website\benthic_datasets\mask_labels\reef_support\SEAVIEW_PAC_AUS\images\10005089805.jpg
image,10006093001,10006093001.jpg,C:\Users\20231807\Documents\GitHub\Cap_coral_reefs\New_version_of_the_project\website\benthic_datasets\mask_labels\reef_support\SEAVIEW_PAC_AUS\images\10006093001.jpg
image,10006093807,10006093807.jpg,C:\Users\20231807\Documents\GitHub\Cap_coral_reefs\New_version_of_the_project\website\benthic_datasets\mask_labels\reef_support\SEAVIEW_PAC_AUS\images\10006093807.jpg
image,10006094801,10006094801.jpg,C:\Users\20231807\Documents\GitHub\Cap_coral_reefs\New_version_of_the_project\website\benthic_datasets\mask_labels\reef_support\SEAVIEW_PAC_AUS\images\10006094801.jpg
image,10006098302,10006098302.jpg,C:\Users\20231807\Documents\GitHub\Cap_coral_reefs\New_version_of_the_project\website\benthic_datasets\mask_labels\reef_support\SEAVIEW_PAC_AUS\images\10006098302.jpg
image,10006098602,10006098602.jpg,C:\Users\20231807\Documents\GitHub\Cap_coral_reefs\New_version_of_the_project\website\benthic_datasets\mask_labels\reef_support\SEAVIEW_PAC_AUS\images\10006098602.jpg
image,10006105402,10006105402.jpg,C:\Users\20231807\Documents\GitHub\Cap_coral_reefs\New_version_of_the_project\website\benthic_datasets\mask_labels\reef_support\SEAVIEW_PAC_AUS\images\10006105402.jpg
image,10006105602,10006105602.jpg,C:\Users\20231807\Documents\GitHub\Cap_coral_reefs\New_version_of_the_project\website\benthic_datasets\mask_labels\reef_support\SEAVIEW_PAC_AUS\images\10006105602.jpg
image,10006106402,10006106402.jpg,C:\Users\20231807\Documents\GitHub\Cap_coral_reefs\New_version_of_the_project\website\benthic_datasets\mask_labels\reef_support\SEAVIEW_PAC_AUS\images\10006106402.jpg
image,10006106902,10006106902.jpg,C:\Users\20231807\Documents\GitHub\Cap_coral_reefs\New_version_of_the_project\website\benthic_datasets\mask_labels\reef_support\SEAVIEW_PAC_AUS\images\10006106902.jpg
image,10006110401,10006110401.jpg,C:\Users\20231807\Documents\GitHub\Cap_coral_reefs\New_version_of_the_project\website\benthic_datasets\mask_labels\reef_support\SEAVIEW_PAC_AUS\images\10006110401.jpg
image,10006110502,10006110502.jpg,C:\Users\20231807\Documents\GitHub\Cap_coral_reefs\New_version_of_the_project\website\benthic_datasets\mask_labels\reef_support\SEAVIEW_PAC_AUS\images\10006110502.jpg
image,10006110901,10006110901.jpg,C:\Users\20231807\Documents\GitHub\Cap_coral_reefs\New_version_of_the_project\website\benthic_datasets\mask_labels\reef_support\SEAVIEW_PAC_AUS\images\10006110901.jpg
image,10006111001,10006111001.jpg,C:\Users\20231807\Documents\GitHub\Cap_coral_reefs\New_version_of_the_project\website\benthic_datasets\mask_labels\reef_support\SEAVIEW_PAC_AUS\images\10006111001.jpg
image,10006112702,10006112702.jpg,C:\Users\20231807\Documents\GitHub\Cap_coral_reefs\New_version_of_the_project\website\benthic_datasets\mask_labels\reef_support\SEAVIEW_PAC_AUS\images\10006112702.jpg
image,10006112801,10006112801.jpg,C:\Users\20231807\Documents\GitHub\Cap_coral_reefs\New_version_of_the_project\website\benthic_datasets\mask_labels\reef_support\SEAVIEW_PAC_AUS\images\10006112801.jpg
image,10006114302,10006114302.jpg,C:\Users\20231807\Documents\GitHub\Cap_coral_reefs\New_version_of_the_project\website\benthic_datasets\mask_labels\reef_support\SEAVIEW_PAC_AUS\images\10006114302.jpg
image,10006114502,10006114502.jpg,C:\Users\20231807\Documents\GitHub\Cap_coral_reefs\New_version_of_the_project\website\benthic_datasets\mask_labels\reef_support\SEAVIEW_PAC_AUS\images\10006114502.jpg
image,10006116902,10006116902.jpg,C:\Users\20231807\Documents\GitHub\Cap_coral_reefs\New_version_of_the_project\website\benthic_datasets\mask_labels\reef_support\SEAVIEW_PAC_AUS\images\10006116902.jpg
image,10006118801,10006118801.jpg,C:\Users\20231807\Documents\GitHub\Cap_coral_reefs\New_version_of_the_project\website\benthic_datasets\mask_labels\reef_support\SEAVIEW_PAC_AUS\images\10006118801.jpg
image,10006118901,10006118901.jpg,C:\Users\20231807\Documents\GitHub\Cap_coral_reefs\New_version_of_the_project\website\benthic_datasets\mask_labels\reef_support\SEAVIEW_PAC_AUS\images\10006118901.jpg
image,10006120902,10006120902.jpg,C:\Users\20231807\Documents\GitHub\Cap_coral_reefs\New_version_of_the_project\website\benthic_datasets\mask_labels\reef_support\SEAVIEW_PAC_AUS\images\10006120902.jpg
image,10006121002,10006121002.jpg,C:\Users\20231807\Documents\GitHub\Cap_coral_reefs\New_version_of_the_project\website\benthic_datasets\mask_labels\reef_support\SEAVIEW_PAC_AUS\images\10006121002.jpg
image,10006121201,10006121201.jpg,C:\Users\20231807\Documents\GitHub\Cap_coral_reefs\New_version_of_the_project\website\benthic_datasets\mask_labels\reef_support\SEAVIEW_PAC_AUS\images\10006121201.jpg
image,10006125702,10006125702.jpg,C:\Users\20231807\Documents\GitHub\Cap_coral_reefs\New_version_of_the_project\website\benthic_datasets\mask_labels\reef_support\SEAVIEW_PAC_AUS\images\10006125702.jpg
image,10008007102,10008007102.jpg,C:\Users\20231807\Documents\GitHub\Cap_coral_reefs\New_version_of_the_project\website\benthic_datasets\mask_labels\reef_support\SEAVIEW_PAC_AUS\images\10008007102.jpg
image,10008007302,10008007302.jpg,C:\Users\20231807\Documents\GitHub\Cap_coral_reefs\New_version_of_the_project\website\benthic_datasets\mask_labels\reef_support\SEAVIEW_PAC_AUS\images\10008007302.jpg
image,10019012002,10019012002.jpg,C:\Users\20231807\Documents\GitHub\Cap_coral_reefs\New_version_of_the_project\website\benthic_datasets\mask_labels\reef_support\SEAVIEW_PAC_AUS\images\10019012002.jpg
image,10019019402,10019019402.jpg,C:\Users\20231807\Documents\GitHub\Cap_coral_reefs\New_version_of_the_project\website\benthic_datasets\mask_labels\reef_support\SEAVIEW_PAC_AUS\images\10019019402.jpg
image,10019055702,10019055702.jpg,C:\Users\20231807\Documents\GitHub\Cap_coral_reefs\New_version_of_the_project\website\benthic_datasets\mask_labels\reef_support\SEAVIEW_PAC_AUS\images\10019055702.jpg
image,10019058301,10019058301.jpg,C:\Users\20231807\Documents\GitHub\Cap_coral_reefs\New_version_of_the_project\website\benthic_datasets\mask_labels\reef_support\SEAVIEW_PAC_AUS\images\10019058301.jpg
image,10019060302,10019060302.jpg,C:\Users\20231807\Documents\GitHub\Cap_coral_reefs\New_version_of_the_project\website\benthic_datasets\mask_labels\reef_support\SEAVIEW_PAC_AUS\images\10019060302.jpg
image,10019062902,10019062902.jpg,C:\Users\20231807\Documents\GitHub\Cap_coral_reefs\New_version_of_the_project\website\benthic_datasets\mask_labels\reef_support\SEAVIEW_PAC_AUS\images\10019062902.jpg
image,10019063002,10019063002.jpg,C:\Users\20231807\Documents\GitHub\Cap_coral_reefs\New_version_of_the_project\website\benthic_datasets\mask_labels\reef_support\SEAVIEW_PAC_AUS\images\10019063002.jpg
image,10019081502,10019081502.jpg,C:\Users\20231807\Documents\GitHub\Cap_coral_reefs\New_version_of_the_project\website\benthic_datasets\mask_labels\reef_support\SEAVIEW_PAC_AUS\images\10019081502.jpg
image,10019083001,10019083001.jpg,C:\Users\20231807\Documents\GitHub\Cap_coral_reefs\New_version_of_the_project\website\benthic_datasets\mask_labels\reef_support\SEAVIEW_PAC_AUS\images\10019083001.jpg
image,10020088601,10020088601.jpg,C:\Users\20231807\Documents\GitHub\Cap_coral_reefs\New_version_of_the_project\website\benthic_datasets\mask_labels\reef_support\SEAVIEW_PAC_AUS\images\10020088601.jpg
image,10020088801,10020088801.jpg,C:\Users\20231807\Documents\GitHub\Cap_coral_reefs\New_version_of_the_project\website\benthic_datasets\mask_labels\reef_support\SEAVIEW_PAC_AUS\images\10020088801.jpg
image,10020123602,10020123602.jpg,C:\Users\20231807\Documents\GitHub\Cap_coral_reefs\New_version_of_the_project\website\benthic_datasets\mask_labels\reef_support\SEAVIEW_PAC_AUS\images\10020123602.jpg
image,10022087502,10022087502.jpg,C:\Users\20231807\Documents\GitHub\Cap_coral_reefs\New_version_of_the_project\website\benthic_datasets\mask_labels\reef_support\SEAVIEW_PAC_AUS\images\10022087502.jpg
image,10022088102,10022088102.jpg,C:\Users\20231807\Documents\GitHub\Cap_coral_reefs\New_version_of_the_project\website\benthic_datasets\mask_labels\reef_support\SEAVIEW_PAC_AUS\images\10022088102.jpg
image,10022088302,10022088302.jpg,C:\Users\20231807\Documents\GitHub\Cap_coral_reefs\New_version_of_the_project\website\benthic_datasets\mask_labels\reef_support\SEAVIEW_PAC_AUS\images\10022088302.jpg
image,10022090602,10022090602.jpg,C:\Users\20231807\Documents\GitHub\Cap_coral_reefs\New_version_of_the_project\website\benthic_datasets\mask_labels\reef_support\SEAVIEW_PAC_AUS\images\10022090602.jpg
image,10022091602,10022091602.jpg,C:\Users\20231807\Documents\GitHub\Cap_coral_reefs\New_version_of_the_project\website\benthic_datasets\mask_labels\reef_support\SEAVIEW_PAC_AUS\images\10022091602.jpg
image,10022091902,10022091902.jpg,C:\Users\20231807\Documents\GitHub\Cap_coral_reefs\New_version_of_the_project\website\benthic_datasets\mask_labels\reef_support\SEAVIEW_PAC_AUS\images\10022091902.jpg
image,10023114602,10023114602.jpg,C:\Users\20231807\Documents\GitHub\Cap_coral_reefs\New_version_of_the_project\website\benthic_datasets\mask_labels\reef_support\SEAVIEW_PAC_AUS\images\10023114602.jpg
image,10023115002,10023115002.jpg,C:\Users\20231807\Documents\GitHub\Cap_coral_reefs\New_version_of_the_project\website\benthic_datasets\mask_labels\reef_support\SEAVIEW_PAC_AUS\images\10023115002.jpg
image,10023118102,10023118102.jpg,C:\Users\20231807\Documents\GitHub\Cap_coral_reefs\New_version_of_the_project\website\benthic_datasets\mask_labels\reef_support\SEAVIEW_PAC_AUS\images\10023118102.jpg
image,10023120802,10023120802.jpg,C:\Users\20231807\Documents\GitHub\Cap_coral_reefs\New_version_of_the_project\website\benthic_datasets\mask_labels\reef_support\SEAVIEW_PAC_AUS\images\10023120802.jpg
image,10023122502,10023122502.jpg,C:\Users\20231807\Documents\GitHub\Cap_coral_reefs\New_version_of_the_project\website\benthic_datasets\mask_labels\reef_support\SEAVIEW_PAC_AUS\images\10023122502.jpg
image,10023127502,10023127502.jpg,C:\Users\20231807\Documents\GitHub\Cap_coral_reefs\New_version_of_the_project\website\benthic_datasets\mask_labels\reef_support\SEAVIEW_PAC_AUS\images\10023127502.jpg
image,10023171602,10023171602.jpg,C:\Users\20231807\Documents\GitHub\Cap_coral_reefs\New_version_of_the_project\website\benthic_datasets\mask_labels\reef_support\SEAVIEW_PAC_AUS\images\10023171602.jpg
image,10025044701,10025044701.jpg,C:\Users\20231807\Documents\GitHub\Cap_coral_reefs\New_version_of_the_project\website\benthic_datasets\mask_labels\reef_support\SEAVIEW_PAC_AUS\images\10025044701.jpg
image,10025046001,10025046001.jpg,C:\Users\20231807\Documents\GitHub\Cap_coral_reefs\New_version_of_the_project\website\benthic_datasets\mask_labels\reef_support\SEAVIEW_PAC_AUS\images\10025046001.jpg
image,10025048101,10025048101.jpg,C:\Users\20231807\Documents\GitHub\Cap_coral_reefs\New_version_of_the_project\website\benthic_datasets\mask_labels\reef_support\SEAVIEW_PAC_AUS\images\10025048101.jpg
image,11004129902,11004129902.jpg,C:\Users\20231807\Documents\GitHub\Cap_coral_reefs\New_version_of_the_project\website\benthic_datasets\mask_labels\reef_support\SEAVIEW_PAC_AUS\images\11004129902.jpg
image,11004130202,11004130202.jpg,C:\Users\20231807\Documents\GitHub\Cap_coral_reefs\New_version_of_the_project\website\benthic_datasets\mask_labels\reef_support\SEAVIEW_PAC_AUS\images\11004130202.jpg
image,11004130402,11004130402.jpg,C:\Users\20231807\Documents\GitHub\Cap_coral_reefs\New_version_of_the_project\website\benthic_datasets\mask_labels\reef_support\SEAVIEW_PAC_AUS\images\11004130402.jpg
image,11004130602,11004130602.jpg,C:\Users\20231807\Documents\GitHub\Cap_coral_reefs\New_version_of_the_project\website\benthic_datasets\mask_labels\reef_support\SEAVIEW_PAC_AUS\images\11004130602.jpg
image,11004130702,11004130702.jpg,C:\Users\20231807\Documents\GitHub\Cap_coral_reefs\New_version_of_the_project\website\benthic_datasets\mask_labels\reef_support\SEAVIEW_PAC_AUS\images\11004130702.jpg
image,11004130902,11004130902.jpg,C:\Users\20231807\Documents\GitHub\Cap_coral_reefs\New_version_of_the_project\website\benthic_datasets\mask_labels\reef_support\SEAVIEW_PAC_AUS\images\11004130902.jpg
image,11004131502,11004131502.jpg,C:\Users\20231807\Documents\GitHub\Cap_coral_reefs\New_version_of_the_project\website\benthic_datasets\mask_labels\reef_support\SEAVIEW_PAC_AUS\images\11004131502.jpg
image,11004131702,11004131702.jpg,C:\Users\20231807\Documents\GitHub\Cap_coral_reefs\New_version_of_the_project\website\benthic_datasets\mask_labels\reef_support\SEAVIEW_PAC_AUS\images\11004131702.jpg
image,11004131902,11004131902.jpg,C:\Users\20231807\Documents\GitHub\Cap_coral_reefs\New_version_of_the_project\website\benthic_datasets\mask_labels\reef_support\SEAVIEW_PAC_AUS\images\11004131902.jpg
image,11005104401,11005104401.jpg,C:\Users\20231807\Documents\GitHub\Cap_coral_reefs\New_version_of_the_project\website\benthic_datasets\mask_labels\reef_support\SEAVIEW_PAC_AUS\images\11005104401.jpg
image,12001089802,12001089802.jpg,C:\Users\20231807\Documents\GitHub\Cap_coral_reefs\New_version_of_the_project\website\benthic_datasets\mask_labels\reef_support\SEAVIEW_PAC_AUS\images\12001089802.jpg
image,12001090002,12001090002.jpg,C:\Users\20231807\Documents\GitHub\Cap_coral_reefs\New_version_of_the_project\website\benthic_datasets\mask_labels\reef_support\SEAVIEW_PAC_AUS\images\12001090002.jpg
image,12001090502,12001090502.jpg,C:\Users\20231807\Documents\GitHub\Cap_coral_reefs\New_version_of_the_project\website\benthic_datasets\mask_labels\reef_support\SEAVIEW_PAC_AUS\images\12001090502.jpg
image,12001090702,12001090702.jpg,C:\Users\20231807\Documents\GitHub\Cap_coral_reefs\New_version_of_the_project\website\benthic_datasets\mask_labels\reef_support\SEAVIEW_PAC_AUS\images\12001090702.jpg
image,12001090902,12001090902.jpg,C:\Users\20231807\Documents\GitHub\Cap_coral_reefs\New_version_of_the_project\website\benthic_datasets\mask_labels\reef_support\SEAVIEW_PAC_AUS\images\12001090902.jpg
image,12001091002,12001091002.jpg,C:\Users\20231807\Documents\GitHub\Cap_coral_reefs\New_version_of_the_project\website\benthic_datasets\mask_labels\reef_support\SEAVIEW_PAC_AUS\images\12001091002.jpg
image,12001091302,12001091302.jpg,C:\Users\20231807\Documents\GitHub\Cap_coral_reefs\New_version_of_the_project\website\benthic_datasets\mask_labels\reef_support\SEAVIEW_PAC_AUS\images\12001091302.jpg
image,12001091502,12001091502.jpg,C:\Users\20231807\Documents\GitHub\Cap_coral_reefs\New_version_of_the_project\website\benthic_datasets\mask_labels\reef_support\SEAVIEW_PAC_AUS\images\12001091502.jpg
image,12001091802,12001091802.jpg,C:\Users\20231807\Documents\GitHub\Cap_coral_reefs\New_version_of_the_project\website\benthic_datasets\mask_labels\reef_support\SEAVIEW_PAC_AUS\images\12001091802.jpg
image,12001092102,12001092102.jpg,C:\Users\20231807\Documents\GitHub\Cap_coral_reefs\New_version_of_the_project\website\benthic_datasets\mask_labels\reef_support\SEAVIEW_PAC_AUS\images\12001092102.jpg
image,12001092302,12001092302.jpg,C:\Users\20231807\Documents\GitHub\Cap_coral_reefs\New_version_of_the_project\website\benthic_datasets\mask_labels\reef_support\SEAVIEW_PAC_AUS\images\12001092302.jpg
image,12005059201,12005059201.jpg,C:\Users\20231807\Documents\GitHub\Cap_coral_reefs\New_version_of_the_project\website\benthic_datasets\mask_labels\reef_support\SEAVIEW_PAC_AUS\images\12005059201.jpg
image,12005059302,12005059302.jpg,C:\Users\20231807\Documents\GitHub\Cap_coral_reefs\New_version_of_the_project\website\benthic_datasets\mask_labels\reef_support\SEAVIEW_PAC_AUS\images\12005059302.jpg
image,12005059401,12005059401.jpg,C:\Users\20231807\Documents\GitHub\Cap_coral_reefs\New_version_of_the_project\website\benthic_datasets\mask_labels\reef_support\SEAVIEW_PAC_AUS\images\12005059401.jpg
image,12005059701,12005059701.jpg,C:\Users\20231807\Documents\GitHub\Cap_coral_reefs\New_version_of_the_project\website\benthic_datasets\mask_labels\reef_support\SEAVIEW_PAC_AUS\images\12005059701.jpg
image,12005059901,12005059901.jpg,C:\Users\20231807\Documents\GitHub\Cap_coral_reefs\New_version_of_the_project\website\benthic_datasets\mask_labels\reef_support\SEAVIEW_PAC_AUS\images\12005059901.jpg
image,12005060006,12005060006.jpg,C:\Users\20231807\Documents\GitHub\Cap_coral_reefs\New_version_of_the_project\website\benthic_datasets\mask_labels\reef_support\SEAVIEW_PAC_AUS\images\12005060006.jpg
image,12005060502,12005060502.jpg,C:\Users\20231807\Documents\GitHub\Cap_coral_reefs\New_version_of_the_project\website\benthic_datasets\mask_labels\reef_support\SEAVIEW_PAC_AUS\images\12005060502.jpg
image,12005060904,12005060904.jpg,C:\Users\20231807\Documents\GitHub\Cap_coral_reefs\New_version_of_the_project\website\benthic_datasets\mask_labels\reef_support\SEAVIEW_PAC_AUS\images\12005060904.jpg
image,12005061401,12005061401.jpg,C:\Users\20231807\Documents\GitHub\Cap_coral_reefs\New_version_of_the_project\website\benthic_datasets\mask_labels\reef_support\SEAVIEW_PAC_AUS\images\12005061401.jpg
image,12005061605,12005061605.jpg,C:\Users\20231807\Documents\GitHub\Cap_coral_reefs\New_version_of_the_project\website\benthic_datasets\mask_labels\reef_support\SEAVIEW_PAC_AUS\images\12005061605.jpg
image,12011027202,12011027202.jpg,C:\Users\20231807\Documents\GitHub\Cap_coral_reefs\New_version_of_the_project\website\benthic_datasets\mask_labels\reef_support\SEAVIEW_PAC_AUS\images\12011027202.jpg
image,12011028502,12011028502.jpg,C:\Users\20231807\Documents\GitHub\Cap_coral_reefs\New_version_of_the_project\website\benthic_datasets\mask_labels\reef_support\SEAVIEW_PAC_AUS\images\12011028502.jpg
image,12011033402,12011033402.jpg,C:\Users\20231807\Documents\GitHub\Cap_coral_reefs\New_version_of_the_project\website\benthic_datasets\mask_labels\reef_support\SEAVIEW_PAC_AUS\images\12011033402.jpg
image,12011034202,12011034202.jpg,C:\Users\20231807\Documents\GitHub\Cap_coral_reefs\New_version_of_the_project\website\benthic_datasets\mask_labels\reef_support\SEAVIEW_PAC_AUS\images\12011034202.jpg
image,12011036302,12011036302.jpg,C:\Users\20231807\Documents\GitHub\Cap_coral_reefs\New_version_of_the_project\website\benthic_datasets\mask_labels\reef_support\SEAVIEW_PAC_AUS\images\12011036302.jpg
image,12012083502,12012083502.jpg,C:\Users\20231807\Documents\GitHub\Cap_coral_reefs\New_version_of_the_project\website\benthic_datasets\mask_labels\reef_support\SEAVIEW_PAC_AUS\images\12012083502.jpg
image,12015003702,12015003702.jpg,C:\Users\20231807\Documents\GitHub\Cap_coral_reefs\New_version_of_the_project\website\benthic_datasets\mask_labels\reef_support\SEAVIEW_PAC_AUS\images\12015003702.jpg
image,12015004502,12015004502.jpg,C:\Users\20231807\Documents\GitHub\Cap_coral_reefs\New_version_of_the_project\website\benthic_datasets\mask_labels\reef_support\SEAVIEW_PAC_AUS\images\12015004502.jpg
image,12015004802,12015004802.jpg,C:\Users\20231807\Documents\GitHub\Cap_coral_reefs\New_version_of_the_project\website\benthic_datasets\mask_labels\reef_support\SEAVIEW_PAC_AUS\images\12015004802.jpg
image,12015005802,12015005802.jpg,C:\Users\20231807\Documents\GitHub\Cap_coral_reefs\New_version_of_the_project\website\benthic_datasets\mask_labels\reef_support\SEAVIEW_PAC_AUS\images\12015005802.jpg
image,12015006102,12015006102.jpg,C:\Users\20231807\Documents\GitHub\Cap_coral_reefs\New_version_of_the_project\website\benthic_datasets\mask_labels\reef_support\SEAVIEW_PAC_AUS\images\12015006102.jpg
image,12015006402,12015006402.jpg,C:\Users\20231807\Documents\GitHub\Cap_coral_reefs\New_version_of_the_project\website\benthic_datasets\mask_labels\reef_support\SEAVIEW_PAC_AUS\images\12015006402.jpg
image,12021001602,12021001602.jpg,C:\Users\20231807\Documents\GitHub\Cap_coral_reefs\New_version_of_the_project\website\benthic_datasets\mask_labels\reef_support\SEAVIEW_PAC_AUS\images\12021001602.jpg
image,12021009205,12021009205.jpg,C:\Users\20231807\Documents\GitHub\Cap_coral_reefs\New_version_of_the_project\website\benthic_datasets\mask_labels\reef_support\SEAVIEW_PAC_AUS\images\12021009205.jpg
image,12021010302,12021010302.jpg,C:\Users\20231807\Documents\GitHub\Cap_coral_reefs\New_version_of_the_project\website\benthic_datasets\mask_labels\reef_support\SEAVIEW_PAC_AUS\images\12021010302.jpg
image,12021012501,12021012501.jpg,C:\Users\20231807\Documents\GitHub\Cap_coral_reefs\New_version_of_the_project\website\benthic_datasets\mask_labels\reef_support\SEAVIEW_PAC_AUS\images\12021012501.jpg
image,12021022701,12021022701.jpg,C:\Users\20231807\Documents\GitHub\Cap_coral_reefs\New_version_of_the_project\website\benthic_datasets\mask_labels\reef_support\SEAVIEW_PAC_AUS\images\12021022701.jpg
image,12021023902,12021023902.jpg,C:\Users\20231807\Documents\GitHub\Cap_coral_reefs\New_version_of_the_project\website\benthic_datasets\mask_labels\reef_support\SEAVIEW_PAC_AUS\images\12021023902.jpg
image,12021024101,12021024101.jpg,C:\Users\20231807\Documents\GitHub\Cap_coral_reefs\New_version_of_the_project\website\benthic_datasets\mask_labels\reef_support\SEAVIEW_PAC_AUS\images\12021024101.jpg
image,12021036902,12021036902.jpg,C:\Users\20231807\Documents\GitHub\Cap_coral_reefs\New_version_of_the_project\website\benthic_datasets\mask_labels\reef_support\SEAVIEW_PAC_AUS\images\12021036902.jpg
image,12021039001,12021039001.jpg,C:\Users\20231807\Documents\GitHub\Cap_coral_reefs\New_version_of_the_project\website\benthic_datasets\mask_labels\reef_support\SEAVIEW_PAC_AUS\images\12021039001.jpg
image,12021041801,12021041801.jpg,C:\Users\20231807\Documents\GitHub\Cap_coral_reefs\New_version_of_the_project\website\benthic_datasets\mask_labels\reef_support\SEAVIEW_PAC_AUS\images\12021041801.jpg
image,12021064602,12021064602.jpg,C:\Users\20231807\Documents\GitHub\Cap_coral_reefs\New_version_of_the_project\website\benthic_datasets\mask_labels\reef_support\SEAVIEW_PAC_AUS\images\12021064602.jpg
image,12021066302,12021066302.jpg,C:\Users\20231807\Documents\GitHub\Cap_coral_reefs\New_version_of_the_project\website\benthic_datasets\mask_labels\reef_support\SEAVIEW_PAC_AUS\images\12021066302.jpg
image,12021076902,12021076902.jpg,C:\Users\20231807\Documents\GitHub\Cap_coral_reefs\New_version_of_the_project\website\benthic_datasets\mask_labels\reef_support\SEAVIEW_PAC_AUS\images\12021076902.jpg
image,12021082001,12021082001.jpg,C:\Users\20231807\Documents\GitHub\Cap_coral_reefs\New_version_of_the_project\website\benthic_datasets\mask_labels\reef_support\SEAVIEW_PAC_AUS\images\12021082001.jpg
image,12023257502,12023257502.jpg,C:\Users\20231807\Documents\GitHub\Cap_coral_reefs\New_version_of_the_project\website\benthic_datasets\mask_labels\reef_support\SEAVIEW_PAC_AUS\images\12023257502.jpg
image,12023260802,12023260802.jpg,C:\Users\20231807\Documents\GitHub\Cap_coral_reefs\New_version_of_the_project\website\benthic_datasets\mask_labels\reef_support\SEAVIEW_PAC_AUS\images\12023260802.jpg
image,12025018701,12025018701.jpg,C:\Users\20231807\Documents\GitHub\Cap_coral_reefs\New_version_of_the_project\website\benthic_datasets\mask_labels\reef_support\SEAVIEW_PAC_AUS\images\12025018701.jpg
image,12025018901,12025018901.jpg,C:\Users\20231807\Documents\GitHub\Cap_coral_reefs\New_version_of_the_project\website\benthic_datasets\mask_labels\reef_support\SEAVIEW_PAC_AUS\images\12025018901.jpg
image,12025019001,12025019001.jpg,C:\Users\20231807\Documents\GitHub\Cap_coral_reefs\New_version_of_the_project\website\benthic_datasets\mask_labels\reef_support\SEAVIEW_PAC_AUS\images\12025019001.jpg
image,12025019301,12025019301.jpg,C:\Users\20231807\Documents\GitHub\Cap_coral_reefs\New_version_of_the_project\website\benthic_datasets\mask_labels\reef_support\SEAVIEW_PAC_AUS\images\12025019301.jpg
image,12025019501,12025019501.jpg,C:\Users\20231807\Documents\GitHub\Cap_coral_reefs\New_version_of_the_project\website\benthic_datasets\mask_labels\reef_support\SEAVIEW_PAC_AUS\images\12025019501.jpg
image,12025020001,12025020001.jpg,C:\Users\20231807\Documents\GitHub\Cap_coral_reefs\New_version_of_the_project\website\benthic_datasets\mask_labels\reef_support\SEAVIEW_PAC_AUS\images\12025020001.jpg
image,12025020201,12025020201.jpg,C:\Users\20231807\Documents\GitHub\Cap_coral_reefs\New_version_of_the_project\website\benthic_datasets\mask_labels\reef_support\SEAVIEW_PAC_AUS\images\12025020201.jpg
image,12025020401,12025020401.jpg,C:\Users\20231807\Documents\GitHub\Cap_coral_reefs\New_version_of_the_project\website\benthic_datasets\mask_labels\reef_support\SEAVIEW_PAC_AUS\images\12025020401.jpg
image,12025020701,12025020701.jpg,C:\Users\20231807\Documents\GitHub\Cap_coral_reefs\New_version_of_the_project\website\benthic_datasets\mask_labels\reef_support\SEAVIEW_PAC_AUS\images\12025020701.jpg
image,12025020901,12025020901.jpg,C:\Users\20231807\Documents\GitHub\Cap_coral_reefs\New_version_of_the_project\website\benthic_datasets\mask_labels\reef_support\SEAVIEW_PAC_AUS\images\12025020901.jpg
image,12025021001,12025021001.jpg,C:\Users\20231807\Documents\GitHub\Cap_coral_reefs\New_version_of_the_project\website\benthic_datasets\mask_labels\reef_support\SEAVIEW_PAC_AUS\images\12025021001.jpg
image,12025021201,12025021201.jpg,C:\Users\20231807\Documents\GitHub\Cap_coral_reefs\New_version_of_the_project\website\benthic_datasets\mask_labels\reef_support\SEAVIEW_PAC_AUS\images\12025021201.jpg
image,12027192101,12027192101.jpg,C:\Users\20231807\Documents\GitHub\Cap_coral_reefs\New_version_of_the_project\website\benthic_datasets\mask_labels\reef_support\SEAVIEW_PAC_AUS\images\12027192101.jpg
image,12027192501,12027192501.jpg,C:\Users\20231807\Documents\GitHub\Cap_coral_reefs\New_version_of_the_project\website\benthic_datasets\mask_labels\reef_support\SEAVIEW_PAC_AUS\images\12027192501.jpg
image,12027192601,12027192601.jpg,C:\Users\20231807\Documents\GitHub\Cap_coral_reefs\New_version_of_the_project\website\benthic_datasets\mask_labels\reef_support\SEAVIEW_PAC_AUS\images\12027192601.jpg
image,12027192801,12027192801.jpg,C:\Users\20231807\Documents\GitHub\Cap_coral_reefs\New_version_of_the_project\website\benthic_datasets\mask_labels\reef_support\SEAVIEW_PAC_AUS\images\12027192801.jpg
image,12027193101,12027193101.jpg,C:\Users\20231807\Documents\GitHub\Cap_coral_reefs\New_version_of_the_project\website\benthic_datasets\mask_labels\reef_support\SEAVIEW_PAC_AUS\images\12027193101.jpg
image,12027193301,12027193301.jpg,C:\Users\20231807\Documents\GitHub\Cap_coral_reefs\New_version_of_the_project\website\benthic_datasets\mask_labels\reef_support\SEAVIEW_PAC_AUS\images\12027193301.jpg
image,12027193401,12027193401.jpg,C:\Users\20231807\Documents\GitHub\Cap_coral_reefs\New_version_of_the_project\website\benthic_datasets\mask_labels\reef_support\SEAVIEW_PAC_AUS\images\12027193401.jpg
image,12027193601,12027193601.jpg,C:\Users\20231807\Documents\GitHub\Cap_coral_reefs\New_version_of_the_project\website\benthic_datasets\mask_labels\reef_support\SEAVIEW_PAC_AUS\images\12027193601.jpg
image,12027193801,12027193801.jpg,C:\Users\20231807\Documents\GitHub\Cap_coral_reefs\New_version_of_the_project\website\benthic_datasets\mask_labels\reef_support\SEAVIEW_PAC_AUS\images\12027193801.jpg
image,12027193901,12027193901.jpg,C:\Users\20231807\Documents\GitHub\Cap_coral_reefs\New_version_of_the_project\website\benthic_datasets\mask_labels\reef_support\SEAVIEW_PAC_AUS\images\12027193901.jpg
image,12027194201,12027194201.jpg,C:\Users\20231807\Documents\GitHub\Cap_coral_reefs\New_version_of_the_project\website\benthic_datasets\mask_labels\reef_support\SEAVIEW_PAC_AUS\images\12027194201.jpg
image,12027221601,12027221601.jpg,C:\Users\20231807\Documents\GitHub\Cap_coral_reefs\New_version_of_the_project\website\benthic_datasets\mask_labels\reef_support\SEAVIEW_PAC_AUS\images\12027221601.jpg
image,12027221801,12027221801.jpg,C:\Users\20231807\Documents\GitHub\Cap_coral_reefs\New_version_of_the_project\website\benthic_datasets\mask_labels\reef_support\SEAVIEW_PAC_AUS\images\12027221801.jpg
image,12027222101,12027222101.jpg,C:\Users\20231807\Documents\GitHub\Cap_coral_reefs\New_version_of_the_project\website\benthic_datasets\mask_labels\reef_support\SEAVIEW_PAC_AUS\images\12027222101.jpg
image,12027222401,12027222401.jpg,C:\Users\20231807\Documents\GitHub\Cap_coral_reefs\New_version_of_the_project\website\benthic_datasets\mask_labels\reef_support\SEAVIEW_PAC_AUS\images\12027222401.jpg
image,12027222601,12027222601.jpg,C:\Users\20231807\Documents\GitHub\Cap_coral_reefs\New_version_of_the_project\website\benthic_datasets\mask_labels\reef_support\SEAVIEW_PAC_AUS\images\12027222601.jpg
image,12027222901,12027222901.jpg,C:\Users\20231807\Documents\GitHub\Cap_coral_reefs\New_version_of_the_project\website\benthic_datasets\mask_labels\reef_support\SEAVIEW_PAC_AUS\images\12027222901.jpg
image,12027223201,12027223201.jpg,C:\Users\20231807\Documents\GitHub\Cap_coral_reefs\New_version_of_the_project\website\benthic_datasets\mask_labels\reef_support\SEAVIEW_PAC_AUS\images\12027223201.jpg
image,15006014701,15006014701.jpg,C:\Users\20231807\Documents\GitHub\Cap_coral_reefs\New_version_of_the_project\website\benthic_datasets\mask_labels\reef_support\SEAVIEW_PAC_AUS\images\15006014701.jpg
image,15006019701,15006019701.jpg,C:\Users\20231807\Documents\GitHub\Cap_coral_reefs\New_version_of_the_project\website\benthic_datasets\mask_labels\reef_support\SEAVIEW_PAC_AUS\images\15006019701.jpg
image,15006026001,15006026001.jpg,C:\Users\20231807\Documents\GitHub\Cap_coral_reefs\New_version_of_the_project\website\benthic_datasets\mask_labels\reef_support\SEAVIEW_PAC_AUS\images\15006026001.jpg
image,15006026301,15006026301.jpg,C:\Users\20231807\Documents\GitHub\Cap_coral_reefs\New_version_of_the_project\website\benthic_datasets\mask_labels\reef_support\SEAVIEW_PAC_AUS\images\15006026301.jpg
image,15006073201,15006073201.jpg,C:\Users\20231807\Documents\GitHub\Cap_coral_reefs\New_version_of_the_project\website\benthic_datasets\mask_labels\reef_support\SEAVIEW_PAC_AUS\images\15006073201.jpg
image,15006087101,15006087101.jpg,C:\Users\20231807\Documents\GitHub\Cap_coral_reefs\New_version_of_the_project\website\benthic_datasets\mask_labels\reef_support\SEAVIEW_PAC_AUS\images\15006087101.jpg
image,15006087801,15006087801.jpg,C:\Users\20231807\Documents\GitHub\Cap_coral_reefs\New_version_of_the_project\website\benthic_datasets\mask_labels\reef_support\SEAVIEW_PAC_AUS\images\15006087801.jpg
image,15007190302,15007190302.jpg,C:\Users\20231807\Documents\GitHub\Cap_coral_reefs\New_version_of_the_project\website\benthic_datasets\mask_labels\reef_support\SEAVIEW_PAC_AUS\images\15007190302.jpg
image,15015011201,15015011201.jpg,C:\Users\20231807\Documents\GitHub\Cap_coral_reefs\New_version_of_the_project\website\benthic_datasets\mask_labels\reef_support\SEAVIEW_PAC_AUS\images\15015011201.jpg
image,15015053101,15015053101.jpg,C:\Users\20231807\Documents\GitHub\Cap_coral_reefs\New_version_of_the_project\website\benthic_datasets\mask_labels\reef_support\SEAVIEW_PAC_AUS\images\15015053101.jpg
image,15015062201,15015062201.jpg,C:\Users\20231807\Documents\GitHub\Cap_coral_reefs\New_version_of_the_project\website\benthic_datasets\mask_labels\reef_support\SEAVIEW_PAC_AUS\images\15015062201.jpg
image,15015067001,15015067001.jpg,C:\Users\20231807\Documents\GitHub\Cap_coral_reefs\New_version_of_the_project\website\benthic_datasets\mask_labels\reef_support\SEAVIEW_PAC_AUS\images\15015067001.jpg
image,15015068501,15015068501.jpg,C:\Users\20231807\Documents\GitHub\Cap_coral_reefs\New_version_of_the_project\website\benthic_datasets\mask_labels\reef_support\SEAVIEW_PAC_AUS\images\15015068501.jpg
image,15020221901,15020221901.jpg,C:\Users\20231807\Documents\GitHub\Cap_coral_reefs\New_version_of_the_project\website\benthic_datasets\mask_labels\reef_support\SEAVIEW_PAC_AUS\images\15020221901.jpg
image,15020223501,15020223501.jpg,C:\Users\20231807\Documents\GitHub\Cap_coral_reefs\New_version_of_the_project\website\benthic_datasets\mask_labels\reef_support\SEAVIEW_PAC_AUS\images\15020223501.jpg
image,15020223701,15020223701.jpg,C:\Users\20231807\Documents\GitHub\Cap_coral_reefs\New_version_of_the_project\website\benthic_datasets\mask_labels\reef_support\SEAVIEW_PAC_AUS\images\15020223701.jpg
image,15020224101,15020224101.jpg,C:\Users\20231807\Documents\GitHub\Cap_coral_reefs\New_version_of_the_project\website\benthic_datasets\mask_labels\reef_support\SEAVIEW_PAC_AUS\images\15020224101.jpg
image,15020224301,15020224301.jpg,C:\Users\20231807\Documents\GitHub\Cap_coral_reefs\New_version_of_the_project\website\benthic_datasets\mask_labels\reef_support\SEAVIEW_PAC_AUS\images\15020224301.jpg
image,15020224801,15020224801.jpg,C:\Users\20231807\Documents\GitHub\Cap_coral_reefs\New_version_of_the_project\website\benthic_datasets\mask_labels\reef_support\SEAVIEW_PAC_AUS\images\15020224801.jpg
image,15020225101,15020225101.jpg,C:\Users\20231807\Documents\GitHub\Cap_coral_reefs\New_version_of_the_project\website\benthic_datasets\mask_labels\reef_support\SEAVIEW_PAC_AUS\images\15020225101.jpg
image,15020225401,15020225401.jpg,C:\Users\20231807\Documents\GitHub\Cap_coral_reefs\New_version_of_the_project\website\benthic_datasets\mask_labels\reef_support\SEAVIEW_PAC_AUS\images\15020225401.jpg
image,15020225601,15020225601.jpg,C:\Users\20231807\Documents\GitHub\Cap_coral_reefs\New_version_of_the_project\website\benthic_datasets\mask_labels\reef_support\SEAVIEW_PAC_AUS\images\15020225601.jpg
image,15020225901,15020225901.jpg,C:\Users\20231807\Documents\GitHub\Cap_coral_reefs\New_version_of_the_project\website\benthic_datasets\mask_labels\reef_support\SEAVIEW_PAC_AUS\images\15020225901.jpg
image,15020226001,15020226001.jpg,C:\Users\20231807\Documents\GitHub\Cap_coral_reefs\New_version_of_the_project\website\benthic_datasets\mask_labels\reef_support\SEAVIEW_PAC_AUS\images\15020226001.jpg
image,15020226201,15020226201.jpg,C:\Users\20231807\Documents\GitHub\Cap_coral_reefs\New_version_of_the_project\website\benthic_datasets\mask_labels\reef_support\SEAVIEW_PAC_AUS\images\15020226201.jpg
image,15020226901,15020226901.jpg,C:\Users\20231807\Documents\GitHub\Cap_coral_reefs\New_version_of_the_project\website\benthic_datasets\mask_labels\reef_support\SEAVIEW_PAC_AUS\images\15020226901.jpg
image,15020227001,15020227001.jpg,C:\Users\20231807\Documents\GitHub\Cap_coral_reefs\New_version_of_the_project\website\benthic_datasets\mask_labels\reef_support\SEAVIEW_PAC_AUS\images\15020227001.jpg
image,15020227201,15020227201.jpg,C:\Users\20231807\Documents\GitHub\Cap_coral_reefs\New_version_of_the_project\website\benthic_datasets\mask_labels\reef_support\SEAVIEW_PAC_AUS\images\15020227201.jpg
image,15020227301,15020227301.jpg,C:\Users\20231807\Documents\GitHub\Cap_coral_reefs\New_version_of_the_project\website\benthic_datasets\mask_labels\reef_support\SEAVIEW_PAC_AUS\images\15020227301.jpg
image,15022046801,15022046801.jpg,C:\Users\20231807\Documents\GitHub\Cap_coral_reefs\New_version_of_the_project\website\benthic_datasets\mask_labels\reef_support\SEAVIEW_PAC_AUS\images\15022046801.jpg
image,15022048101,15022048101.jpg,C:\Users\20231807\Documents\GitHub\Cap_coral_reefs\New_version_of_the_project\website\benthic_datasets\mask_labels\reef_support\SEAVIEW_PAC_AUS\images\15022048101.jpg
image,15025020001,15025020001.jpg,C:\Users\20231807\Documents\GitHub\Cap_coral_reefs\New_version_of_the_project\website\benthic_datasets\mask_labels\reef_support\SEAVIEW_PAC_AUS\images\15025020001.jpg
image,15025022301,15025022301.jpg,C:\Users\20231807\Documents\GitHub\Cap_coral_reefs\New_version_of_the_project\website\benthic_datasets\mask_labels\reef_support\SEAVIEW_PAC_AUS\images\15025022301.jpg
image,15025026001,15025026001.jpg,C:\Users\20231807\Documents\GitHub\Cap_coral_reefs\New_version_of_the_project\website\benthic_datasets\mask_labels\reef_support\SEAVIEW_PAC_AUS\images\15025026001.jpg
image,15025028601,15025028601.jpg,C:\Users\20231807\Documents\GitHub\Cap_coral_reefs\New_version_of_the_project\website\benthic_datasets\mask_labels\reef_support\SEAVIEW_PAC_AUS\images\15025028601.jpg
image,15025045101,15025045101.jpg,C:\Users\20231807\Documents\GitHub\Cap_coral_reefs\New_version_of_the_project\website\benthic_datasets\mask_labels\reef_support\SEAVIEW_PAC_AUS\images\15025045101.jpg
image,15025045601,15025045601.jpg,C:\Users\20231807\Documents\GitHub\Cap_coral_reefs\New_version_of_the_project\website\benthic_datasets\mask_labels\reef_support\SEAVIEW_PAC_AUS\images\15025045601.jpg
image,15025045801,15025045801.jpg,C:\Users\20231807\Documents\GitHub\Cap_coral_reefs\New_version_of_the_project\website\benthic_datasets\mask_labels\reef_support\SEAVIEW_PAC_AUS\images\15025045801.jpg
image,15025046201,15025046201.jpg,C:\Users\20231807\Documents\GitHub\Cap_coral_reefs\New_version_of_the_project\website\benthic_datasets\mask_labels\reef_support\SEAVIEW_PAC_AUS\images\15025046201.jpg
image,15025051101,15025051101.jpg,C:\Users\20231807\Documents\GitHub\Cap_coral_reefs\New_version_of_the_project\website\benthic_datasets\mask_labels\reef_support\SEAVIEW_PAC_AUS\images\15025051101.jpg
image,15025060701,15025060701.jpg,C:\Users\20231807\Documents\GitHub\Cap_coral_reefs\New_version_of_the_project\website\benthic_datasets\mask_labels\reef_support\SEAVIEW_PAC_AUS\images\15025060701.jpg
image,15025061501,15025061501.jpg,C:\Users\20231807\Documents\GitHub\Cap_coral_reefs\New_version_of_the_project\website\benthic_datasets\mask_labels\reef_support\SEAVIEW_PAC_AUS\images\15025061501.jpg
image,15025061701,15025061701.jpg,C:\Users\20231807\Documents\GitHub\Cap_coral_reefs\New_version_of_the_project\website\benthic_datasets\mask_labels\reef_support\SEAVIEW_PAC_AUS\images\15025061701.jpg
image,15025062101,15025062101.jpg,C:\Users\20231807\Documents\GitHub\Cap_coral_reefs\New_version_of_the_project\website\benthic_datasets\mask_labels\reef_support\SEAVIEW_PAC_AUS\images\15025062101.jpg
image,15025062301,15025062301.jpg,C:\Users\20231807\Documents\GitHub\Cap_coral_reefs\New_version_of_the_project\website\benthic_datasets\mask_labels\reef_support\SEAVIEW_PAC_AUS\images\15025062301.jpg
image,15026101001,15026101001.jpg,C:\Users\20231807\Documents\GitHub\Cap_coral_reefs\New_version_of_the_project\website\benthic_datasets\mask_labels\reef_support\SEAVIEW_PAC_AUS\images\15026101001.jpg
image,15026102102,15026102102.jpg,C:\Users\20231807\Documents\GitHub\Cap_coral_reefs\New_version_of_the_project\website\benthic_datasets\mask_labels\reef_support\SEAVIEW_PAC_AUS\images\15026102102.jpg
image,15026103202,15026103202.jpg,C:\Users\20231807\Documents\GitHub\Cap_coral_reefs\New_version_of_the_project\website\benthic_datasets\mask_labels\reef_support\SEAVIEW_PAC_AUS\images\15026103202.jpg
image,15026103402,15026103402.jpg,C:\Users\20231807\Documents\GitHub\Cap_coral_reefs\New_version_of_the_project\website\benthic_datasets\mask_labels\reef_support\SEAVIEW_PAC_AUS\images\15026103402.jpg
image,15026103702,15026103702.jpg,C:\Users\20231807\Documents\GitHub\Cap_coral_reefs\New_version_of_the_project\website\benthic_datasets\mask_labels\reef_support\SEAVIEW_PAC_AUS\images\15026103702.jpg
image,15026104702,15026104702.jpg,C:\Users\20231807\Documents\GitHub\Cap_coral_reefs\New_version_of_the_project\website\benthic_datasets\mask_labels\reef_support\SEAVIEW_PAC_AUS\images\15026104702.jpg
image,15026109202,15026109202.jpg,C:\Users\20231807\Documents\GitHub\Cap_coral_reefs\New_version_of_the_project\website\benthic_datasets\mask_labels\reef_support\SEAVIEW_PAC_AUS\images\15026109202.jpg
image,15026115902,15026115902.jpg,C:\Users\20231807\Documents\GitHub\Cap_coral_reefs\New_version_of_the_project\website\benthic_datasets\mask_labels\reef_support\SEAVIEW_PAC_AUS\images\15026115902.jpg
image,15026117001,15026117001.jpg,C:\Users\20231807\Documents\GitHub\Cap_coral_reefs\New_version_of_the_project\website\benthic_datasets\mask_labels\reef_support\SEAVIEW_PAC_AUS\images\15026117001.jpg
image,15026117602,15026117602.jpg,C:\Users\20231807\Documents\GitHub\Cap_coral_reefs\New_version_of_the_project\website\benthic_datasets\mask_labels\reef_support\SEAVIEW_PAC_AUS\images\15026117602.jpg
image,15026117802,15026117802.jpg,C:\Users\20231807\Documents\GitHub\Cap_coral_reefs\New_version_of_the_project\website\benthic_datasets\mask_labels\reef_support\SEAVIEW_PAC_AUS\images\15026117802.jpg
image,15026120001,15026120001.jpg,C:\Users\20231807\Documents\GitHub\Cap_coral_reefs\New_version_of_the_project\website\benthic_datasets\mask_labels\reef_support\SEAVIEW_PAC_AUS\images\15026120001.jpg
image,15026121902,15026121902.jpg,C:\Users\20231807\Documents\GitHub\Cap_coral_reefs\New_version_of_the_project\website\benthic_datasets\mask_labels\reef_support\SEAVIEW_PAC_AUS\images\15026121902.jpg
image,15026122702,15026122702.jpg,C:\Users\20231807\Documents\GitHub\Cap_coral_reefs\New_version_of_the_project\website\benthic_datasets\mask_labels\reef_support\SEAVIEW_PAC_AUS\images\15026122702.jpg
image,15026123901,15026123901.jpg,C:\Users\20231807\Documents\GitHub\Cap_coral_reefs\New_version_of_the_project\website\benthic_datasets\mask_labels\reef_support\SEAVIEW_PAC_AUS\images\15026123901.jpg
image,15026125602,15026125602.jpg,C:\Users\20231807\Documents\GitHub\Cap_coral_reefs\New_version_of_the_project\website\benthic_datasets\mask_labels\reef_support\SEAVIEW_PAC_AUS\images\15026125602.jpg
image,15026126202,15026126202.jpg,C:\Users\20231807\Documents\GitHub\Cap_coral_reefs\New_version_of_the_project\website\benthic_datasets\mask_labels\reef_support\SEAVIEW_PAC_AUS\images\15026126202.jpg
image,15026127202,15026127202.jpg,C:\Users\20231807\Documents\GitHub\Cap_coral_reefs\New_version_of_the_project\website\benthic_datasets\mask_labels\reef_support\SEAVIEW_PAC_AUS\images\15026127202.jpg
image,15026127502,15026127502.jpg,C:\Users\20231807\Documents\GitHub\Cap_coral_reefs\New_version_of_the_project\website\benthic_datasets\mask_labels\reef_support\SEAVIEW_PAC_AUS\images\15026127502.jpg
image,15026128802,15026128802.jpg,C:\Users\20231807\Documents\GitHub\Cap_coral_reefs\New_version_of_the_project\website\benthic_datasets\mask_labels\reef_support\SEAVIEW_PAC_AUS\images\15026128802.jpg
image,15026130802,15026130802.jpg,C:\Users\20231807\Documents\GitHub\Cap_coral_reefs\New_version_of_the_project\website\benthic_datasets\mask_labels\reef_support\SEAVIEW_PAC_AUS\images\15026130802.jpg
image,15026135302,15026135302.jpg,C:\Users\20231807\Documents\GitHub\Cap_coral_reefs\New_version_of_the_project\website\benthic_datasets\mask_labels\reef_support\SEAVIEW_PAC_AUS\images\15026135302.jpg
image,15026151402,15026151402.jpg,C:\Users\20231807\Documents\GitHub\Cap_coral_reefs\New_version_of_the_project\website\benthic_datasets\mask_labels\reef_support\SEAVIEW_PAC_AUS\images\15026151402.jpg
image,15026151601,15026151601.jpg,C:\Users\20231807\Documents\GitHub\Cap_coral_reefs\New_version_of_the_project\website\benthic_datasets\mask_labels\reef_support\SEAVIEW_PAC_AUS\images\15026151601.jpg
image,15026153001,15026153001.jpg,C:\Users\20231807\Documents\GitHub\Cap_coral_reefs\New_version_of_the_project\website\benthic_datasets\mask_labels\reef_support\SEAVIEW_PAC_AUS\images\15026153001.jpg
image,15026157002,15026157002.jpg,C:\Users\20231807\Documents\GitHub\Cap_coral_reefs\New_version_of_the_project\website\benthic_datasets\mask_labels\reef_support\SEAVIEW_PAC_AUS\images\15026157002.jpg
image,15026174502,15026174502.jpg,C:\Users\20231807\Documents\GitHub\Cap_coral_reefs\New_version_of_the_project\website\benthic_datasets\mask_labels\reef_support\SEAVIEW_PAC_AUS\images\15026174502.jpg
image,15026194501,15026194501.jpg,C:\Users\20231807\Documents\GitHub\Cap_coral_reefs\New_version_of_the_project\website\benthic_datasets\mask_labels\reef_support\SEAVIEW_PAC_AUS\images\15026194501.jpg
image,35008008401,35008008401.jpg,C:\Users\20231807\Documents\GitHub\Cap_coral_reefs\New_version_of_the_project\website\benthic_datasets\mask_labels\reef_support\SEAVIEW_PAC_AUS\images\35008008401.jpg
image,35023131301,35023131301.jpg,C:\Users\20231807\Documents\GitHub\Cap_coral_reefs\New_version_of_the_project\website\benthic_datasets\mask_labels\reef_support\SEAVIEW_PAC_AUS\images\35023131301.jpg
image,35023131401,35023131401.jpg,C:\Users\20231807\Documents\GitHub\Cap_coral_reefs\New_version_of_the_project\website\benthic_datasets\mask_labels\reef_support\SEAVIEW_PAC_AUS\images\35023131401.jpg
image,35023131601,35023131601.jpg,C:\Users\20231807\Documents\GitHub\Cap_coral_reefs\New_version_of_the_project\website\benthic_datasets\mask_labels\reef_support\SEAVIEW_PAC_AUS\images\35023131601.jpg
image,35023132201,35023132201.jpg,C:\Users\20231807\Documents\GitHub\Cap_coral_reefs\New_version_of_the_project\website\benthic_datasets\mask_labels\reef_support\SEAVIEW_PAC_AUS\images\35023132201.jpg
image,35023132401,35023132401.jpg,C:\Users\20231807\Documents\GitHub\Cap_coral_reefs\New_version_of_the_project\website\benthic_datasets\mask_labels\reef_support\SEAVIEW_PAC_AUS\images\35023132401.jpg
image,35023132601,35023132601.jpg,C:\Users\20231807\Documents\GitHub\Cap_coral_reefs\New_version_of_the_project\website\benthic_datasets\mask_labels\reef_support\SEAVIEW_PAC_AUS\images\35023132601.jpg
image,35023132901,35023132901.jpg,C:\Users\20231807\Documents\GitHub\Cap_coral_reefs\New_version_of_the_project\website\benthic_datasets\mask_labels\reef_support\SEAVIEW_PAC_AUS\images\35023132901.jpg
image,35023133201,35023133201.jpg,C:\Users\20231807\Documents\GitHub\Cap_coral_reefs\New_version_of_the_project\website\benthic_datasets\mask_labels\reef_support\SEAVIEW_PAC_AUS\images\35023133201.jpg
image,35023133901,35023133901.jpg,C:\Users\20231807\Documents\GitHub\Cap_coral_reefs\New_version_of_the_project\website\benthic_datasets\mask_labels\reef_support\SEAVIEW_PAC_AUS\images\35023133901.jpg
image,35023134001,35023134001.jpg,C:\Users\20231807\Documents\GitHub\Cap_coral_reefs\New_version_of_the_project\website\benthic_datasets\mask_labels\reef_support\SEAVIEW_PAC_AUS\images\35023134001.jpg
image,35024240501,35024240501.jpg,C:\Users\20231807\Documents\GitHub\Cap_coral_reefs\New_version_of_the_project\website\benthic_datasets\mask_labels\reef_support\SEAVIEW_PAC_AUS\images\35024240501.jpg
image,35028276701,35028276701.jpg,C:\Users\20231807\Documents\GitHub\Cap_coral_reefs\New_version_of_the_project\website\benthic_datasets\mask_labels\reef_support\SEAVIEW_PAC_AUS\images\35028276701.jpg
image,35031257202,35031257202.jpg,C:\Users\20231807\Documents\GitHub\Cap_coral_reefs\New_version_of_the_project\website\benthic_datasets\mask_labels\reef_support\SEAVIEW_PAC_AUS\images\35031257202.jpg
image,35031266602,35031266602.jpg,C:\Users\20231807\Documents\GitHub\Cap_coral_reefs\New_version_of_the_project\website\benthic_datasets\mask_labels\reef_support\SEAVIEW_PAC_AUS\images\35031266602.jpg
image,35031267102,35031267102.jpg,C:\Users\20231807\Documents\GitHub\Cap_coral_reefs\New_version_of_the_project\website\benthic_datasets\mask_labels\reef_support\SEAVIEW_PAC_AUS\images\35031267102.jpg
image,45018106701,45018106701.jpg,C:\Users\20231807\Documents\GitHub\Cap_coral_reefs\New_version_of_the_project\website\benthic_datasets\mask_labels\reef_support\SEAVIEW_PAC_AUS\images\45018106701.jpg
image,45027025902,45027025902.jpg,C:\Users\20231807\Documents\GitHub\Cap_coral_reefs\New_version_of_the_project\website\benthic_datasets\mask_labels\reef_support\SEAVIEW_PAC_AUS\images\45027025902.jpg
image,45027026002,45027026002.jpg,C:\Users\20231807\Documents\GitHub\Cap_coral_reefs\New_version_of_the_project\website\benthic_datasets\mask_labels\reef_support\SEAVIEW_PAC_AUS\images\45027026002.jpg
image,45027026202,45027026202.jpg,C:\Users\20231807\Documents\GitHub\Cap_coral_reefs\New_version_of_the_project\website\benthic_datasets\mask_labels\reef_support\SEAVIEW_PAC_AUS\images\45027026202.jpg
image,45027026302,45027026302.jpg,C:\Users\20231807\Documents\GitHub\Cap_coral_reefs\New_version_of_the_project\website\benthic_datasets\mask_labels\reef_support\SEAVIEW_PAC_AUS\images\45027026302.jpg
image,45027026502,45027026502.jpg,C:\Users\20231807\Documents\GitHub\Cap_coral_reefs\New_version_of_the_project\website\benthic_datasets\mask_labels\reef_support\SEAVIEW_PAC_AUS\images\45027026502.jpg
image,45029191101,45029191101.jpg,C:\Users\20231807\Documents\GitHub\Cap_coral_reefs\New_version_of_the_project\website\benthic_datasets\mask_labels\reef_support\SEAVIEW_PAC_AUS\images\45029191101.jpg
image,45029191201,45029191201.jpg,C:\Users\20231807\Documents\GitHub\Cap_coral_reefs\New_version_of_the_project\website\benthic_datasets\mask_labels\reef_support\SEAVIEW_PAC_AUS\images\45029191201.jpg
image,45029191401,45029191401.jpg,C:\Users\20231807\Documents\GitHub\Cap_coral_reefs\New_version_of_the_project\website\benthic_datasets\mask_labels\reef_support\SEAVIEW_PAC_AUS\images\45029191401.jpg
image,45029191601,45029191601.jpg,C:\Users\20231807\Documents\GitHub\Cap_coral_reefs\New_version_of_the_project\website\benthic_datasets\mask_labels\reef_support\SEAVIEW_PAC_AUS\images\45029191601.jpg
image,45029191901,45029191901.jpg,C:\Users\20231807\Documents\GitHub\Cap_coral_reefs\New_version_of_the_project\website\benthic_datasets\mask_labels\reef_support\SEAVIEW_PAC_AUS\images\45029191901.jpg
image,45029192001,45029192001.jpg,C:\Users\20231807\Documents\GitHub\Cap_coral_reefs\New_version_of_the_project\website\benthic_datasets\mask_labels\reef_support\SEAVIEW_PAC_AUS\images\45029192001.jpg
image,45029192201,45029192201.jpg,C:\Users\20231807\Documents\GitHub\Cap_coral_reefs\New_version_of_the_project\website\benthic_datasets\mask_labels\reef_support\SEAVIEW_PAC_AUS\images\45029192201.jpg
image,45029192401,45029192401.jpg,C:\Users\20231807\Documents\GitHub\Cap_coral_reefs\New_version_of_the_project\website\benthic_datasets\mask_labels\reef_support\SEAVIEW_PAC_AUS\images\45029192401.jpg
image,45029192501,45029192501.jpg,C:\Users\20231807\Documents\GitHub\Cap_coral_reefs\New_version_of_the_project\website\benthic_datasets\mask_labels\reef_support\SEAVIEW_PAC_AUS\images\45029192501.jpg
image,45029192701,45029192701.jpg,C:\Users\20231807\Documents\GitHub\Cap_coral_reefs\New_version_of_the_project\website\benthic_datasets\mask_labels\reef_support\SEAVIEW_PAC_AUS\images\45029192701.jpg
image,45029192901,45029192901.jpg,C:\Users\20231807\Documents\GitHub\Cap_coral_reefs\New_version_of_the_project\website\benthic_datasets\mask_labels\reef_support\SEAVIEW_PAC_AUS\images\45029192901.jpg
image,45029193001,45029193001.jpg,C:\Users\20231807\Documents\GitHub\Cap_coral_reefs\New_version_of_the_project\website\benthic_datasets\mask_labels\reef_support\SEAVIEW_PAC_AUS\images\45029193001.jpg
image,45029193201,45029193201.jpg,C:\Users\20231807\Documents\GitHub\Cap_coral_reefs\New_version_of_the_project\website\benthic_datasets\mask_labels\reef_support\SEAVIEW_PAC_AUS\images\45029193201.jpg
image,45029193301,45029193301.jpg,C:\Users\20231807\Documents\GitHub\Cap_coral_reefs\New_version_of_the_project\website\benthic_datasets\mask_labels\reef_support\SEAVIEW_PAC_AUS\images\45029193301.jpg
image,45029193501,45029193501.jpg,C:\Users\20231807\Documents\GitHub\Cap_coral_reefs\New_version_of_the_project\website\benthic_datasets\mask_labels\reef_support\SEAVIEW_PAC_AUS\images\45029193501.jpg
image,45029193701,45029193701.jpg,C:\Users\20231807\Documents\GitHub\Cap_coral_reefs\New_version_of_the_project\website\benthic_datasets\mask_labels\reef_support\SEAVIEW_PAC_AUS\images\45029193701.jpg
image,45029221701,45029221701.jpg,C:\Users\20231807\Documents\GitHub\Cap_coral_reefs\New_version_of_the_project\website\benthic_datasets\mask_labels\reef_support\SEAVIEW_PAC_AUS\images\45029221701.jpg
image,45029222001,45029222001.jpg,C:\Users\20231807\Documents\GitHub\Cap_coral_reefs\New_version_of_the_project\website\benthic_datasets\mask_labels\reef_support\SEAVIEW_PAC_AUS\images\45029222001.jpg
image,45029222301,45029222301.jpg,C:\Users\20231807\Documents\GitHub\Cap_coral_reefs\New_version_of_the_project\website\benthic_datasets\mask_labels\reef_support\SEAVIEW_PAC_AUS\images\45029222301.jpg
image,45029222701,45029222701.jpg,C:\Users\20231807\Documents\GitHub\Cap_coral_reefs\New_version_of_the_project\website\benthic_datasets\mask_labels\reef_support\SEAVIEW_PAC_AUS\images\45029222701.jpg
image,45029222801,45029222801.jpg,C:\Users\20231807\Documents\GitHub\Cap_coral_reefs\New_version_of_the_project\website\benthic_datasets\mask_labels\reef_support\SEAVIEW_PAC_AUS\images\45029222801.jpg
image,45029223101,45029223101.jpg,C:\Users\20231807\Documents\GitHub\Cap_coral_reefs\New_version_of_the_project\website\benthic_datasets\mask_labels\reef_support\SEAVIEW_PAC_AUS\images\45029223101.jpg
image,45029223301,45029223301.jpg,C:\Users\20231807\Documents\GitHub\Cap_coral_reefs\New_version_of_the_project\website\benthic_datasets\mask_labels\reef_support\SEAVIEW_PAC_AUS\images\45029223301.jpg
image,45029223601,45029223601.jpg,C:\Users\20231807\Documents\GitHub\Cap_coral_reefs\New_version_of_the_project\website\benthic_datasets\mask_labels\reef_support\SEAVIEW_PAC_AUS\images\45029223601.jpg
image,45029224101,45029224101.jpg,C:\Users\20231807\Documents\GitHub\Cap_coral_reefs\New_version_of_the_project\website\benthic_datasets\mask_labels\reef_support\SEAVIEW_PAC_AUS\images\45029224101.jpg
image,45034128601,45034128601.jpg,C:\Users\20231807\Documents\GitHub\Cap_coral_reefs\New_version_of_the_project\website\benthic_datasets\mask_labels\reef_support\SEAVIEW_PAC_AUS\images\45034128601.jpg
image,45034128801,45034128801.jpg,C:\Users\20231807\Documents\GitHub\Cap_coral_reefs\New_version_of_the_project\website\benthic_datasets\mask_labels\reef_support\SEAVIEW_PAC_AUS\images\45034128801.jpg
image,45034129201,45034129201.jpg,C:\Users\20231807\Documents\GitHub\Cap_coral_reefs\New_version_of_the_project\website\benthic_datasets\mask_labels\reef_support\SEAVIEW_PAC_AUS\images\45034129201.jpg
image,45034129601,45034129601.jpg,C:\Users\20231807\Documents\GitHub\Cap_coral_reefs\New_version_of_the_project\website\benthic_datasets\mask_labels\reef_support\SEAVIEW_PAC_AUS\images\45034129601.jpg
image,45034129701,45034129701.jpg,C:\Users\20231807\Documents\GitHub\Cap_coral_reefs\New_version_of_the_project\website\benthic_datasets\mask_labels\reef_support\SEAVIEW_PAC_AUS\images\45034129701.jpg
image,45034130101,45034130101.jpg,C:\Users\20231807\Documents\GitHub\Cap_coral_reefs\New_version_of_the_project\website\benthic_datasets\mask_labels\reef_support\SEAVIEW_PAC_AUS\images\45034130101.jpg
image,45034130301,45034130301.jpg,C:\Users\20231807\Documents\GitHub\Cap_coral_reefs\New_version_of_the_project\website\benthic_datasets\mask_labels\reef_support\SEAVIEW_PAC_AUS\images\45034130301.jpg
image,45034130401,45034130401.jpg,C:\Users\20231807\Documents\GitHub\Cap_coral_reefs\New_version_of_the_project\website\benthic_datasets\mask_labels\reef_support\SEAVIEW_PAC_AUS\images\45034130401.jpg
image,45034130601,45034130601.jpg,C:\Users\20231807\Documents\GitHub\Cap_coral_reefs\New_version_of_the_project\website\benthic_datasets\mask_labels\reef_support\SEAVIEW_PAC_AUS\images\45034130601.jpg
image,45034130801,45034130801.jpg,C:\Users\20231807\Documents\GitHub\Cap_coral_reefs\New_version_of_the_project\website\benthic_datasets\mask_labels\reef_support\SEAVIEW_PAC_AUS\images\45034130801.jpg
image,45034131201,45034131201.jpg,C:\Users\20231807\Documents\GitHub\Cap_coral_reefs\New_version_of_the_project\website\benthic_datasets\mask_labels\reef_support\SEAVIEW_PAC_AUS\images\45034131201.jpg
mask,38001004701_mask,38001004701_mask.png,C:\Users\20231807\Documents\GitHub\Cap_coral_reefs\New_version_of_the_project\website\benthic_datasets\mask_labels\reef_support\SEAVIEW_PAC_USA\masks_stitched\38001004701_mask.png
mask,38001006901_mask,38001006901_mask.png,C:\Users\20231807\Documents\GitHub\Cap_coral_reefs\New_version_of_the_project\website\benthic_datasets\mask_labels\reef_support\SEAVIEW_PAC_USA\masks_stitched\38001006901_mask.png
mask,38001012501_mask,38001012501_mask.png,C:\Users\20231807\Documents\GitHub\Cap_coral_reefs\New_version_of_the_project\website\benthic_datasets\mask_labels\reef_support\SEAVIEW_PAC_USA\masks_stitched\38001012501_mask.png
mask,38001024701_mask,38001024701_mask.png,C:\Users\20231807\Documents\GitHub\Cap_coral_reefs\New_version_of_the_project\website\benthic_datasets\mask_labels\reef_support\SEAVIEW_PAC_USA\masks_stitched\38001024701_mask.png
mask,38001029701_mask,38001029701_mask.png,C:\Users\20231807\Documents\GitHub\Cap_coral_reefs\New_version_of_the_project\website\benthic_datasets\mask_labels\reef_support\SEAVIEW_PAC_USA\masks_stitched\38001029701_mask.png
mask,38004004901_mask,38004004901_mask.png,C:\Users\20231807\Documents\GitHub\Cap_coral_reefs\New_version_of_the_project\website\benthic_datasets\mask_labels\reef_support\SEAVIEW_PAC_USA\masks_stitched\38004004901_mask.png
mask,38004032001_mask,38004032001_mask.png,C:\Users\20231807\Documents\GitHub\Cap_coral_reefs\New_version_of_the_project\website\benthic_datasets\mask_labels\reef_support\SEAVIEW_PAC_USA\masks_stitched\38004032001_mask.png
mask,38004058101_mask,38004058101_mask.png,C:\Users\20231807\Documents\GitHub\Cap_coral_reefs\New_version_of_the_project\website\benthic_datasets\mask_labels\reef_support\SEAVIEW_PAC_USA\masks_stitched\38004058101_mask.png
mask,38005111301_mask,38005111301_mask.png,C:\Users\20231807\Documents\GitHub\Cap_coral_reefs\New_version_of_the_project\website\benthic_datasets\mask_labels\reef_support\SEAVIEW_PAC_USA\masks_stitched\38005111301_mask.png
mask,38005120201_mask,38005120201_mask.png,C:\Users\20231807\Documents\GitHub\Cap_coral_reefs\New_version_of_the_project\website\benthic_datasets\mask_labels\reef_support\SEAVIEW_PAC_USA\masks_stitched\38005120201_mask.png
mask,38006203501_mask,38006203501_mask.png,C:\Users\20231807\Documents\GitHub\Cap_coral_reefs\New_version_of_the_project\website\benthic_datasets\mask_labels\reef_support\SEAVIEW_PAC_USA\masks_stitched\38006203501_mask.png
mask,38006203701_mask,38006203701_mask.png,C:\Users\20231807\Documents\GitHub\Cap_coral_reefs\New_version_of_the_project\website\benthic_datasets\mask_labels\reef_support\SEAVIEW_PAC_USA\masks_stitched\38006203701_mask.png
mask,38006204401_mask,38006204401_mask.png,C:\Users\20231807\Documents\GitHub\Cap_coral_reefs\New_version_of_the_project\website\benthic_datasets\mask_labels\reef_support\SEAVIEW_PAC_USA\masks_stitched\38006204401_mask.png
mask,38006204501_mask,38006204501_mask.png,C:\Users\20231807\Documents\GitHub\Cap_coral_reefs\New_version_of_the_project\website\benthic_datasets\mask_labels\reef_support\SEAVIEW_PAC_USA\masks_stitched\38006204501_mask.png
mask,38006204701_mask,38006204701_mask.png,C:\Users\20231807\Documents\GitHub\Cap_coral_reefs\New_version_of_the_project\website\benthic_datasets\mask_labels\reef_support\SEAVIEW_PAC_USA\masks_stitched\38006204701_mask.png
mask,38006204901_mask,38006204901_mask.png,C:\Users\20231807\Documents\GitHub\Cap_coral_reefs\New_version_of_the_project\website\benthic_datasets\mask_labels\reef_support\SEAVIEW_PAC_USA\masks_stitched\38006204901_mask.png
mask,38006205001_mask,38006205001_mask.png,C:\Users\20231807\Documents\GitHub\Cap_coral_reefs\New_version_of_the_project\website\benthic_datasets\mask_labels\reef_support\SEAVIEW_PAC_USA\masks_stitched\38006205001_mask.png
mask,38006205401_mask,38006205401_mask.png,C:\Users\20231807\Documents\GitHub\Cap_coral_reefs\New_version_of_the_project\website\benthic_datasets\mask_labels\reef_support\SEAVIEW_PAC_USA\masks_stitched\38006205401_mask.png
mask,38006228901_mask,38006228901_mask.png,C:\Users\20231807\Documents\GitHub\Cap_coral_reefs\New_version_of_the_project\website\benthic_datasets\mask_labels\reef_support\SEAVIEW_PAC_USA\masks_stitched\38006228901_mask.png
mask,38006240301_mask,38006240301_mask.png,C:\Users\20231807\Documents\GitHub\Cap_coral_reefs\New_version_of_the_project\website\benthic_datasets\mask_labels\reef_support\SEAVIEW_PAC_USA\masks_stitched\38006240301_mask.png
mask,38006248501_mask,38006248501_mask.png,C:\Users\20231807\Documents\GitHub\Cap_coral_reefs\New_version_of_the_project\website\benthic_datasets\mask_labels\reef_support\SEAVIEW_PAC_USA\masks_stitched\38006248501_mask.png
mask,38007046601_mask,38007046601_mask.png,C:\Users\20231807\Documents\GitHub\Cap_coral_reefs\New_version_of_the_project\website\benthic_datasets\mask_labels\reef_support\SEAVIEW_PAC_USA\masks_stitched\38007046601_mask.png
mask,38007051201_mask,38007051201_mask.png,C:\Users\20231807\Documents\GitHub\Cap_coral_reefs\New_version_of_the_project\website\benthic_datasets\mask_labels\reef_support\SEAVIEW_PAC_USA\masks_stitched\38007051201_mask.png
mask,38007052801_mask,38007052801_mask.png,C:\Users\20231807\Documents\GitHub\Cap_coral_reefs\New_version_of_the_project\website\benthic_datasets\mask_labels\reef_support\SEAVIEW_PAC_USA\masks_stitched\38007052801_mask.png
mask,38007053001_mask,38007053001_mask.png,C:\Users\20231807\Documents\GitHub\Cap_coral_reefs\New_version_of_the_project\website\benthic_datasets\mask_labels\reef_support\SEAVIEW_PAC_USA\masks_stitched\38007053001_mask.png
mask,38007053201_mask,38007053201_mask.png,C:\Users\20231807\Documents\GitHub\Cap_coral_reefs\New_version_of_the_project\website\benthic_datasets\mask_labels\reef_support\SEAVIEW_PAC_USA\masks_stitched\38007053201_mask.png
mask,38007053401_mask,38007053401_mask.png,C:\Users\20231807\Documents\GitHub\Cap_coral_reefs\New_version_of_the_project\website\benthic_datasets\mask_labels\reef_support\SEAVIEW_PAC_USA\masks_stitched\38007053401_mask.png
mask,38007081901_mask,38007081901_mask.png,C:\Users\20231807\Documents\GitHub\Cap_coral_reefs\New_version_of_the_project\website\benthic_datasets\mask_labels\reef_support\SEAVIEW_PAC_USA\masks_stitched\38007081901_mask.png
mask,38008095701_mask,38008095701_mask.png,C:\Users\20231807\Documents\GitHub\Cap_coral_reefs\New_version_of_the_project\website\benthic_datasets\mask_labels\reef_support\SEAVIEW_PAC_USA\masks_stitched\38008095701_mask.png
mask,38008134901_mask,38008134901_mask.png,C:\Users\20231807\Documents\GitHub\Cap_coral_reefs\New_version_of_the_project\website\benthic_datasets\mask_labels\reef_support\SEAVIEW_PAC_USA\masks_stitched\38008134901_mask.png
mask,38011204701_mask,38011204701_mask.png,C:\Users\20231807\Documents\GitHub\Cap_coral_reefs\New_version_of_the_project\website\benthic_datasets\mask_labels\reef_support\SEAVIEW_PAC_USA\masks_stitched\38011204701_mask.png
mask,38012045101_mask,38012045101_mask.png,C:\Users\20231807\Documents\GitHub\Cap_coral_reefs\New_version_of_the_project\website\benthic_datasets\mask_labels\reef_support\SEAVIEW_PAC_USA\masks_stitched\38012045101_mask.png
mask,38012046801_mask,38012046801_mask.png,C:\Users\20231807\Documents\GitHub\Cap_coral_reefs\New_version_of_the_project\website\benthic_datasets\mask_labels\reef_support\SEAVIEW_PAC_USA\masks_stitched\38012046801_mask.png
mask,38012046901_mask,38012046901_mask.png,C:\Users\20231807\Documents\GitHub\Cap_coral_reefs\New_version_of_the_project\website\benthic_datasets\mask_labels\reef_support\SEAVIEW_PAC_USA\masks_stitched\38012046901_mask.png
mask,38012047001_mask,38012047001_mask.png,C:\Users\20231807\Documents\GitHub\Cap_coral_reefs\New_version_of_the_project\website\benthic_datasets\mask_labels\reef_support\SEAVIEW_PAC_USA\masks_stitched\38012047001_mask.png
mask,38012047201_mask,38012047201_mask.png,C:\Users\20231807\Documents\GitHub\Cap_coral_reefs\New_version_of_the_project\website\benthic_datasets\mask_labels\reef_support\SEAVIEW_PAC_USA\masks_stitched\38012047201_mask.png
mask,38012087401_mask,38012087401_mask.png,C:\Users\20231807\Documents\GitHub\Cap_coral_reefs\New_version_of_the_project\website\benthic_datasets\mask_labels\reef_support\SEAVIEW_PAC_USA\masks_stitched\38012087401_mask.png
mask,38014169801_mask,38014169801_mask.png,C:\Users\20231807\Documents\GitHub\Cap_coral_reefs\New_version_of_the_project\website\benthic_datasets\mask_labels\reef_support\SEAVIEW_PAC_USA\masks_stitched\38014169801_mask.png
mask,38014179201_mask,38014179201_mask.png,C:\Users\20231807\Documents\GitHub\Cap_coral_reefs\New_version_of_the_project\website\benthic_datasets\mask_labels\reef_support\SEAVIEW_PAC_USA\masks_stitched\38014179201_mask.png
mask,38014198901_mask,38014198901_mask.png,C:\Users\20231807\Documents\GitHub\Cap_coral_reefs\New_version_of_the_project\website\benthic_datasets\mask_labels\reef_support\SEAVIEW_PAC_USA\masks_stitched\38014198901_mask.png
mask,38014218301_mask,38014218301_mask.png,C:\Users\20231807\Documents\GitHub\Cap_coral_reefs\New_version_of_the_project\website\benthic_datasets\mask_labels\reef_support\SEAVIEW_PAC_USA\masks_stitched\38014218301_mask.png
mask,38014226501_mask,38014226501_mask.png,C:\Users\20231807\Documents\GitHub\Cap_coral_reefs\New_version_of_the_project\website\benthic_datasets\mask_labels\reef_support\SEAVIEW_PAC_USA\masks_stitched\38014226501_mask.png
mask,38014244401_mask,38014244401_mask.png,C:\Users\20231807\Documents\GitHub\Cap_coral_reefs\New_version_of_the_project\website\benthic_datasets\mask_labels\reef_support\SEAVIEW_PAC_USA\masks_stitched\38014244401_mask.png
mask,38016055101_mask,38016055101_mask.png,C:\Users\20231807\Documents\GitHub\Cap_coral_reefs\New_version_of_the_project\website\benthic_datasets\mask_labels\reef_support\SEAVIEW_PAC_USA\masks_stitched\38016055101_mask.png
mask,38016093601_mask,38016093601_mask.png,C:\Users\20231807\Documents\GitHub\Cap_coral_reefs\New_version_of_the_project\website\benthic_datasets\mask_labels\reef_support\SEAVIEW_PAC_USA\masks_stitched\38016093601_mask.png
mask,38016093801_mask,38016093801_mask.png,C:\Users\20231807\Documents\GitHub\Cap_coral_reefs\New_version_of_the_project\website\benthic_datasets\mask_labels\reef_support\SEAVIEW_PAC_USA\masks_stitched\38016093801_mask.png
mask,38016094501_mask,38016094501_mask.png,C:\Users\20231807\Documents\GitHub\Cap_coral_reefs\New_version_of_the_project\website\benthic_datasets\mask_labels\reef_support\SEAVIEW_PAC_USA\masks_stitched\38016094501_mask.png
mask,38016094701_mask,38016094701_mask.png,C:\Users\20231807\Documents\GitHub\Cap_coral_reefs\New_version_of_the_project\website\benthic_datasets\mask_labels\reef_support\SEAVIEW_PAC_USA\masks_stitched\38016094701_mask.png
mask,38016094901_mask,38016094901_mask.png,C:\Users\20231807\Documents\GitHub\Cap_coral_reefs\New_version_of_the_project\website\benthic_datasets\mask_labels\reef_support\SEAVIEW_PAC_USA\masks_stitched\38016094901_mask.png
mask,38016095501_mask,38016095501_mask.png,C:\Users\20231807\Documents\GitHub\Cap_coral_reefs\New_version_of_the_project\website\benthic_datasets\mask_labels\reef_support\SEAVIEW_PAC_USA\masks_stitched\38016095501_mask.png
mask,38016095901_mask,38016095901_mask.png,C:\Users\20231807\Documents\GitHub\Cap_coral_reefs\New_version_of_the_project\website\benthic_datasets\mask_labels\reef_support\SEAVIEW_PAC_USA\masks_stitched\38016095901_mask.png
mask,38016096301_mask,38016096301_mask.png,C:\Users\20231807\Documents\GitHub\Cap_coral_reefs\New_version_of_the_project\website\benthic_datasets\mask_labels\reef_support\SEAVIEW_PAC_USA\masks_stitched\38016096301_mask.png
mask,38017111001_mask,38017111001_mask.png,C:\Users\20231807\Documents\GitHub\Cap_coral_reefs\New_version_of_the_project\website\benthic_datasets\mask_labels\reef_support\SEAVIEW_PAC_USA\masks_stitched\38017111001_mask.png
mask,38017128001_mask,38017128001_mask.png,C:\Users\20231807\Documents\GitHub\Cap_coral_reefs\New_version_of_the_project\website\benthic_datasets\mask_labels\reef_support\SEAVIEW_PAC_USA\masks_stitched\38017128001_mask.png
mask,38017140901_mask,38017140901_mask.png,C:\Users\20231807\Documents\GitHub\Cap_coral_reefs\New_version_of_the_project\website\benthic_datasets\mask_labels\reef_support\SEAVIEW_PAC_USA\masks_stitched\38017140901_mask.png
mask,38017144601_mask,38017144601_mask.png,C:\Users\20231807\Documents\GitHub\Cap_coral_reefs\New_version_of_the_project\website\benthic_datasets\mask_labels\reef_support\SEAVIEW_PAC_USA\masks_stitched\38017144601_mask.png
mask,38017149701_mask,38017149701_mask.png,C:\Users\20231807\Documents\GitHub\Cap_coral_reefs\New_version_of_the_project\website\benthic_datasets\mask_labels\reef_support\SEAVIEW_PAC_USA\masks_stitched\38017149701_mask.png
mask,38018170501_mask,38018170501_mask.png,C:\Users\20231807\Documents\GitHub\Cap_coral_reefs\New_version_of_the_project\website\benthic_datasets\mask_labels\reef_support\SEAVIEW_PAC_USA\masks_stitched\38018170501_mask.png
mask,38018229201_mask,38018229201_mask.png,C:\Users\20231807\Documents\GitHub\Cap_coral_reefs\New_version_of_the_project\website\benthic_datasets\mask_labels\reef_support\SEAVIEW_PAC_USA\masks_stitched\38018229201_mask.png
mask,38018231101_mask,38018231101_mask.png,C:\Users\20231807\Documents\GitHub\Cap_coral_reefs\New_version_of_the_project\website\benthic_datasets\mask_labels\reef_support\SEAVIEW_PAC_USA\masks_stitched\38018231101_mask.png
mask,38018237201_mask,38018237201_mask.png,C:\Users\20231807\Documents\GitHub\Cap_coral_reefs\New_version_of_the_project\website\benthic_datasets\mask_labels\reef_support\SEAVIEW_PAC_USA\masks_stitched\38018237201_mask.png
mask,38020092201_mask,38020092201_mask.png,C:\Users\20231807\Documents\GitHub\Cap_coral_reefs\New_version_of_the_project\website\benthic_datasets\mask_labels\reef_support\SEAVIEW_PAC_USA\masks_stitched\38020092201_mask.png
mask,38021162001_mask,38021162001_mask.png,C:\Users\20231807\Documents\GitHub\Cap_coral_reefs\New_version_of_the_project\website\benthic_datasets\mask_labels\reef_support\SEAVIEW_PAC_USA\masks_stitched\38021162001_mask.png
mask,38021163201_mask,38021163201_mask.png,C:\Users\20231807\Documents\GitHub\Cap_coral_reefs\New_version_of_the_project\website\benthic_datasets\mask_labels\reef_support\SEAVIEW_PAC_USA\masks_stitched\38021163201_mask.png
mask,38021164801_mask,38021164801_mask.png,C:\Users\20231807\Documents\GitHub\Cap_coral_reefs\New_version_of_the_project\website\benthic_datasets\mask_labels\reef_support\SEAVIEW_PAC_USA\masks_stitched\38021164801_mask.png
mask,38022038001_mask,38022038001_mask.png,C:\Users\20231807\Documents\GitHub\Cap_coral_reefs\New_version_of_the_project\website\benthic_datasets\mask_labels\reef_support\SEAVIEW_PAC_USA\masks_stitched\38022038001_mask.png
mask,38022070201_mask,38022070201_mask.png,C:\Users\20231807\Documents\GitHub\Cap_coral_reefs\New_version_of_the_project\website\benthic_datasets\mask_labels\reef_support\SEAVIEW_PAC_USA\masks_stitched\38022070201_mask.png
mask,38025014001_mask,38025014001_mask.png,C:\Users\20231807\Documents\GitHub\Cap_coral_reefs\New_version_of_the_project\website\benthic_datasets\mask_labels\reef_support\SEAVIEW_PAC_USA\masks_stitched\38025014001_mask.png
mask,38025052401_mask,38025052401_mask.png,C:\Users\20231807\Documents\GitHub\Cap_coral_reefs\New_version_of_the_project\website\benthic_datasets\mask_labels\reef_support\SEAVIEW_PAC_USA\masks_stitched\38025052401_mask.png
mask,38025052601_mask,38025052601_mask.png,C:\Users\20231807\Documents\GitHub\Cap_coral_reefs\New_version_of_the_project\website\benthic_datasets\mask_labels\reef_support\SEAVIEW_PAC_USA\masks_stitched\38025052601_mask.png
mask,38025052801_mask,38025052801_mask.png,C:\Users\20231807\Documents\GitHub\Cap_coral_reefs\New_version_of_the_project\website\benthic_datasets\mask_labels\reef_support\SEAVIEW_PAC_USA\masks_stitched\38025052801_mask.png
mask,38025078601_mask,38025078601_mask.png,C:\Users\20231807\Documents\GitHub\Cap_coral_reefs\New_version_of_the_project\website\benthic_datasets\mask_labels\reef_support\SEAVIEW_PAC_USA\masks_stitched\38025078601_mask.png
mask,38026093101_mask,38026093101_mask.png,C:\Users\20231807\Documents\GitHub\Cap_coral_reefs\New_version_of_the_project\website\benthic_datasets\mask_labels\reef_support\SEAVIEW_PAC_USA\masks_stitched\38026093101_mask.png
mask,38029116501_mask,38029116501_mask.png,C:\Users\20231807\Documents\GitHub\Cap_coral_reefs\New_version_of_the_project\website\benthic_datasets\mask_labels\reef_support\SEAVIEW_PAC_USA\masks_stitched\38029116501_mask.png
mask,38030253001_mask,38030253001_mask.png,C:\Users\20231807\Documents\GitHub\Cap_coral_reefs\New_version_of_the_project\website\benthic_datasets\mask_labels\reef_support\SEAVIEW_PAC_USA\masks_stitched\38030253001_mask.png
mask,38032187301_mask,38032187301_mask.png,C:\Users\20231807\Documents\GitHub\Cap_coral_reefs\New_version_of_the_project\website\benthic_datasets\mask_labels\reef_support\SEAVIEW_PAC_USA\masks_stitched\38032187301_mask.png
mask,38032192801_mask,38032192801_mask.png,C:\Users\20231807\Documents\GitHub\Cap_coral_reefs\New_version_of_the_project\website\benthic_datasets\mask_labels\reef_support\SEAVIEW_PAC_USA\masks_stitched\38032192801_mask.png
mask,38034002701_mask,38034002701_mask.png,C:\Users\20231807\Documents\GitHub\Cap_coral_reefs\New_version_of_the_project\website\benthic_datasets\mask_labels\reef_support\SEAVIEW_PAC_USA\masks_stitched\38034002701_mask.png
mask,38034014601_mask,38034014601_mask.png,C:\Users\20231807\Documents\GitHub\Cap_coral_reefs\New_version_of_the_project\website\benthic_datasets\mask_labels\reef_support\SEAVIEW_PAC_USA\masks_stitched\38034014601_mask.png
mask,38040220701_mask,38040220701_mask.png,C:\Users\20231807\Documents\GitHub\Cap_coral_reefs\New_version_of_the_project\website\benthic_datasets\mask_labels\reef_support\SEAVIEW_PAC_USA\masks_stitched\38040220701_mask.png
mask,38040237601_mask,38040237601_mask.png,C:\Users\20231807\Documents\GitHub\Cap_coral_reefs\New_version_of_the_project\website\benthic_datasets\mask_labels\reef_support\SEAVIEW_PAC_USA\masks_stitched\38040237601_mask.png
mask,38041006901_mask,38041006901_mask.png,C:\Users\20231807\Documents\GitHub\Cap_coral_reefs\New_version_of_the_project\website\benthic_datasets\mask_labels\reef_support\SEAVIEW_PAC_USA\masks_stitched\38041006901_mask.png
mask,38041007401_mask,38041007401_mask.png,C:\Users\20231807\Documents\GitHub\Cap_coral_reefs\New_version_of_the_project\website\benthic_datasets\mask_labels\reef_support\SEAVIEW_PAC_USA\masks_stitched\38041007401_mask.png
mask,38041009001_mask,38041009001_mask.png,C:\Users\20231807\Documents\GitHub\Cap_coral_reefs\New_version_of_the_project\website\benthic_datasets\mask_labels\reef_support\SEAVIEW_PAC_USA\masks_stitched\38041009001_mask.png
mask,38041009201_mask,38041009201_mask.png,C:\Users\20231807\Documents\GitHub\Cap_coral_reefs\New_version_of_the_project\website\benthic_datasets\mask_labels\reef_support\SEAVIEW_PAC_USA\masks_stitched\38041009201_mask.png
mask,38041089501_mask,38041089501_mask.png,C:\Users\20231807\Documents\GitHub\Cap_coral_reefs\New_version_of_the_project\website\benthic_datasets\mask_labels\reef_support\SEAVIEW_PAC_USA\masks_stitched\38041089501_mask.png
mask,38042099401_mask,38042099401_mask.png,C:\Users\20231807\Documents\GitHub\Cap_coral_reefs\New_version_of_the_project\website\benthic_datasets\mask_labels\reef_support\SEAVIEW_PAC_USA\masks_stitched\38042099401_mask.png
mask,38042144001_mask,38042144001_mask.png,C:\Users\20231807\Documents\GitHub\Cap_coral_reefs\New_version_of_the_project\website\benthic_datasets\mask_labels\reef_support\SEAVIEW_PAC_USA\masks_stitched\38042144001_mask.png
mask,38044022001_mask,38044022001_mask.png,C:\Users\20231807\Documents\GitHub\Cap_coral_reefs\New_version_of_the_project\website\benthic_datasets\mask_labels\reef_support\SEAVIEW_PAC_USA\masks_stitched\38044022001_mask.png
mask,38044023801_mask,38044023801_mask.png,C:\Users\20231807\Documents\GitHub\Cap_coral_reefs\New_version_of_the_project\website\benthic_datasets\mask_labels\reef_support\SEAVIEW_PAC_USA\masks_stitched\38044023801_mask.png
mask,38044024101_mask,38044024101_mask.png,C:\Users\20231807\Documents\GitHub\Cap_coral_reefs\New_version_of_the_project\website\benthic_datasets\mask_labels\reef_support\SEAVIEW_PAC_USA\masks_stitched\38044024101_mask.png
mask,38045184401_mask,38045184401_mask.png,C:\Users\20231807\Documents\GitHub\Cap_coral_reefs\New_version_of_the_project\website\benthic_datasets\mask_labels\reef_support\SEAVIEW_PAC_USA\masks_stitched\38045184401_mask.png
mask,38046216501_mask,38046216501_mask.png,C:\Users\20231807\Documents\GitHub\Cap_coral_reefs\New_version_of_the_project\website\benthic_datasets\mask_labels\reef_support\SEAVIEW_PAC_USA\masks_stitched\38046216501_mask.png
mask,38046231101_mask,38046231101_mask.png,C:\Users\20231807\Documents\GitHub\Cap_coral_reefs\New_version_of_the_project\website\benthic_datasets\mask_labels\reef_support\SEAVIEW_PAC_USA\masks_stitched\38046231101_mask.png
mask,38046248701_mask,38046248701_mask.png,C:\Users\20231807\Documents\GitHub\Cap_coral_reefs\New_version_of_the_project\website\benthic_datasets\mask_labels\reef_support\SEAVIEW_PAC_USA\masks_stitched\38046248701_mask.png
mask,44003233701_mask,44003233701_mask.png,C:\Users\20231807\Documents\GitHub\Cap_coral_reefs\New_version_of_the_project\website\benthic_datasets\mask_labels\reef_support\SEAVIEW_PAC_USA\masks_stitched\44003233701_mask.png
mask,44003233901_mask,44003233901_mask.png,C:\Users\20231807\Documents\GitHub\Cap_coral_reefs\New_version_of_the_project\website\benthic_datasets\mask_labels\reef_support\SEAVIEW_PAC_USA\masks_stitched\44003233901_mask.png
mask,44003234101_mask,44003234101_mask.png,C:\Users\20231807\Documents\GitHub\Cap_coral_reefs\New_version_of_the_project\website\benthic_datasets\mask_labels\reef_support\SEAVIEW_PAC_USA\masks_stitched\44003234101_mask.png
mask,44003234301_mask,44003234301_mask.png,C:\Users\20231807\Documents\GitHub\Cap_coral_reefs\New_version_of_the_project\website\benthic_datasets\mask_labels\reef_support\SEAVIEW_PAC_USA\masks_stitched\44003234301_mask.png
mask,44003234501_mask,44003234501_mask.png,C:\Users\20231807\Documents\GitHub\Cap_coral_reefs\New_version_of_the_project\website\benthic_datasets\mask_labels\reef_support\SEAVIEW_PAC_USA\masks_stitched\44003234501_mask.png
mask,44003234901_mask,44003234901_mask.png,C:\Users\20231807\Documents\GitHub\Cap_coral_reefs\New_version_of_the_project\website\benthic_datasets\mask_labels\reef_support\SEAVIEW_PAC_USA\masks_stitched\44003234901_mask.png
mask,44003235201_mask,44003235201_mask.png,C:\Users\20231807\Documents\GitHub\Cap_coral_reefs\New_version_of_the_project\website\benthic_datasets\mask_labels\reef_support\SEAVIEW_PAC_USA\masks_stitched\44003235201_mask.png
mask,44003235501_mask,44003235501_mask.png,C:\Users\20231807\Documents\GitHub\Cap_coral_reefs\New_version_of_the_project\website\benthic_datasets\mask_labels\reef_support\SEAVIEW_PAC_USA\masks_stitched\44003235501_mask.png
mask,44003235701_mask,44003235701_mask.png,C:\Users\20231807\Documents\GitHub\Cap_coral_reefs\New_version_of_the_project\website\benthic_datasets\mask_labels\reef_support\SEAVIEW_PAC_USA\masks_stitched\44003235701_mask.png
mask,44003236001_mask,44003236001_mask.png,C:\Users\20231807\Documents\GitHub\Cap_coral_reefs\New_version_of_the_project\website\benthic_datasets\mask_labels\reef_support\SEAVIEW_PAC_USA\masks_stitched\44003236001_mask.png
mask,44003236201_mask,44003236201_mask.png,C:\Users\20231807\Documents\GitHub\Cap_coral_reefs\New_version_of_the_project\website\benthic_datasets\mask_labels\reef_support\SEAVIEW_PAC_USA\masks_stitched\44003236201_mask.png
mask,44004049901_mask,44004049901_mask.png,C:\Users\20231807\Documents\GitHub\Cap_coral_reefs\New_version_of_the_project\website\benthic_datasets\mask_labels\reef_support\SEAVIEW_PAC_USA\masks_stitched\44004049901_mask.png
mask,44004050001_mask,44004050001_mask.png,C:\Users\20231807\Documents\GitHub\Cap_coral_reefs\New_version_of_the_project\website\benthic_datasets\mask_labels\reef_support\SEAVIEW_PAC_USA\masks_stitched\44004050001_mask.png
mask,44004050901_mask,44004050901_mask.png,C:\Users\20231807\Documents\GitHub\Cap_coral_reefs\New_version_of_the_project\website\benthic_datasets\mask_labels\reef_support\SEAVIEW_PAC_USA\masks_stitched\44004050901_mask.png
mask,44004051001_mask,44004051001_mask.png,C:\Users\20231807\Documents\GitHub\Cap_coral_reefs\New_version_of_the_project\website\benthic_datasets\mask_labels\reef_support\SEAVIEW_PAC_USA\masks_stitched\44004051001_mask.png
mask,44004051201_mask,44004051201_mask.png,C:\Users\20231807\Documents\GitHub\Cap_coral_reefs\New_version_of_the_project\website\benthic_datasets\mask_labels\reef_support\SEAVIEW_PAC_USA\masks_stitched\44004051201_mask.png
mask,44004051601_mask,44004051601_mask.png,C:\Users\20231807\Documents\GitHub\Cap_coral_reefs\New_version_of_the_project\website\benthic_datasets\mask_labels\reef_support\SEAVIEW_PAC_USA\masks_stitched\44004051601_mask.png
mask,44004052601_mask,44004052601_mask.png,C:\Users\20231807\Documents\GitHub\Cap_coral_reefs\New_version_of_the_project\website\benthic_datasets\mask_labels\reef_support\SEAVIEW_PAC_USA\masks_stitched\44004052601_mask.png
mask,44009055501_mask,44009055501_mask.png,C:\Users\20231807\Documents\GitHub\Cap_coral_reefs\New_version_of_the_project\website\benthic_datasets\mask_labels\reef_support\SEAVIEW_PAC_USA\masks_stitched\44009055501_mask.png
mask,44009055701_mask,44009055701_mask.png,C:\Users\20231807\Documents\GitHub\Cap_coral_reefs\New_version_of_the_project\website\benthic_datasets\mask_labels\reef_support\SEAVIEW_PAC_USA\masks_stitched\44009055701_mask.png
mask,44009056101_mask,44009056101_mask.png,C:\Users\20231807\Documents\GitHub\Cap_coral_reefs\New_version_of_the_project\website\benthic_datasets\mask_labels\reef_support\SEAVIEW_PAC_USA\masks_stitched\44009056101_mask.png
mask,44009056301_mask,44009056301_mask.png,C:\Users\20231807\Documents\GitHub\Cap_coral_reefs\New_version_of_the_project\website\benthic_datasets\mask_labels\reef_support\SEAVIEW_PAC_USA\masks_stitched\44009056301_mask.png
mask,44009056501_mask,44009056501_mask.png,C:\Users\20231807\Documents\GitHub\Cap_coral_reefs\New_version_of_the_project\website\benthic_datasets\mask_labels\reef_support\SEAVIEW_PAC_USA\masks_stitched\44009056501_mask.png
mask,44013029401_mask,44013029401_mask.png,C:\Users\20231807\Documents\GitHub\Cap_coral_reefs\New_version_of_the_project\website\benthic_datasets\mask_labels\reef_support\SEAVIEW_PAC_USA\masks_stitched\44013029401_mask.png
mask,44018250201_mask,44018250201_mask.png,C:\Users\20231807\Documents\GitHub\Cap_coral_reefs\New_version_of_the_project\website\benthic_datasets\mask_labels\reef_support\SEAVIEW_PAC_USA\masks_stitched\44018250201_mask.png
mask,44018250401_mask,44018250401_mask.png,C:\Users\20231807\Documents\GitHub\Cap_coral_reefs\New_version_of_the_project\website\benthic_datasets\mask_labels\reef_support\SEAVIEW_PAC_USA\masks_stitched\44018250401_mask.png
mask,44018250601_mask,44018250601_mask.png,C:\Users\20231807\Documents\GitHub\Cap_coral_reefs\New_version_of_the_project\website\benthic_datasets\mask_labels\reef_support\SEAVIEW_PAC_USA\masks_stitched\44018250601_mask.png
mask,44020133101_mask,44020133101_mask.png,C:\Users\20231807\Documents\GitHub\Cap_coral_reefs\New_version_of_the_project\website\benthic_datasets\mask_labels\reef_support\SEAVIEW_PAC_USA\masks_stitched\44020133101_mask.png
mask,44020133301_mask,44020133301_mask.png,C:\Users\20231807\Documents\GitHub\Cap_coral_reefs\New_version_of_the_project\website\benthic_datasets\mask_labels\reef_support\SEAVIEW_PAC_USA\masks_stitched\44020133301_mask.png
mask,44020133501_mask,44020133501_mask.png,C:\Users\20231807\Documents\GitHub\Cap_coral_reefs\New_version_of_the_project\website\benthic_datasets\mask_labels\reef_support\SEAVIEW_PAC_USA\masks_stitched\44020133501_mask.png
mask,44020134101_mask,44020134101_mask.png,C:\Users\20231807\Documents\GitHub\Cap_coral_reefs\New_version_of_the_project\website\benthic_datasets\mask_labels\reef_support\SEAVIEW_PAC_USA\masks_stitched\44020134101_mask.png
mask,44020134301_mask,44020134301_mask.png,C:\Users\20231807\Documents\GitHub\Cap_coral_reefs\New_version_of_the_project\website\benthic_datasets\mask_labels\reef_support\SEAVIEW_PAC_USA\masks_stitched\44020134301_mask.png
mask,44020134901_mask,44020134901_mask.png,C:\Users\20231807\Documents\GitHub\Cap_coral_reefs\New_version_of_the_project\website\benthic_datasets\mask_labels\reef_support\SEAVIEW_PAC_USA\masks_stitched\44020134901_mask.png
mask,44020135901_mask,44020135901_mask.png,C:\Users\20231807\Documents\GitHub\Cap_coral_reefs\New_version_of_the_project\website\benthic_datasets\mask_labels\reef_support\SEAVIEW_PAC_USA\masks_stitched\44020135901_mask.png
mask,44026217101_mask,44026217101_mask.png,C:\Users\20231807\Documents\GitHub\Cap_coral_reefs\New_version_of_the_project\website\benthic_datasets\mask_labels\reef_support\SEAVIEW_PAC_USA\masks_stitched\44026217101_mask.png
mask,44026217501_mask,44026217501_mask.png,C:\Users\20231807\Documents\GitHub\Cap_coral_reefs\New_version_of_the_project\website\benthic_datasets\mask_labels\reef_support\SEAVIEW_PAC_USA\masks_stitched\44026217501_mask.png
mask,44026217701_mask,44026217701_mask.png,C:\Users\20231807\Documents\GitHub\Cap_coral_reefs\New_version_of_the_project\website\benthic_datasets\mask_labels\reef_support\SEAVIEW_PAC_USA\masks_stitched\44026217701_mask.png
mask,44026218901_mask,44026218901_mask.png,C:\Users\20231807\Documents\GitHub\Cap_coral_reefs\New_version_of_the_project\website\benthic_datasets\mask_labels\reef_support\SEAVIEW_PAC_USA\masks_stitched\44026218901_mask.png
mask,44026219001_mask,44026219001_mask.png,C:\Users\20231807\Documents\GitHub\Cap_coral_reefs\New_version_of_the_project\website\benthic_datasets\mask_labels\reef_support\SEAVIEW_PAC_USA\masks_stitched\44026219001_mask.png
mask,44026219401_mask,44026219401_mask.png,C:\Users\20231807\Documents\GitHub\Cap_coral_reefs\New_version_of_the_project\website\benthic_datasets\mask_labels\reef_support\SEAVIEW_PAC_USA\masks_stitched\44026219401_mask.png
mask,44027002401_mask,44027002401_mask.png,C:\Users\20231807\Documents\GitHub\Cap_coral_reefs\New_version_of_the_project\website\benthic_datasets\mask_labels\reef_support\SEAVIEW_PAC_USA\masks_stitched\44027002401_mask.png
mask,44027002601_mask,44027002601_mask.png,C:\Users\20231807\Documents\GitHub\Cap_coral_reefs\New_version_of_the_project\website\benthic_datasets\mask_labels\reef_support\SEAVIEW_PAC_USA\masks_stitched\44027002601_mask.png
mask,44027002901_mask,44027002901_mask.png,C:\Users\20231807\Documents\GitHub\Cap_coral_reefs\New_version_of_the_project\website\benthic_datasets\mask_labels\reef_support\SEAVIEW_PAC_USA\masks_stitched\44027002901_mask.png
mask,44027003001_mask,44027003001_mask.png,C:\Users\20231807\Documents\GitHub\Cap_coral_reefs\New_version_of_the_project\website\benthic_datasets\mask_labels\reef_support\SEAVIEW_PAC_USA\masks_stitched\44027003001_mask.png
mask,44027003201_mask,44027003201_mask.png,C:\Users\20231807\Documents\GitHub\Cap_coral_reefs\New_version_of_the_project\website\benthic_datasets\mask_labels\reef_support\SEAVIEW_PAC_USA\masks_stitched\44027003201_mask.png
mask,44027005001_mask,44027005001_mask.png,C:\Users\20231807\Documents\GitHub\Cap_coral_reefs\New_version_of_the_project\website\benthic_datasets\mask_labels\reef_support\SEAVIEW_PAC_USA\masks_stitched\44027005001_mask.png
mask,44034009101_mask,44034009101_mask.png,C:\Users\20231807\Documents\GitHub\Cap_coral_reefs\New_version_of_the_project\website\benthic_datasets\mask_labels\reef_support\SEAVIEW_PAC_USA\masks_stitched\44034009101_mask.png
mask,44034009301_mask,44034009301_mask.png,C:\Users\20231807\Documents\GitHub\Cap_coral_reefs\New_version_of_the_project\website\benthic_datasets\mask_labels\reef_support\SEAVIEW_PAC_USA\masks_stitched\44034009301_mask.png
mask,44034009901_mask,44034009901_mask.png,C:\Users\20231807\Documents\GitHub\Cap_coral_reefs\New_version_of_the_project\website\benthic_datasets\mask_labels\reef_support\SEAVIEW_PAC_USA\masks_stitched\44034009901_mask.png
image,38001004401,38001004401.jpg,C:\Users\20231807\Documents\GitHub\Cap_coral_reefs\New_version_of_the_project\website\benthic_datasets\mask_labels\reef_support\SEAVIEW_PAC_USA\images\38001004401.jpg
image,38001012501,38001012501.jpg,C:\Users\20231807\Documents\GitHub\Cap_coral_reefs\New_version_of_the_project\website\benthic_datasets\mask_labels\reef_support\SEAVIEW_PAC_USA\images\38001012501.jpg
image,38001024701,38001024701.jpg,C:\Users\20231807\Documents\GitHub\Cap_coral_reefs\New_version_of_the_project\website\benthic_datasets\mask_labels\reef_support\SEAVIEW_PAC_USA\images\38001024701.jpg
image,38004001301,38004001301.jpg,C:\Users\20231807\Documents\GitHub\Cap_coral_reefs\New_version_of_the_project\website\benthic_datasets\mask_labels\reef_support\SEAVIEW_PAC_USA\images\38004001301.jpg
image,38004015301,38004015301.jpg,C:\Users\20231807\Documents\GitHub\Cap_coral_reefs\New_version_of_the_project\website\benthic_datasets\mask_labels\reef_support\SEAVIEW_PAC_USA\images\38004015301.jpg
image,38004019001,38004019001.jpg,C:\Users\20231807\Documents\GitHub\Cap_coral_reefs\New_version_of_the_project\website\benthic_datasets\mask_labels\reef_support\SEAVIEW_PAC_USA\images\38004019001.jpg
image,38004032001,38004032001.jpg,C:\Users\20231807\Documents\GitHub\Cap_coral_reefs\New_version_of_the_project\website\benthic_datasets\mask_labels\reef_support\SEAVIEW_PAC_USA\images\38004032001.jpg
image,38004043001,38004043001.jpg,C:\Users\20231807\Documents\GitHub\Cap_coral_reefs\New_version_of_the_project\website\benthic_datasets\mask_labels\reef_support\SEAVIEW_PAC_USA\images\38004043001.jpg
image,38004058101,38004058101.jpg,C:\Users\20231807\Documents\GitHub\Cap_coral_reefs\New_version_of_the_project\website\benthic_datasets\mask_labels\reef_support\SEAVIEW_PAC_USA\images\38004058101.jpg
image,38005111301,38005111301.jpg,C:\Users\20231807\Documents\GitHub\Cap_coral_reefs\New_version_of_the_project\website\benthic_datasets\mask_labels\reef_support\SEAVIEW_PAC_USA\images\38005111301.jpg
image,38005120201,38005120201.jpg,C:\Users\20231807\Documents\GitHub\Cap_coral_reefs\New_version_of_the_project\website\benthic_datasets\mask_labels\reef_support\SEAVIEW_PAC_USA\images\38005120201.jpg
image,38005155501,38005155501.jpg,C:\Users\20231807\Documents\GitHub\Cap_coral_reefs\New_version_of_the_project\website\benthic_datasets\mask_labels\reef_support\SEAVIEW_PAC_USA\images\38005155501.jpg
image,38006203001,38006203001.jpg,C:\Users\20231807\Documents\GitHub\Cap_coral_reefs\New_version_of_the_project\website\benthic_datasets\mask_labels\reef_support\SEAVIEW_PAC_USA\images\38006203001.jpg
image,38006203501,38006203501.jpg,C:\Users\20231807\Documents\GitHub\Cap_coral_reefs\New_version_of_the_project\website\benthic_datasets\mask_labels\reef_support\SEAVIEW_PAC_USA\images\38006203501.jpg
image,38006204101,38006204101.jpg,C:\Users\20231807\Documents\GitHub\Cap_coral_reefs\New_version_of_the_project\website\benthic_datasets\mask_labels\reef_support\SEAVIEW_PAC_USA\images\38006204101.jpg
image,38006204401,38006204401.jpg,C:\Users\20231807\Documents\GitHub\Cap_coral_reefs\New_version_of_the_project\website\benthic_datasets\mask_labels\reef_support\SEAVIEW_PAC_USA\images\38006204401.jpg
image,38006204601,38006204601.jpg,C:\Users\20231807\Documents\GitHub\Cap_coral_reefs\New_version_of_the_project\website\benthic_datasets\mask_labels\reef_support\SEAVIEW_PAC_USA\images\38006204601.jpg
image,38006204801,38006204801.jpg,C:\Users\20231807\Documents\GitHub\Cap_coral_reefs\New_version_of_the_project\website\benthic_datasets\mask_labels\reef_support\SEAVIEW_PAC_USA\images\38006204801.jpg
image,38006205101,38006205101.jpg,C:\Users\20231807\Documents\GitHub\Cap_coral_reefs\New_version_of_the_project\website\benthic_datasets\mask_labels\reef_support\SEAVIEW_PAC_USA\images\38006205101.jpg
image,38006205401,38006205401.jpg,C:\Users\20231807\Documents\GitHub\Cap_coral_reefs\New_version_of_the_project\website\benthic_datasets\mask_labels\reef_support\SEAVIEW_PAC_USA\images\38006205401.jpg
image,38006228901,38006228901.jpg,C:\Users\20231807\Documents\GitHub\Cap_coral_reefs\New_version_of_the_project\website\benthic_datasets\mask_labels\reef_support\SEAVIEW_PAC_USA\images\38006228901.jpg
image,38006240301,38006240301.jpg,C:\Users\20231807\Documents\GitHub\Cap_coral_reefs\New_version_of_the_project\website\benthic_datasets\mask_labels\reef_support\SEAVIEW_PAC_USA\images\38006240301.jpg
image,38006248501,38006248501.jpg,C:\Users\20231807\Documents\GitHub\Cap_coral_reefs\New_version_of_the_project\website\benthic_datasets\mask_labels\reef_support\SEAVIEW_PAC_USA\images\38006248501.jpg
image,38007053001,38007053001.jpg,C:\Users\20231807\Documents\GitHub\Cap_coral_reefs\New_version_of_the_project\website\benthic_datasets\mask_labels\reef_support\SEAVIEW_PAC_USA\images\38007053001.jpg
image,38007053201,38007053201.jpg,C:\Users\20231807\Documents\GitHub\Cap_coral_reefs\New_version_of_the_project\website\benthic_datasets\mask_labels\reef_support\SEAVIEW_PAC_USA\images\38007053201.jpg
image,38007081901,38007081901.jpg,C:\Users\20231807\Documents\GitHub\Cap_coral_reefs\New_version_of_the_project\website\benthic_datasets\mask_labels\reef_support\SEAVIEW_PAC_USA\images\38007081901.jpg
image,38008095701,38008095701.jpg,C:\Users\20231807\Documents\GitHub\Cap_coral_reefs\New_version_of_the_project\website\benthic_datasets\mask_labels\reef_support\SEAVIEW_PAC_USA\images\38008095701.jpg
image,38008103601,38008103601.jpg,C:\Users\20231807\Documents\GitHub\Cap_coral_reefs\New_version_of_the_project\website\benthic_datasets\mask_labels\reef_support\SEAVIEW_PAC_USA\images\38008103601.jpg
image,38008134901,38008134901.jpg,C:\Users\20231807\Documents\GitHub\Cap_coral_reefs\New_version_of_the_project\website\benthic_datasets\mask_labels\reef_support\SEAVIEW_PAC_USA\images\38008134901.jpg
image,38009080301,38009080301.jpg,C:\Users\20231807\Documents\GitHub\Cap_coral_reefs\New_version_of_the_project\website\benthic_datasets\mask_labels\reef_support\SEAVIEW_PAC_USA\images\38009080301.jpg
image,38011204701,38011204701.jpg,C:\Users\20231807\Documents\GitHub\Cap_coral_reefs\New_version_of_the_project\website\benthic_datasets\mask_labels\reef_support\SEAVIEW_PAC_USA\images\38011204701.jpg
image,38012002901,38012002901.jpg,C:\Users\20231807\Documents\GitHub\Cap_coral_reefs\New_version_of_the_project\website\benthic_datasets\mask_labels\reef_support\SEAVIEW_PAC_USA\images\38012002901.jpg
image,38012045001,38012045001.jpg,C:\Users\20231807\Documents\GitHub\Cap_coral_reefs\New_version_of_the_project\website\benthic_datasets\mask_labels\reef_support\SEAVIEW_PAC_USA\images\38012045001.jpg
image,38012046801,38012046801.jpg,C:\Users\20231807\Documents\GitHub\Cap_coral_reefs\New_version_of_the_project\website\benthic_datasets\mask_labels\reef_support\SEAVIEW_PAC_USA\images\38012046801.jpg
image,38014169801,38014169801.jpg,C:\Users\20231807\Documents\GitHub\Cap_coral_reefs\New_version_of_the_project\website\benthic_datasets\mask_labels\reef_support\SEAVIEW_PAC_USA\images\38014169801.jpg
image,38014226501,38014226501.jpg,C:\Users\20231807\Documents\GitHub\Cap_coral_reefs\New_version_of_the_project\website\benthic_datasets\mask_labels\reef_support\SEAVIEW_PAC_USA\images\38014226501.jpg
image,38016093601,38016093601.jpg,C:\Users\20231807\Documents\GitHub\Cap_coral_reefs\New_version_of_the_project\website\benthic_datasets\mask_labels\reef_support\SEAVIEW_PAC_USA\images\38016093601.jpg
image,38016093801,38016093801.jpg,C:\Users\20231807\Documents\GitHub\Cap_coral_reefs\New_version_of_the_project\website\benthic_datasets\mask_labels\reef_support\SEAVIEW_PAC_USA\images\38016093801.jpg
image,38016094401,38016094401.jpg,C:\Users\20231807\Documents\GitHub\Cap_coral_reefs\New_version_of_the_project\website\benthic_datasets\mask_labels\reef_support\SEAVIEW_PAC_USA\images\38016094401.jpg
image,38016094701,38016094701.jpg,C:\Users\20231807\Documents\GitHub\Cap_coral_reefs\New_version_of_the_project\website\benthic_datasets\mask_labels\reef_support\SEAVIEW_PAC_USA\images\38016094701.jpg
image,38016094901,38016094901.jpg,C:\Users\20231807\Documents\GitHub\Cap_coral_reefs\New_version_of_the_project\website\benthic_datasets\mask_labels\reef_support\SEAVIEW_PAC_USA\images\38016094901.jpg
image,38016095001,38016095001.jpg,C:\Users\20231807\Documents\GitHub\Cap_coral_reefs\New_version_of_the_project\website\benthic_datasets\mask_labels\reef_support\SEAVIEW_PAC_USA\images\38016095001.jpg
image,38016095201,38016095201.jpg,C:\Users\20231807\Documents\GitHub\Cap_coral_reefs\New_version_of_the_project\website\benthic_datasets\mask_labels\reef_support\SEAVIEW_PAC_USA\images\38016095201.jpg
image,38016095501,38016095501.jpg,C:\Users\20231807\Documents\GitHub\Cap_coral_reefs\New_version_of_the_project\website\benthic_datasets\mask_labels\reef_support\SEAVIEW_PAC_USA\images\38016095501.jpg
image,38016095901,38016095901.jpg,C:\Users\20231807\Documents\GitHub\Cap_coral_reefs\New_version_of_the_project\website\benthic_datasets\mask_labels\reef_support\SEAVIEW_PAC_USA\images\38016095901.jpg
image,38016096001,38016096001.jpg,C:\Users\20231807\Documents\GitHub\Cap_coral_reefs\New_version_of_the_project\website\benthic_datasets\mask_labels\reef_support\SEAVIEW_PAC_USA\images\38016096001.jpg
image,38016096301,38016096301.jpg,C:\Users\20231807\Documents\GitHub\Cap_coral_reefs\New_version_of_the_project\website\benthic_datasets\mask_labels\reef_support\SEAVIEW_PAC_USA\images\38016096301.jpg
image,38017144601,38017144601.jpg,C:\Users\20231807\Documents\GitHub\Cap_coral_reefs\New_version_of_the_project\website\benthic_datasets\mask_labels\reef_support\SEAVIEW_PAC_USA\images\38017144601.jpg
image,38018205701,38018205701.jpg,C:\Users\20231807\Documents\GitHub\Cap_coral_reefs\New_version_of_the_project\website\benthic_datasets\mask_labels\reef_support\SEAVIEW_PAC_USA\images\38018205701.jpg
image,38018245201,38018245201.jpg,C:\Users\20231807\Documents\GitHub\Cap_coral_reefs\New_version_of_the_project\website\benthic_datasets\mask_labels\reef_support\SEAVIEW_PAC_USA\images\38018245201.jpg
image,38020092201,38020092201.jpg,C:\Users\20231807\Documents\GitHub\Cap_coral_reefs\New_version_of_the_project\website\benthic_datasets\mask_labels\reef_support\SEAVIEW_PAC_USA\images\38020092201.jpg
image,38020158401,38020158401.jpg,C:\Users\20231807\Documents\GitHub\Cap_coral_reefs\New_version_of_the_project\website\benthic_datasets\mask_labels\reef_support\SEAVIEW_PAC_USA\images\38020158401.jpg
image,38021162001,38021162001.jpg,C:\Users\20231807\Documents\GitHub\Cap_coral_reefs\New_version_of_the_project\website\benthic_datasets\mask_labels\reef_support\SEAVIEW_PAC_USA\images\38021162001.jpg
image,38021164801,38021164801.jpg,C:\Users\20231807\Documents\GitHub\Cap_coral_reefs\New_version_of_the_project\website\benthic_datasets\mask_labels\reef_support\SEAVIEW_PAC_USA\images\38021164801.jpg
image,38022037601,38022037601.jpg,C:\Users\20231807\Documents\GitHub\Cap_coral_reefs\New_version_of_the_project\website\benthic_datasets\mask_labels\reef_support\SEAVIEW_PAC_USA\images\38022037601.jpg
image,38022070201,38022070201.jpg,C:\Users\20231807\Documents\GitHub\Cap_coral_reefs\New_version_of_the_project\website\benthic_datasets\mask_labels\reef_support\SEAVIEW_PAC_USA\images\38022070201.jpg
image,38025052801,38025052801.jpg,C:\Users\20231807\Documents\GitHub\Cap_coral_reefs\New_version_of_the_project\website\benthic_datasets\mask_labels\reef_support\SEAVIEW_PAC_USA\images\38025052801.jpg
image,38032192801,38032192801.jpg,C:\Users\20231807\Documents\GitHub\Cap_coral_reefs\New_version_of_the_project\website\benthic_datasets\mask_labels\reef_support\SEAVIEW_PAC_USA\images\38032192801.jpg
image,38032200901,38032200901.jpg,C:\Users\20231807\Documents\GitHub\Cap_coral_reefs\New_version_of_the_project\website\benthic_datasets\mask_labels\reef_support\SEAVIEW_PAC_USA\images\38032200901.jpg
image,38034014601,38034014601.jpg,C:\Users\20231807\Documents\GitHub\Cap_coral_reefs\New_version_of_the_project\website\benthic_datasets\mask_labels\reef_support\SEAVIEW_PAC_USA\images\38034014601.jpg
image,38038149801,38038149801.jpg,C:\Users\20231807\Documents\GitHub\Cap_coral_reefs\New_version_of_the_project\website\benthic_datasets\mask_labels\reef_support\SEAVIEW_PAC_USA\images\38038149801.jpg
image,38038151101,38038151101.jpg,C:\Users\20231807\Documents\GitHub\Cap_coral_reefs\New_version_of_the_project\website\benthic_datasets\mask_labels\reef_support\SEAVIEW_PAC_USA\images\38038151101.jpg
image,38040220701,38040220701.jpg,C:\Users\20231807\Documents\GitHub\Cap_coral_reefs\New_version_of_the_project\website\benthic_datasets\mask_labels\reef_support\SEAVIEW_PAC_USA\images\38040220701.jpg
image,38040237601,38040237601.jpg,C:\Users\20231807\Documents\GitHub\Cap_coral_reefs\New_version_of_the_project\website\benthic_datasets\mask_labels\reef_support\SEAVIEW_PAC_USA\images\38040237601.jpg
image,38041007202,38041007202.jpg,C:\Users\20231807\Documents\GitHub\Cap_coral_reefs\New_version_of_the_project\website\benthic_datasets\mask_labels\reef_support\SEAVIEW_PAC_USA\images\38041007202.jpg
image,38041007301,38041007301.jpg,C:\Users\20231807\Documents\GitHub\Cap_coral_reefs\New_version_of_the_project\website\benthic_datasets\mask_labels\reef_support\SEAVIEW_PAC_USA\images\38041007301.jpg
image,38041008901,38041008901.jpg,C:\Users\20231807\Documents\GitHub\Cap_coral_reefs\New_version_of_the_project\website\benthic_datasets\mask_labels\reef_support\SEAVIEW_PAC_USA\images\38041008901.jpg
image,38041009001,38041009001.jpg,C:\Users\20231807\Documents\GitHub\Cap_coral_reefs\New_version_of_the_project\website\benthic_datasets\mask_labels\reef_support\SEAVIEW_PAC_USA\images\38041009001.jpg
image,38041009201,38041009201.jpg,C:\Users\20231807\Documents\GitHub\Cap_coral_reefs\New_version_of_the_project\website\benthic_datasets\mask_labels\reef_support\SEAVIEW_PAC_USA\images\38041009201.jpg
image,38041031301,38041031301.jpg,C:\Users\20231807\Documents\GitHub\Cap_coral_reefs\New_version_of_the_project\website\benthic_datasets\mask_labels\reef_support\SEAVIEW_PAC_USA\images\38041031301.jpg
image,38041042801,38041042801.jpg,C:\Users\20231807\Documents\GitHub\Cap_coral_reefs\New_version_of_the_project\website\benthic_datasets\mask_labels\reef_support\SEAVIEW_PAC_USA\images\38041042801.jpg
image,38041054301,38041054301.jpg,C:\Users\20231807\Documents\GitHub\Cap_coral_reefs\New_version_of_the_project\website\benthic_datasets\mask_labels\reef_support\SEAVIEW_PAC_USA\images\38041054301.jpg
image,38042143401,38042143401.jpg,C:\Users\20231807\Documents\GitHub\Cap_coral_reefs\New_version_of_the_project\website\benthic_datasets\mask_labels\reef_support\SEAVIEW_PAC_USA\images\38042143401.jpg
image,38044022001,38044022001.jpg,C:\Users\20231807\Documents\GitHub\Cap_coral_reefs\New_version_of_the_project\website\benthic_datasets\mask_labels\reef_support\SEAVIEW_PAC_USA\images\38044022001.jpg
image,38044023801,38044023801.jpg,C:\Users\20231807\Documents\GitHub\Cap_coral_reefs\New_version_of_the_project\website\benthic_datasets\mask_labels\reef_support\SEAVIEW_PAC_USA\images\38044023801.jpg
image,38044024101,38044024101.jpg,C:\Users\20231807\Documents\GitHub\Cap_coral_reefs\New_version_of_the_project\website\benthic_datasets\mask_labels\reef_support\SEAVIEW_PAC_USA\images\38044024101.jpg
image,38045184301,38045184301.jpg,C:\Users\20231807\Documents\GitHub\Cap_coral_reefs\New_version_of_the_project\website\benthic_datasets\mask_labels\reef_support\SEAVIEW_PAC_USA\images\38045184301.jpg
image,44003233701,44003233701.jpg,C:\Users\20231807\Documents\GitHub\Cap_coral_reefs\New_version_of_the_project\website\benthic_datasets\mask_labels\reef_support\SEAVIEW_PAC_USA\images\44003233701.jpg
image,44003234001,44003234001.jpg,C:\Users\20231807\Documents\GitHub\Cap_coral_reefs\New_version_of_the_project\website\benthic_datasets\mask_labels\reef_support\SEAVIEW_PAC_USA\images\44003234001.jpg
image,44003234101,44003234101.jpg,C:\Users\20231807\Documents\GitHub\Cap_coral_reefs\New_version_of_the_project\website\benthic_datasets\mask_labels\reef_support\SEAVIEW_PAC_USA\images\44003234101.jpg
image,44003234301,44003234301.jpg,C:\Users\20231807\Documents\GitHub\Cap_coral_reefs\New_version_of_the_project\website\benthic_datasets\mask_labels\reef_support\SEAVIEW_PAC_USA\images\44003234301.jpg
image,44003234501,44003234501.jpg,C:\Users\20231807\Documents\GitHub\Cap_coral_reefs\New_version_of_the_project\website\benthic_datasets\mask_labels\reef_support\SEAVIEW_PAC_USA\images\44003234501.jpg
image,44003234601,44003234601.jpg,C:\Users\20231807\Documents\GitHub\Cap_coral_reefs\New_version_of_the_project\website\benthic_datasets\mask_labels\reef_support\SEAVIEW_PAC_USA\images\44003234601.jpg
image,44003235101,44003235101.jpg,C:\Users\20231807\Documents\GitHub\Cap_coral_reefs\New_version_of_the_project\website\benthic_datasets\mask_labels\reef_support\SEAVIEW_PAC_USA\images\44003235101.jpg
image,44003235301,44003235301.jpg,C:\Users\20231807\Documents\GitHub\Cap_coral_reefs\New_version_of_the_project\website\benthic_datasets\mask_labels\reef_support\SEAVIEW_PAC_USA\images\44003235301.jpg
image,44003235401,44003235401.jpg,C:\Users\20231807\Documents\GitHub\Cap_coral_reefs\New_version_of_the_project\website\benthic_datasets\mask_labels\reef_support\SEAVIEW_PAC_USA\images\44003235401.jpg
image,44003235601,44003235601.jpg,C:\Users\20231807\Documents\GitHub\Cap_coral_reefs\New_version_of_the_project\website\benthic_datasets\mask_labels\reef_support\SEAVIEW_PAC_USA\images\44003235601.jpg
image,44003235801,44003235801.jpg,C:\Users\20231807\Documents\GitHub\Cap_coral_reefs\New_version_of_the_project\website\benthic_datasets\mask_labels\reef_support\SEAVIEW_PAC_USA\images\44003235801.jpg
image,44003236201,44003236201.jpg,C:\Users\20231807\Documents\GitHub\Cap_coral_reefs\New_version_of_the_project\website\benthic_datasets\mask_labels\reef_support\SEAVIEW_PAC_USA\images\44003236201.jpg
image,44004049801,44004049801.jpg,C:\Users\20231807\Documents\GitHub\Cap_coral_reefs\New_version_of_the_project\website\benthic_datasets\mask_labels\reef_support\SEAVIEW_PAC_USA\images\44004049801.jpg
image,44004050001,44004050001.jpg,C:\Users\20231807\Documents\GitHub\Cap_coral_reefs\New_version_of_the_project\website\benthic_datasets\mask_labels\reef_support\SEAVIEW_PAC_USA\images\44004050001.jpg
image,44004050901,44004050901.jpg,C:\Users\20231807\Documents\GitHub\Cap_coral_reefs\New_version_of_the_project\website\benthic_datasets\mask_labels\reef_support\SEAVIEW_PAC_USA\images\44004050901.jpg
image,44004051001,44004051001.jpg,C:\Users\20231807\Documents\GitHub\Cap_coral_reefs\New_version_of_the_project\website\benthic_datasets\mask_labels\reef_support\SEAVIEW_PAC_USA\images\44004051001.jpg
image,44004052601,44004052601.jpg,C:\Users\20231807\Documents\GitHub\Cap_coral_reefs\New_version_of_the_project\website\benthic_datasets\mask_labels\reef_support\SEAVIEW_PAC_USA\images\44004052601.jpg
image,44009055001,44009055001.jpg,C:\Users\20231807\Documents\GitHub\Cap_coral_reefs\New_version_of_the_project\website\benthic_datasets\mask_labels\reef_support\SEAVIEW_PAC_USA\images\44009055001.jpg
image,44009055501,44009055501.jpg,C:\Users\20231807\Documents\GitHub\Cap_coral_reefs\New_version_of_the_project\website\benthic_datasets\mask_labels\reef_support\SEAVIEW_PAC_USA\images\44009055501.jpg
image,44009055701,44009055701.jpg,C:\Users\20231807\Documents\GitHub\Cap_coral_reefs\New_version_of_the_project\website\benthic_datasets\mask_labels\reef_support\SEAVIEW_PAC_USA\images\44009055701.jpg
image,44009056101,44009056101.jpg,C:\Users\20231807\Documents\GitHub\Cap_coral_reefs\New_version_of_the_project\website\benthic_datasets\mask_labels\reef_support\SEAVIEW_PAC_USA\images\44009056101.jpg
image,44009056301,44009056301.jpg,C:\Users\20231807\Documents\GitHub\Cap_coral_reefs\New_version_of_the_project\website\benthic_datasets\mask_labels\reef_support\SEAVIEW_PAC_USA\images\44009056301.jpg
image,44013029401,44013029401.jpg,C:\Users\20231807\Documents\GitHub\Cap_coral_reefs\New_version_of_the_project\website\benthic_datasets\mask_labels\reef_support\SEAVIEW_PAC_USA\images\44013029401.jpg
image,44013029801,44013029801.jpg,C:\Users\20231807\Documents\GitHub\Cap_coral_reefs\New_version_of_the_project\website\benthic_datasets\mask_labels\reef_support\SEAVIEW_PAC_USA\images\44013029801.jpg
image,44018248301,44018248301.jpg,C:\Users\20231807\Documents\GitHub\Cap_coral_reefs\New_version_of_the_project\website\benthic_datasets\mask_labels\reef_support\SEAVIEW_PAC_USA\images\44018248301.jpg
image,44018249901,44018249901.jpg,C:\Users\20231807\Documents\GitHub\Cap_coral_reefs\New_version_of_the_project\website\benthic_datasets\mask_labels\reef_support\SEAVIEW_PAC_USA\images\44018249901.jpg
image,44018250401,44018250401.jpg,C:\Users\20231807\Documents\GitHub\Cap_coral_reefs\New_version_of_the_project\website\benthic_datasets\mask_labels\reef_support\SEAVIEW_PAC_USA\images\44018250401.jpg
image,44018250601,44018250601.jpg,C:\Users\20231807\Documents\GitHub\Cap_coral_reefs\New_version_of_the_project\website\benthic_datasets\mask_labels\reef_support\SEAVIEW_PAC_USA\images\44018250601.jpg
image,44020133001,44020133001.jpg,C:\Users\20231807\Documents\GitHub\Cap_coral_reefs\New_version_of_the_project\website\benthic_datasets\mask_labels\reef_support\SEAVIEW_PAC_USA\images\44020133001.jpg
image,44020133101,44020133101.jpg,C:\Users\20231807\Documents\GitHub\Cap_coral_reefs\New_version_of_the_project\website\benthic_datasets\mask_labels\reef_support\SEAVIEW_PAC_USA\images\44020133101.jpg
image,44020133301,44020133301.jpg,C:\Users\20231807\Documents\GitHub\Cap_coral_reefs\New_version_of_the_project\website\benthic_datasets\mask_labels\reef_support\SEAVIEW_PAC_USA\images\44020133301.jpg
image,44020133501,44020133501.jpg,C:\Users\20231807\Documents\GitHub\Cap_coral_reefs\New_version_of_the_project\website\benthic_datasets\mask_labels\reef_support\SEAVIEW_PAC_USA\images\44020133501.jpg
image,44020134101,44020134101.jpg,C:\Users\20231807\Documents\GitHub\Cap_coral_reefs\New_version_of_the_project\website\benthic_datasets\mask_labels\reef_support\SEAVIEW_PAC_USA\images\44020134101.jpg
image,44020134301,44020134301.jpg,C:\Users\20231807\Documents\GitHub\Cap_coral_reefs\New_version_of_the_project\website\benthic_datasets\mask_labels\reef_support\SEAVIEW_PAC_USA\images\44020134301.jpg
image,44020134601,44020134601.jpg,C:\Users\20231807\Documents\GitHub\Cap_coral_reefs\New_version_of_the_project\website\benthic_datasets\mask_labels\reef_support\SEAVIEW_PAC_USA\images\44020134601.jpg
image,44020135601,44020135601.jpg,C:\Users\20231807\Documents\GitHub\Cap_coral_reefs\New_version_of_the_project\website\benthic_datasets\mask_labels\reef_support\SEAVIEW_PAC_USA\images\44020135601.jpg
image,44020135901,44020135901.jpg,C:\Users\20231807\Documents\GitHub\Cap_coral_reefs\New_version_of_the_project\website\benthic_datasets\mask_labels\reef_support\SEAVIEW_PAC_USA\images\44020135901.jpg
image,44026217201,44026217201.jpg,C:\Users\20231807\Documents\GitHub\Cap_coral_reefs\New_version_of_the_project\website\benthic_datasets\mask_labels\reef_support\SEAVIEW_PAC_USA\images\44026217201.jpg
image,44026217501,44026217501.jpg,C:\Users\20231807\Documents\GitHub\Cap_coral_reefs\New_version_of_the_project\website\benthic_datasets\mask_labels\reef_support\SEAVIEW_PAC_USA\images\44026217501.jpg
image,44026217701,44026217701.jpg,C:\Users\20231807\Documents\GitHub\Cap_coral_reefs\New_version_of_the_project\website\benthic_datasets\mask_labels\reef_support\SEAVIEW_PAC_USA\images\44026217701.jpg
image,44026218501,44026218501.jpg,C:\Users\20231807\Documents\GitHub\Cap_coral_reefs\New_version_of_the_project\website\benthic_datasets\mask_labels\reef_support\SEAVIEW_PAC_USA\images\44026218501.jpg
image,44026218801,44026218801.jpg,C:\Users\20231807\Documents\GitHub\Cap_coral_reefs\New_version_of_the_project\website\benthic_datasets\mask_labels\reef_support\SEAVIEW_PAC_USA\images\44026218801.jpg
image,44026219301,44026219301.jpg,C:\Users\20231807\Documents\GitHub\Cap_coral_reefs\New_version_of_the_project\website\benthic_datasets\mask_labels\reef_support\SEAVIEW_PAC_USA\images\44026219301.jpg
image,44027002301,44027002301.jpg,C:\Users\20231807\Documents\GitHub\Cap_coral_reefs\New_version_of_the_project\website\benthic_datasets\mask_labels\reef_support\SEAVIEW_PAC_USA\images\44027002301.jpg
image,44027002501,44027002501.jpg,C:\Users\20231807\Documents\GitHub\Cap_coral_reefs\New_version_of_the_project\website\benthic_datasets\mask_labels\reef_support\SEAVIEW_PAC_USA\images\44027002501.jpg
image,44027002601,44027002601.jpg,C:\Users\20231807\Documents\GitHub\Cap_coral_reefs\New_version_of_the_project\website\benthic_datasets\mask_labels\reef_support\SEAVIEW_PAC_USA\images\44027002601.jpg
image,44027002801,44027002801.jpg,C:\Users\20231807\Documents\GitHub\Cap_coral_reefs\New_version_of_the_project\website\benthic_datasets\mask_labels\reef_support\SEAVIEW_PAC_USA\images\44027002801.jpg
image,44027003101,44027003101.jpg,C:\Users\20231807\Documents\GitHub\Cap_coral_reefs\New_version_of_the_project\website\benthic_datasets\mask_labels\reef_support\SEAVIEW_PAC_USA\images\44027003101.jpg
image,44027003301,44027003301.jpg,C:\Users\20231807\Documents\GitHub\Cap_coral_reefs\New_version_of_the_project\website\benthic_datasets\mask_labels\reef_support\SEAVIEW_PAC_USA\images\44027003301.jpg
image,44027005001,44027005001.jpg,C:\Users\20231807\Documents\GitHub\Cap_coral_reefs\New_version_of_the_project\website\benthic_datasets\mask_labels\reef_support\SEAVIEW_PAC_USA\images\44027005001.jpg
image,44034008901,44034008901.jpg,C:\Users\20231807\Documents\GitHub\Cap_coral_reefs\New_version_of_the_project\website\benthic_datasets\mask_labels\reef_support\SEAVIEW_PAC_USA\images\44034008901.jpg
image,44034009001,44034009001.jpg,C:\Users\20231807\Documents\GitHub\Cap_coral_reefs\New_version_of_the_project\website\benthic_datasets\mask_labels\reef_support\SEAVIEW_PAC_USA\images\44034009001.jpg
image,44034009201,44034009201.jpg,C:\Users\20231807\Documents\GitHub\Cap_coral_reefs\New_version_of_the_project\website\benthic_datasets\mask_labels\reef_support\SEAVIEW_PAC_USA\images\44034009201.jpg
image,44034009901,44034009901.jpg,C:\Users\20231807\Documents\GitHub\Cap_coral_reefs\New_version_of_the_project\website\benthic_datasets\mask_labels\reef_support\SEAVIEW_PAC_USA\images\44034009901.jpg
mask,G0088299_mask,G0088299_mask.png,C:\Users\20231807\Documents\GitHub\Cap_coral_reefs\New_version_of_the_project\website\benthic_datasets\mask_labels\reef_support\TETES_PROVIDENCIA\masks_stitched\G0088299_mask.png
mask,G0088306_mask,G0088306_mask.png,C:\Users\20231807\Documents\GitHub\Cap_coral_reefs\New_version_of_the_project\website\benthic_datasets\mask_labels\reef_support\TETES_PROVIDENCIA\masks_stitched\G0088306_mask.png
mask,G0088418_mask,G0088418_mask.png,C:\Users\20231807\Documents\GitHub\Cap_coral_reefs\New_version_of_the_project\website\benthic_datasets\mask_labels\reef_support\TETES_PROVIDENCIA\masks_stitched\G0088418_mask.png
mask,G0088420_mask,G0088420_mask.png,C:\Users\20231807\Documents\GitHub\Cap_coral_reefs\New_version_of_the_project\website\benthic_datasets\mask_labels\reef_support\TETES_PROVIDENCIA\masks_stitched\G0088420_mask.png
mask,G0088423_mask,G0088423_mask.png,C:\Users\20231807\Documents\GitHub\Cap_coral_reefs\New_version_of_the_project\website\benthic_datasets\mask_labels\reef_support\TETES_PROVIDENCIA\masks_stitched\G0088423_mask.png
mask,G0088425_mask,G0088425_mask.png,C:\Users\20231807\Documents\GitHub\Cap_coral_reefs\New_version_of_the_project\website\benthic_datasets\mask_labels\reef_support\TETES_PROVIDENCIA\masks_stitched\G0088425_mask.png
mask,G0088426_mask,G0088426_mask.png,C:\Users\20231807\Documents\GitHub\Cap_coral_reefs\New_version_of_the_project\website\benthic_datasets\mask_labels\reef_support\TETES_PROVIDENCIA\masks_stitched\G0088426_mask.png
mask,G0088428_mask,G0088428_mask.png,C:\Users\20231807\Documents\GitHub\Cap_coral_reefs\New_version_of_the_project\website\benthic_datasets\mask_labels\reef_support\TETES_PROVIDENCIA\masks_stitched\G0088428_mask.png
mask,G0088429_mask,G0088429_mask.png,C:\Users\20231807\Documents\GitHub\Cap_coral_reefs\New_version_of_the_project\website\benthic_datasets\mask_labels\reef_support\TETES_PROVIDENCIA\masks_stitched\G0088429_mask.png
mask,G0088430_mask,G0088430_mask.png,C:\Users\20231807\Documents\GitHub\Cap_coral_reefs\New_version_of_the_project\website\benthic_datasets\mask_labels\reef_support\TETES_PROVIDENCIA\masks_stitched\G0088430_mask.png
mask,G0088431_mask,G0088431_mask.png,C:\Users\20231807\Documents\GitHub\Cap_coral_reefs\New_version_of_the_project\website\benthic_datasets\mask_labels\reef_support\TETES_PROVIDENCIA\masks_stitched\G0088431_mask.png
mask,G0088433_mask,G0088433_mask.png,C:\Users\20231807\Documents\GitHub\Cap_coral_reefs\New_version_of_the_project\website\benthic_datasets\mask_labels\reef_support\TETES_PROVIDENCIA\masks_stitched\G0088433_mask.png
mask,G0088436_mask,G0088436_mask.png,C:\Users\20231807\Documents\GitHub\Cap_coral_reefs\New_version_of_the_project\website\benthic_datasets\mask_labels\reef_support\TETES_PROVIDENCIA\masks_stitched\G0088436_mask.png
mask,G0088439_mask,G0088439_mask.png,C:\Users\20231807\Documents\GitHub\Cap_coral_reefs\New_version_of_the_project\website\benthic_datasets\mask_labels\reef_support\TETES_PROVIDENCIA\masks_stitched\G0088439_mask.png
mask,G0088441_mask,G0088441_mask.png,C:\Users\20231807\Documents\GitHub\Cap_coral_reefs\New_version_of_the_project\website\benthic_datasets\mask_labels\reef_support\TETES_PROVIDENCIA\masks_stitched\G0088441_mask.png
mask,G0088444_mask,G0088444_mask.png,C:\Users\20231807\Documents\GitHub\Cap_coral_reefs\New_version_of_the_project\website\benthic_datasets\mask_labels\reef_support\TETES_PROVIDENCIA\masks_stitched\G0088444_mask.png
mask,G0088446_mask,G0088446_mask.png,C:\Users\20231807\Documents\GitHub\Cap_coral_reefs\New_version_of_the_project\website\benthic_datasets\mask_labels\reef_support\TETES_PROVIDENCIA\masks_stitched\G0088446_mask.png
mask,G0088447_mask,G0088447_mask.png,C:\Users\20231807\Documents\GitHub\Cap_coral_reefs\New_version_of_the_project\website\benthic_datasets\mask_labels\reef_support\TETES_PROVIDENCIA\masks_stitched\G0088447_mask.png
mask,G0088449_mask,G0088449_mask.png,C:\Users\20231807\Documents\GitHub\Cap_coral_reefs\New_version_of_the_project\website\benthic_datasets\mask_labels\reef_support\TETES_PROVIDENCIA\masks_stitched\G0088449_mask.png
mask,G0088451_mask,G0088451_mask.png,C:\Users\20231807\Documents\GitHub\Cap_coral_reefs\New_version_of_the_project\website\benthic_datasets\mask_labels\reef_support\TETES_PROVIDENCIA\masks_stitched\G0088451_mask.png
mask,G0088452_mask,G0088452_mask.png,C:\Users\20231807\Documents\GitHub\Cap_coral_reefs\New_version_of_the_project\website\benthic_datasets\mask_labels\reef_support\TETES_PROVIDENCIA\masks_stitched\G0088452_mask.png
mask,G0088454_mask,G0088454_mask.png,C:\Users\20231807\Documents\GitHub\Cap_coral_reefs\New_version_of_the_project\website\benthic_datasets\mask_labels\reef_support\TETES_PROVIDENCIA\masks_stitched\G0088454_mask.png
mask,G0088457_mask,G0088457_mask.png,C:\Users\20231807\Documents\GitHub\Cap_coral_reefs\New_version_of_the_project\website\benthic_datasets\mask_labels\reef_support\TETES_PROVIDENCIA\masks_stitched\G0088457_mask.png
mask,G0088462_mask,G0088462_mask.png,C:\Users\20231807\Documents\GitHub\Cap_coral_reefs\New_version_of_the_project\website\benthic_datasets\mask_labels\reef_support\TETES_PROVIDENCIA\masks_stitched\G0088462_mask.png
mask,G0088465_mask,G0088465_mask.png,C:\Users\20231807\Documents\GitHub\Cap_coral_reefs\New_version_of_the_project\website\benthic_datasets\mask_labels\reef_support\TETES_PROVIDENCIA\masks_stitched\G0088465_mask.png
mask,G0088467_mask,G0088467_mask.png,C:\Users\20231807\Documents\GitHub\Cap_coral_reefs\New_version_of_the_project\website\benthic_datasets\mask_labels\reef_support\TETES_PROVIDENCIA\masks_stitched\G0088467_mask.png
mask,G0088470_mask,G0088470_mask.png,C:\Users\20231807\Documents\GitHub\Cap_coral_reefs\New_version_of_the_project\website\benthic_datasets\mask_labels\reef_support\TETES_PROVIDENCIA\masks_stitched\G0088470_mask.png
mask,G0088472_mask,G0088472_mask.png,C:\Users\20231807\Documents\GitHub\Cap_coral_reefs\New_version_of_the_project\website\benthic_datasets\mask_labels\reef_support\TETES_PROVIDENCIA\masks_stitched\G0088472_mask.png
mask,G0088473_mask,G0088473_mask.png,C:\Users\20231807\Documents\GitHub\Cap_coral_reefs\New_version_of_the_project\website\benthic_datasets\mask_labels\reef_support\TETES_PROVIDENCIA\masks_stitched\G0088473_mask.png
mask,G0088475_mask,G0088475_mask.png,C:\Users\20231807\Documents\GitHub\Cap_coral_reefs\New_version_of_the_project\website\benthic_datasets\mask_labels\reef_support\TETES_PROVIDENCIA\masks_stitched\G0088475_mask.png
mask,G0088478_mask,G0088478_mask.png,C:\Users\20231807\Documents\GitHub\Cap_coral_reefs\New_version_of_the_project\website\benthic_datasets\mask_labels\reef_support\TETES_PROVIDENCIA\masks_stitched\G0088478_mask.png
mask,G0088480_mask,G0088480_mask.png,C:\Users\20231807\Documents\GitHub\Cap_coral_reefs\New_version_of_the_project\website\benthic_datasets\mask_labels\reef_support\TETES_PROVIDENCIA\masks_stitched\G0088480_mask.png
mask,G0088483_mask,G0088483_mask.png,C:\Users\20231807\Documents\GitHub\Cap_coral_reefs\New_version_of_the_project\website\benthic_datasets\mask_labels\reef_support\TETES_PROVIDENCIA\masks_stitched\G0088483_mask.png
mask,G0088486_mask,G0088486_mask.png,C:\Users\20231807\Documents\GitHub\Cap_coral_reefs\New_version_of_the_project\website\benthic_datasets\mask_labels\reef_support\TETES_PROVIDENCIA\masks_stitched\G0088486_mask.png
mask,G0088488_mask,G0088488_mask.png,C:\Users\20231807\Documents\GitHub\Cap_coral_reefs\New_version_of_the_project\website\benthic_datasets\mask_labels\reef_support\TETES_PROVIDENCIA\masks_stitched\G0088488_mask.png
mask,G0088489_mask,G0088489_mask.png,C:\Users\20231807\Documents\GitHub\Cap_coral_reefs\New_version_of_the_project\website\benthic_datasets\mask_labels\reef_support\TETES_PROVIDENCIA\masks_stitched\G0088489_mask.png
mask,G0088490_mask,G0088490_mask.png,C:\Users\20231807\Documents\GitHub\Cap_coral_reefs\New_version_of_the_project\website\benthic_datasets\mask_labels\reef_support\TETES_PROVIDENCIA\masks_stitched\G0088490_mask.png
mask,G0088491_mask,G0088491_mask.png,C:\Users\20231807\Documents\GitHub\Cap_coral_reefs\New_version_of_the_project\website\benthic_datasets\mask_labels\reef_support\TETES_PROVIDENCIA\masks_stitched\G0088491_mask.png
mask,G0088493_mask,G0088493_mask.png,C:\Users\20231807\Documents\GitHub\Cap_coral_reefs\New_version_of_the_project\website\benthic_datasets\mask_labels\reef_support\TETES_PROVIDENCIA\masks_stitched\G0088493_mask.png
mask,G0088494_mask,G0088494_mask.png,C:\Users\20231807\Documents\GitHub\Cap_coral_reefs\New_version_of_the_project\website\benthic_datasets\mask_labels\reef_support\TETES_PROVIDENCIA\masks_stitched\G0088494_mask.png
mask,G0088496_mask,G0088496_mask.png,C:\Users\20231807\Documents\GitHub\Cap_coral_reefs\New_version_of_the_project\website\benthic_datasets\mask_labels\reef_support\TETES_PROVIDENCIA\masks_stitched\G0088496_mask.png
mask,G0088499_mask,G0088499_mask.png,C:\Users\20231807\Documents\GitHub\Cap_coral_reefs\New_version_of_the_project\website\benthic_datasets\mask_labels\reef_support\TETES_PROVIDENCIA\masks_stitched\G0088499_mask.png
mask,G0088500_mask,G0088500_mask.png,C:\Users\20231807\Documents\GitHub\Cap_coral_reefs\New_version_of_the_project\website\benthic_datasets\mask_labels\reef_support\TETES_PROVIDENCIA\masks_stitched\G0088500_mask.png
mask,G0088503_mask,G0088503_mask.png,C:\Users\20231807\Documents\GitHub\Cap_coral_reefs\New_version_of_the_project\website\benthic_datasets\mask_labels\reef_support\TETES_PROVIDENCIA\masks_stitched\G0088503_mask.png
mask,G0088506_mask,G0088506_mask.png,C:\Users\20231807\Documents\GitHub\Cap_coral_reefs\New_version_of_the_project\website\benthic_datasets\mask_labels\reef_support\TETES_PROVIDENCIA\masks_stitched\G0088506_mask.png
mask,G0088509_mask,G0088509_mask.png,C:\Users\20231807\Documents\GitHub\Cap_coral_reefs\New_version_of_the_project\website\benthic_datasets\mask_labels\reef_support\TETES_PROVIDENCIA\masks_stitched\G0088509_mask.png
mask,G0088511_mask,G0088511_mask.png,C:\Users\20231807\Documents\GitHub\Cap_coral_reefs\New_version_of_the_project\website\benthic_datasets\mask_labels\reef_support\TETES_PROVIDENCIA\masks_stitched\G0088511_mask.png
mask,G0088513_mask,G0088513_mask.png,C:\Users\20231807\Documents\GitHub\Cap_coral_reefs\New_version_of_the_project\website\benthic_datasets\mask_labels\reef_support\TETES_PROVIDENCIA\masks_stitched\G0088513_mask.png
mask,G0088514_mask,G0088514_mask.png,C:\Users\20231807\Documents\GitHub\Cap_coral_reefs\New_version_of_the_project\website\benthic_datasets\mask_labels\reef_support\TETES_PROVIDENCIA\masks_stitched\G0088514_mask.png
mask,G0088516_mask,G0088516_mask.png,C:\Users\20231807\Documents\GitHub\Cap_coral_reefs\New_version_of_the_project\website\benthic_datasets\mask_labels\reef_support\TETES_PROVIDENCIA\masks_stitched\G0088516_mask.png
mask,G0088517_mask,G0088517_mask.png,C:\Users\20231807\Documents\GitHub\Cap_coral_reefs\New_version_of_the_project\website\benthic_datasets\mask_labels\reef_support\TETES_PROVIDENCIA\masks_stitched\G0088517_mask.png
mask,G0088519_mask,G0088519_mask.png,C:\Users\20231807\Documents\GitHub\Cap_coral_reefs\New_version_of_the_project\website\benthic_datasets\mask_labels\reef_support\TETES_PROVIDENCIA\masks_stitched\G0088519_mask.png
mask,G0088521_mask,G0088521_mask.png,C:\Users\20231807\Documents\GitHub\Cap_coral_reefs\New_version_of_the_project\website\benthic_datasets\mask_labels\reef_support\TETES_PROVIDENCIA\masks_stitched\G0088521_mask.png
image,G0088306,G0088306.JPG,C:\Users\20231807\Documents\GitHub\Cap_coral_reefs\New_version_of_the_project\website\benthic_datasets\mask_labels\reef_support\TETES_PROVIDENCIA\images\G0088306.JPG
image,G0088419,G0088419.JPG,C:\Users\20231807\Documents\GitHub\Cap_coral_reefs\New_version_of_the_project\website\benthic_datasets\mask_labels\reef_support\TETES_PROVIDENCIA\images\G0088419.JPG
image,G0088422,G0088422.JPG,C:\Users\20231807\Documents\GitHub\Cap_coral_reefs\New_version_of_the_project\website\benthic_datasets\mask_labels\reef_support\TETES_PROVIDENCIA\images\G0088422.JPG
image,G0088424,G0088424.JPG,C:\Users\20231807\Documents\GitHub\Cap_coral_reefs\New_version_of_the_project\website\benthic_datasets\mask_labels\reef_support\TETES_PROVIDENCIA\images\G0088424.JPG
image,G0088426,G0088426.JPG,C:\Users\20231807\Documents\GitHub\Cap_coral_reefs\New_version_of_the_project\website\benthic_datasets\mask_labels\reef_support\TETES_PROVIDENCIA\images\G0088426.JPG
image,G0088427,G0088427.JPG,C:\Users\20231807\Documents\GitHub\Cap_coral_reefs\New_version_of_the_project\website\benthic_datasets\mask_labels\reef_support\TETES_PROVIDENCIA\images\G0088427.JPG
image,G0088429,G0088429.JPG,C:\Users\20231807\Documents\GitHub\Cap_coral_reefs\New_version_of_the_project\website\benthic_datasets\mask_labels\reef_support\TETES_PROVIDENCIA\images\G0088429.JPG
image,G0088431,G0088431.JPG,C:\Users\20231807\Documents\GitHub\Cap_coral_reefs\New_version_of_the_project\website\benthic_datasets\mask_labels\reef_support\TETES_PROVIDENCIA\images\G0088431.JPG
image,G0088432,G0088432.JPG,C:\Users\20231807\Documents\GitHub\Cap_coral_reefs\New_version_of_the_project\website\benthic_datasets\mask_labels\reef_support\TETES_PROVIDENCIA\images\G0088432.JPG
image,G0088434,G0088434.JPG,C:\Users\20231807\Documents\GitHub\Cap_coral_reefs\New_version_of_the_project\website\benthic_datasets\mask_labels\reef_support\TETES_PROVIDENCIA\images\G0088434.JPG
image,G0088436,G0088436.JPG,C:\Users\20231807\Documents\GitHub\Cap_coral_reefs\New_version_of_the_project\website\benthic_datasets\mask_labels\reef_support\TETES_PROVIDENCIA\images\G0088436.JPG
image,G0088438,G0088438.JPG,C:\Users\20231807\Documents\GitHub\Cap_coral_reefs\New_version_of_the_project\website\benthic_datasets\mask_labels\reef_support\TETES_PROVIDENCIA\images\G0088438.JPG
image,G0088439,G0088439.JPG,C:\Users\20231807\Documents\GitHub\Cap_coral_reefs\New_version_of_the_project\website\benthic_datasets\mask_labels\reef_support\TETES_PROVIDENCIA\images\G0088439.JPG
image,G0088441,G0088441.JPG,C:\Users\20231807\Documents\GitHub\Cap_coral_reefs\New_version_of_the_project\website\benthic_datasets\mask_labels\reef_support\TETES_PROVIDENCIA\images\G0088441.JPG
image,G0088443,G0088443.JPG,C:\Users\20231807\Documents\GitHub\Cap_coral_reefs\New_version_of_the_project\website\benthic_datasets\mask_labels\reef_support\TETES_PROVIDENCIA\images\G0088443.JPG
image,G0088444,G0088444.JPG,C:\Users\20231807\Documents\GitHub\Cap_coral_reefs\New_version_of_the_project\website\benthic_datasets\mask_labels\reef_support\TETES_PROVIDENCIA\images\G0088444.JPG
image,G0088446,G0088446.JPG,C:\Users\20231807\Documents\GitHub\Cap_coral_reefs\New_version_of_the_project\website\benthic_datasets\mask_labels\reef_support\TETES_PROVIDENCIA\images\G0088446.JPG
image,G0088448,G0088448.JPG,C:\Users\20231807\Documents\GitHub\Cap_coral_reefs\New_version_of_the_project\website\benthic_datasets\mask_labels\reef_support\TETES_PROVIDENCIA\images\G0088448.JPG
image,G0088451,G0088451.JPG,C:\Users\20231807\Documents\GitHub\Cap_coral_reefs\New_version_of_the_project\website\benthic_datasets\mask_labels\reef_support\TETES_PROVIDENCIA\images\G0088451.JPG
image,G0088453,G0088453.JPG,C:\Users\20231807\Documents\GitHub\Cap_coral_reefs\New_version_of_the_project\website\benthic_datasets\mask_labels\reef_support\TETES_PROVIDENCIA\images\G0088453.JPG
image,G0088456,G0088456.JPG,C:\Users\20231807\Documents\GitHub\Cap_coral_reefs\New_version_of_the_project\website\benthic_datasets\mask_labels\reef_support\TETES_PROVIDENCIA\images\G0088456.JPG
image,G0088458,G0088458.JPG,C:\Users\20231807\Documents\GitHub\Cap_coral_reefs\New_version_of_the_project\website\benthic_datasets\mask_labels\reef_support\TETES_PROVIDENCIA\images\G0088458.JPG
image,G0088461,G0088461.JPG,C:\Users\20231807\Documents\GitHub\Cap_coral_reefs\New_version_of_the_project\website\benthic_datasets\mask_labels\reef_support\TETES_PROVIDENCIA\images\G0088461.JPG
image,G0088463,G0088463.JPG,C:\Users\20231807\Documents\GitHub\Cap_coral_reefs\New_version_of_the_project\website\benthic_datasets\mask_labels\reef_support\TETES_PROVIDENCIA\images\G0088463.JPG
image,G0088465,G0088465.JPG,C:\Users\20231807\Documents\GitHub\Cap_coral_reefs\New_version_of_the_project\website\benthic_datasets\mask_labels\reef_support\TETES_PROVIDENCIA\images\G0088465.JPG
image,G0088470,G0088470.JPG,C:\Users\20231807\Documents\GitHub\Cap_coral_reefs\New_version_of_the_project\website\benthic_datasets\mask_labels\reef_support\TETES_PROVIDENCIA\images\G0088470.JPG
image,G0088473,G0088473.JPG,C:\Users\20231807\Documents\GitHub\Cap_coral_reefs\New_version_of_the_project\website\benthic_datasets\mask_labels\reef_support\TETES_PROVIDENCIA\images\G0088473.JPG
image,G0088475,G0088475.JPG,C:\Users\20231807\Documents\GitHub\Cap_coral_reefs\New_version_of_the_project\website\benthic_datasets\mask_labels\reef_support\TETES_PROVIDENCIA\images\G0088475.JPG
image,G0088477,G0088477.JPG,C:\Users\20231807\Documents\GitHub\Cap_coral_reefs\New_version_of_the_project\website\benthic_datasets\mask_labels\reef_support\TETES_PROVIDENCIA\images\G0088477.JPG
image,G0088478,G0088478.JPG,C:\Users\20231807\Documents\GitHub\Cap_coral_reefs\New_version_of_the_project\website\benthic_datasets\mask_labels\reef_support\TETES_PROVIDENCIA\images\G0088478.JPG
image,G0088480,G0088480.JPG,C:\Users\20231807\Documents\GitHub\Cap_coral_reefs\New_version_of_the_project\website\benthic_datasets\mask_labels\reef_support\TETES_PROVIDENCIA\images\G0088480.JPG
image,G0088483,G0088483.JPG,C:\Users\20231807\Documents\GitHub\Cap_coral_reefs\New_version_of_the_project\website\benthic_datasets\mask_labels\reef_support\TETES_PROVIDENCIA\images\G0088483.JPG
image,G0088485,G0088485.JPG,C:\Users\20231807\Documents\GitHub\Cap_coral_reefs\New_version_of_the_project\website\benthic_datasets\mask_labels\reef_support\TETES_PROVIDENCIA\images\G0088485.JPG
image,G0088487,G0088487.JPG,C:\Users\20231807\Documents\GitHub\Cap_coral_reefs\New_version_of_the_project\website\benthic_datasets\mask_labels\reef_support\TETES_PROVIDENCIA\images\G0088487.JPG
image,G0088489,G0088489.JPG,C:\Users\20231807\Documents\GitHub\Cap_coral_reefs\New_version_of_the_project\website\benthic_datasets\mask_labels\reef_support\TETES_PROVIDENCIA\images\G0088489.JPG
image,G0088490,G0088490.JPG,C:\Users\20231807\Documents\GitHub\Cap_coral_reefs\New_version_of_the_project\website\benthic_datasets\mask_labels\reef_support\TETES_PROVIDENCIA\images\G0088490.JPG
image,G0088492,G0088492.JPG,C:\Users\20231807\Documents\GitHub\Cap_coral_reefs\New_version_of_the_project\website\benthic_datasets\mask_labels\reef_support\TETES_PROVIDENCIA\images\G0088492.JPG
image,G0088494,G0088494.JPG,C:\Users\20231807\Documents\GitHub\Cap_coral_reefs\New_version_of_the_project\website\benthic_datasets\mask_labels\reef_support\TETES_PROVIDENCIA\images\G0088494.JPG
image,G0088495,G0088495.JPG,C:\Users\20231807\Documents\GitHub\Cap_coral_reefs\New_version_of_the_project\website\benthic_datasets\mask_labels\reef_support\TETES_PROVIDENCIA\images\G0088495.JPG
image,G0088497,G0088497.JPG,C:\Users\20231807\Documents\GitHub\Cap_coral_reefs\New_version_of_the_project\website\benthic_datasets\mask_labels\reef_support\TETES_PROVIDENCIA\images\G0088497.JPG
image,G0088499,G0088499.JPG,C:\Users\20231807\Documents\GitHub\Cap_coral_reefs\New_version_of_the_project\website\benthic_datasets\mask_labels\reef_support\TETES_PROVIDENCIA\images\G0088499.JPG
image,G0088501,G0088501.JPG,C:\Users\20231807\Documents\GitHub\Cap_coral_reefs\New_version_of_the_project\website\benthic_datasets\mask_labels\reef_support\TETES_PROVIDENCIA\images\G0088501.JPG
image,G0088503,G0088503.JPG,C:\Users\20231807\Documents\GitHub\Cap_coral_reefs\New_version_of_the_project\website\benthic_datasets\mask_labels\reef_support\TETES_PROVIDENCIA\images\G0088503.JPG
image,G0088505,G0088505.JPG,C:\Users\20231807\Documents\GitHub\Cap_coral_reefs\New_version_of_the_project\website\benthic_datasets\mask_labels\reef_support\TETES_PROVIDENCIA\images\G0088505.JPG
image,G0088506,G0088506.JPG,C:\Users\20231807\Documents\GitHub\Cap_coral_reefs\New_version_of_the_project\website\benthic_datasets\mask_labels\reef_support\TETES_PROVIDENCIA\images\G0088506.JPG
image,G0088508,G0088508.JPG,C:\Users\20231807\Documents\GitHub\Cap_coral_reefs\New_version_of_the_project\website\benthic_datasets\mask_labels\reef_support\TETES_PROVIDENCIA\images\G0088508.JPG
image,G0088510,G0088510.JPG,C:\Users\20231807\Documents\GitHub\Cap_coral_reefs\New_version_of_the_project\website\benthic_datasets\mask_labels\reef_support\TETES_PROVIDENCIA\images\G0088510.JPG
image,G0088511,G0088511.JPG,C:\Users\20231807\Documents\GitHub\Cap_coral_reefs\New_version_of_the_project\website\benthic_datasets\mask_labels\reef_support\TETES_PROVIDENCIA\images\G0088511.JPG
image,G0088513,G0088513.JPG,C:\Users\20231807\Documents\GitHub\Cap_coral_reefs\New_version_of_the_project\website\benthic_datasets\mask_labels\reef_support\TETES_PROVIDENCIA\images\G0088513.JPG
image,G0088518,G0088518.JPG,C:\Users\20231807\Documents\GitHub\Cap_coral_reefs\New_version_of_the_project\website\benthic_datasets\mask_labels\reef_support\TETES_PROVIDENCIA\images\G0088518.JPG
image,G0088520,G0088520.JPG,C:\Users\20231807\Documents\GitHub\Cap_coral_reefs\New_version_of_the_project\website\benthic_datasets\mask_labels\reef_support\TETES_PROVIDENCIA\images\G0088520.JPG
mask,C10_BC_PM_T1_29nov24_CDaza_corr_mask,C10_BC_PM_T1_29nov24_CDaza_corr_mask.png,C:\Users\20231807\Documents\GitHub\Cap_coral_reefs\New_version_of_the_project\website\benthic_datasets\mask_labels\reef_support\UNAL_BLEACHING_TAYRONA\masks_stitched\C10_BC_PM_T1_29nov24_CDaza_corr_mask.png
mask,C10_BC_PM_T2_29nov24_CDaza_corr_mask,C10_BC_PM_T2_29nov24_CDaza_corr_mask.png,C:\Users\20231807\Documents\GitHub\Cap_coral_reefs\New_version_of_the_project\website\benthic_datasets\mask_labels\reef_support\UNAL_BLEACHING_TAYRONA\masks_stitched\C10_BC_PM_T2_29nov24_CDaza_corr_mask.png
mask,C10_BC_PM_T3_29nov24_CDaza_corr_mask,C10_BC_PM_T3_29nov24_CDaza_corr_mask.png,C:\Users\20231807\Documents\GitHub\Cap_coral_reefs\New_version_of_the_project\website\benthic_datasets\mask_labels\reef_support\UNAL_BLEACHING_TAYRONA\masks_stitched\C10_BC_PM_T3_29nov24_CDaza_corr_mask.png
mask,C10_BC_PP_T1_29nov24_HBenavides_corr_mask,C10_BC_PP_T1_29nov24_HBenavides_corr_mask.png,C:\Users\20231807\Documents\GitHub\Cap_coral_reefs\New_version_of_the_project\website\benthic_datasets\mask_labels\reef_support\UNAL_BLEACHING_TAYRONA\masks_stitched\C10_BC_PP_T1_29nov24_HBenavides_corr_mask.png
mask,C10_BC_PP_T2_29nov24_HBenavides_corr_mask,C10_BC_PP_T2_29nov24_HBenavides_corr_mask.png,C:\Users\20231807\Documents\GitHub\Cap_coral_reefs\New_version_of_the_project\website\benthic_datasets\mask_labels\reef_support\UNAL_BLEACHING_TAYRONA\masks_stitched\C10_BC_PP_T2_29nov24_HBenavides_corr_mask.png
mask,C10_BC_PP_T3_29nov24_HBenavides_corr_mask,C10_BC_PP_T3_29nov24_HBenavides_corr_mask.png,C:\Users\20231807\Documents\GitHub\Cap_coral_reefs\New_version_of_the_project\website\benthic_datasets\mask_labels\reef_support\UNAL_BLEACHING_TAYRONA\masks_stitched\C10_BC_PP_T3_29nov24_HBenavides_corr_mask.png
mask,C10_BC_PSb_T1_29nov24_HBenavides_corr_mask,C10_BC_PSb_T1_29nov24_HBenavides_corr_mask.png,C:\Users\20231807\Documents\GitHub\Cap_coral_reefs\New_version_of_the_project\website\benthic_datasets\mask_labels\reef_support\UNAL_BLEACHING_TAYRONA\masks_stitched\C10_BC_PSb_T1_29nov24_HBenavides_corr_mask.png
mask,C10_BC_PSb_T2_29nov24_HBenavides_corr_mask,C10_BC_PSb_T2_29nov24_HBenavides_corr_mask.png,C:\Users\20231807\Documents\GitHub\Cap_coral_reefs\New_version_of_the_project\website\benthic_datasets\mask_labels\reef_support\UNAL_BLEACHING_TAYRONA\masks_stitched\C10_BC_PSb_T2_29nov24_HBenavides_corr_mask.png
mask,C10_Gr_PM_T1_30nov24_CGomez_corr_mask,C10_Gr_PM_T1_30nov24_CGomez_corr_mask.png,C:\Users\20231807\Documents\GitHub\Cap_coral_reefs\New_version_of_the_project\website\benthic_datasets\mask_labels\reef_support\UNAL_BLEACHING_TAYRONA\masks_stitched\C10_Gr_PM_T1_30nov24_CGomez_corr_mask.png
mask,C10_Gr_PM_T2_30nov24_CGomez_corr_mask,C10_Gr_PM_T2_30nov24_CGomez_corr_mask.png,C:\Users\20231807\Documents\GitHub\Cap_coral_reefs\New_version_of_the_project\website\benthic_datasets\mask_labels\reef_support\UNAL_BLEACHING_TAYRONA\masks_stitched\C10_Gr_PM_T2_30nov24_CGomez_corr_mask.png
mask,C10_Gr_PM_T3_30nov24_CGomez_corr_mask,C10_Gr_PM_T3_30nov24_CGomez_corr_mask.png,C:\Users\20231807\Documents\GitHub\Cap_coral_reefs\New_version_of_the_project\website\benthic_datasets\mask_labels\reef_support\UNAL_BLEACHING_TAYRONA\masks_stitched\C10_Gr_PM_T3_30nov24_CGomez_corr_mask.png
mask,C10_Gr_PP_T1_30nov24_HBenavides_corr_mask,C10_Gr_PP_T1_30nov24_HBenavides_corr_mask.png,C:\Users\20231807\Documents\GitHub\Cap_coral_reefs\New_version_of_the_project\website\benthic_datasets\mask_labels\reef_support\UNAL_BLEACHING_TAYRONA\masks_stitched\C10_Gr_PP_T1_30nov24_HBenavides_corr_mask.png
mask,C10_Gr_PP_T2_30nov24_HBenavides_corr_mask,C10_Gr_PP_T2_30nov24_HBenavides_corr_mask.png,C:\Users\20231807\Documents\GitHub\Cap_coral_reefs\New_version_of_the_project\website\benthic_datasets\mask_labels\reef_support\UNAL_BLEACHING_TAYRONA\masks_stitched\C10_Gr_PP_T2_30nov24_HBenavides_corr_mask.png
mask,C10_Gr_PP_T3_30nov24_HBenavides_corr_mask,C10_Gr_PP_T3_30nov24_HBenavides_corr_mask.png,C:\Users\20231807\Documents\GitHub\Cap_coral_reefs\New_version_of_the_project\website\benthic_datasets\mask_labels\reef_support\UNAL_BLEACHING_TAYRONA\masks_stitched\C10_Gr_PP_T3_30nov24_HBenavides_corr_mask.png
mask,C10_Gr_PSa_T1_30nov24_CDaza_corr_mask,C10_Gr_PSa_T1_30nov24_CDaza_corr_mask.png,C:\Users\20231807\Documents\GitHub\Cap_coral_reefs\New_version_of_the_project\website\benthic_datasets\mask_labels\reef_support\UNAL_BLEACHING_TAYRONA\masks_stitched\C10_Gr_PSa_T1_30nov24_CDaza_corr_mask.png
mask,C10_Gr_PSa_T2_30nov24_CDaza_corr_mask,C10_Gr_PSa_T2_30nov24_CDaza_corr_mask.png,C:\Users\20231807\Documents\GitHub\Cap_coral_reefs\New_version_of_the_project\website\benthic_datasets\mask_labels\reef_support\UNAL_BLEACHING_TAYRONA\masks_stitched\C10_Gr_PSa_T2_30nov24_CDaza_corr_mask.png
mask,C10_Gr_PSa_T3_30nov24_CDaza_corr_mask,C10_Gr_PSa_T3_30nov24_CDaza_corr_mask.png,C:\Users\20231807\Documents\GitHub\Cap_coral_reefs\New_version_of_the_project\website\benthic_datasets\mask_labels\reef_support\UNAL_BLEACHING_TAYRONA\masks_stitched\C10_Gr_PSa_T3_30nov24_CDaza_corr_mask.png
mask,C10_PB_PM_T1_19nov24_CGomez_Corr_mask,C10_PB_PM_T1_19nov24_CGomez_Corr_mask.png,C:\Users\20231807\Documents\GitHub\Cap_coral_reefs\New_version_of_the_project\website\benthic_datasets\mask_labels\reef_support\UNAL_BLEACHING_TAYRONA\masks_stitched\C10_PB_PM_T1_19nov24_CGomez_Corr_mask.png
mask,C10_PB_PM_T2_19nov24_CGomez_Corr_mask,C10_PB_PM_T2_19nov24_CGomez_Corr_mask.png,C:\Users\20231807\Documents\GitHub\Cap_coral_reefs\New_version_of_the_project\website\benthic_datasets\mask_labels\reef_support\UNAL_BLEACHING_TAYRONA\masks_stitched\C10_PB_PM_T2_19nov24_CGomez_Corr_mask.png
mask,C10_PB_PM_T3_19nov24_CGomez_Corr_mask,C10_PB_PM_T3_19nov24_CGomez_Corr_mask.png,C:\Users\20231807\Documents\GitHub\Cap_coral_reefs\New_version_of_the_project\website\benthic_datasets\mask_labels\reef_support\UNAL_BLEACHING_TAYRONA\masks_stitched\C10_PB_PM_T3_19nov24_CGomez_Corr_mask.png
mask,C10_PB_PP_T1_19nov24_CGomez_Corr_mask,C10_PB_PP_T1_19nov24_CGomez_Corr_mask.png,C:\Users\20231807\Documents\GitHub\Cap_coral_reefs\New_version_of_the_project\website\benthic_datasets\mask_labels\reef_support\UNAL_BLEACHING_TAYRONA\masks_stitched\C10_PB_PP_T1_19nov24_CGomez_Corr_mask.png
mask,C10_PB_PP_T2_19nov24_CGomez_Corr_mask,C10_PB_PP_T2_19nov24_CGomez_Corr_mask.png,C:\Users\20231807\Documents\GitHub\Cap_coral_reefs\New_version_of_the_project\website\benthic_datasets\mask_labels\reef_support\UNAL_BLEACHING_TAYRONA\masks_stitched\C10_PB_PP_T2_19nov24_CGomez_Corr_mask.png
mask,C10_PB_PP_T3_19nov24_CGomez_Corr_mask,C10_PB_PP_T3_19nov24_CGomez_Corr_mask.png,C:\Users\20231807\Documents\GitHub\Cap_coral_reefs\New_version_of_the_project\website\benthic_datasets\mask_labels\reef_support\UNAL_BLEACHING_TAYRONA\masks_stitched\C10_PB_PP_T3_19nov24_CGomez_Corr_mask.png
mask,C10_PB_PSA_T1_19nov24_HBenavides_Corr_mask,C10_PB_PSA_T1_19nov24_HBenavides_Corr_mask.png,C:\Users\20231807\Documents\GitHub\Cap_coral_reefs\New_version_of_the_project\website\benthic_datasets\mask_labels\reef_support\UNAL_BLEACHING_TAYRONA\masks_stitched\C10_PB_PSA_T1_19nov24_HBenavides_Corr_mask.png
mask,C10_PB_PSA_T2_19nov24_HBenavides_Corr_mask,C10_PB_PSA_T2_19nov24_HBenavides_Corr_mask.png,C:\Users\20231807\Documents\GitHub\Cap_coral_reefs\New_version_of_the_project\website\benthic_datasets\mask_labels\reef_support\UNAL_BLEACHING_TAYRONA\masks_stitched\C10_PB_PSA_T2_19nov24_HBenavides_Corr_mask.png
mask,C10_PB_PSA_T3_19nov24_HBenavides_Corr_mask,C10_PB_PSA_T3_19nov24_HBenavides_Corr_mask.png,C:\Users\20231807\Documents\GitHub\Cap_coral_reefs\New_version_of_the_project\website\benthic_datasets\mask_labels\reef_support\UNAL_BLEACHING_TAYRONA\masks_stitched\C10_PB_PSA_T3_19nov24_HBenavides_Corr_mask.png
mask,C10_PB_PSb_T1_19nov24_HBenavides_Corr_mask,C10_PB_PSb_T1_19nov24_HBenavides_Corr_mask.png,C:\Users\20231807\Documents\GitHub\Cap_coral_reefs\New_version_of_the_project\website\benthic_datasets\mask_labels\reef_support\UNAL_BLEACHING_TAYRONA\masks_stitched\C10_PB_PSb_T1_19nov24_HBenavides_Corr_mask.png
mask,C10_PB_PSb_T2_19nov24_HBenavides_Corr_mask,C10_PB_PSb_T2_19nov24_HBenavides_Corr_mask.png,C:\Users\20231807\Documents\GitHub\Cap_coral_reefs\New_version_of_the_project\website\benthic_datasets\mask_labels\reef_support\UNAL_BLEACHING_TAYRONA\masks_stitched\C10_PB_PSb_T2_19nov24_HBenavides_Corr_mask.png
mask,C10_PB_PSb_T3_19nov24_HBenavides_Corr_mask,C10_PB_PSb_T3_19nov24_HBenavides_Corr_mask.png,C:\Users\20231807\Documents\GitHub\Cap_coral_reefs\New_version_of_the_project\website\benthic_datasets\mask_labels\reef_support\UNAL_BLEACHING_TAYRONA\masks_stitched\C10_PB_PSb_T3_19nov24_HBenavides_Corr_mask.png
mask,C11_BC_PM_T1_29nov24_CDaza_corr_mask,C11_BC_PM_T1_29nov24_CDaza_corr_mask.png,C:\Users\20231807\Documents\GitHub\Cap_coral_reefs\New_version_of_the_project\website\benthic_datasets\mask_labels\reef_support\UNAL_BLEACHING_TAYRONA\masks_stitched\C11_BC_PM_T1_29nov24_CDaza_corr_mask.png
mask,C11_BC_PM_T2_29nov24_CDaza_corr_mask,C11_BC_PM_T2_29nov24_CDaza_corr_mask.png,C:\Users\20231807\Documents\GitHub\Cap_coral_reefs\New_version_of_the_project\website\benthic_datasets\mask_labels\reef_support\UNAL_BLEACHING_TAYRONA\masks_stitched\C11_BC_PM_T2_29nov24_CDaza_corr_mask.png
mask,C11_BC_PM_T3_29nov24_CDaza_corr_mask,C11_BC_PM_T3_29nov24_CDaza_corr_mask.png,C:\Users\20231807\Documents\GitHub\Cap_coral_reefs\New_version_of_the_project\website\benthic_datasets\mask_labels\reef_support\UNAL_BLEACHING_TAYRONA\masks_stitched\C11_BC_PM_T3_29nov24_CDaza_corr_mask.png
mask,C11_BC_PP_T1_29nov24_HBenavides_corr_mask,C11_BC_PP_T1_29nov24_HBenavides_corr_mask.png,C:\Users\20231807\Documents\GitHub\Cap_coral_reefs\New_version_of_the_project\website\benthic_datasets\mask_labels\reef_support\UNAL_BLEACHING_TAYRONA\masks_stitched\C11_BC_PP_T1_29nov24_HBenavides_corr_mask.png
mask,C11_BC_PP_T2_29nov24_HBenavides_corr_mask,C11_BC_PP_T2_29nov24_HBenavides_corr_mask.png,C:\Users\20231807\Documents\GitHub\Cap_coral_reefs\New_version_of_the_project\website\benthic_datasets\mask_labels\reef_support\UNAL_BLEACHING_TAYRONA\masks_stitched\C11_BC_PP_T2_29nov24_HBenavides_corr_mask.png
mask,C11_BC_PP_T3_29nov24_HBenavides_corr_mask,C11_BC_PP_T3_29nov24_HBenavides_corr_mask.png,C:\Users\20231807\Documents\GitHub\Cap_coral_reefs\New_version_of_the_project\website\benthic_datasets\mask_labels\reef_support\UNAL_BLEACHING_TAYRONA\masks_stitched\C11_BC_PP_T3_29nov24_HBenavides_corr_mask.png
mask,C11_Gr_PM_T1_30nov24_CGomez_corr_mask,C11_Gr_PM_T1_30nov24_CGomez_corr_mask.png,C:\Users\20231807\Documents\GitHub\Cap_coral_reefs\New_version_of_the_project\website\benthic_datasets\mask_labels\reef_support\UNAL_BLEACHING_TAYRONA\masks_stitched\C11_Gr_PM_T1_30nov24_CGomez_corr_mask.png
mask,C11_Gr_PM_T2_30nov24_CGomez_corr_mask,C11_Gr_PM_T2_30nov24_CGomez_corr_mask.png,C:\Users\20231807\Documents\GitHub\Cap_coral_reefs\New_version_of_the_project\website\benthic_datasets\mask_labels\reef_support\UNAL_BLEACHING_TAYRONA\masks_stitched\C11_Gr_PM_T2_30nov24_CGomez_corr_mask.png
mask,C11_Gr_PM_T3_30nov24_CGomez_corr_mask,C11_Gr_PM_T3_30nov24_CGomez_corr_mask.png,C:\Users\20231807\Documents\GitHub\Cap_coral_reefs\New_version_of_the_project\website\benthic_datasets\mask_labels\reef_support\UNAL_BLEACHING_TAYRONA\masks_stitched\C11_Gr_PM_T3_30nov24_CGomez_corr_mask.png
mask,C11_Gr_PP_T1_30nov24_HBenavides_corr_mask,C11_Gr_PP_T1_30nov24_HBenavides_corr_mask.png,C:\Users\20231807\Documents\GitHub\Cap_coral_reefs\New_version_of_the_project\website\benthic_datasets\mask_labels\reef_support\UNAL_BLEACHING_TAYRONA\masks_stitched\C11_Gr_PP_T1_30nov24_HBenavides_corr_mask.png
mask,C11_Gr_PP_T2_30nov24_HBenavides_corr_mask,C11_Gr_PP_T2_30nov24_HBenavides_corr_mask.png,C:\Users\20231807\Documents\GitHub\Cap_coral_reefs\New_version_of_the_project\website\benthic_datasets\mask_labels\reef_support\UNAL_BLEACHING_TAYRONA\masks_stitched\C11_Gr_PP_T2_30nov24_HBenavides_corr_mask.png
mask,C11_Gr_PP_T3_30nov24_HBenavides_corr_mask,C11_Gr_PP_T3_30nov24_HBenavides_corr_mask.png,C:\Users\20231807\Documents\GitHub\Cap_coral_reefs\New_version_of_the_project\website\benthic_datasets\mask_labels\reef_support\UNAL_BLEACHING_TAYRONA\masks_stitched\C11_Gr_PP_T3_30nov24_HBenavides_corr_mask.png
mask,C11_Gr_PSa_T1_30nov24_CDaza_corr_mask,C11_Gr_PSa_T1_30nov24_CDaza_corr_mask.png,C:\Users\20231807\Documents\GitHub\Cap_coral_reefs\New_version_of_the_project\website\benthic_datasets\mask_labels\reef_support\UNAL_BLEACHING_TAYRONA\masks_stitched\C11_Gr_PSa_T1_30nov24_CDaza_corr_mask.png
mask,C11_Gr_PSa_T2_30nov24_CDaza_corr_mask,C11_Gr_PSa_T2_30nov24_CDaza_corr_mask.png,C:\Users\20231807\Documents\GitHub\Cap_coral_reefs\New_version_of_the_project\website\benthic_datasets\mask_labels\reef_support\UNAL_BLEACHING_TAYRONA\masks_stitched\C11_Gr_PSa_T2_30nov24_CDaza_corr_mask.png
mask,C11_Gr_PSa_T3_30nov24_CDaza_corr_mask,C11_Gr_PSa_T3_30nov24_CDaza_corr_mask.png,C:\Users\20231807\Documents\GitHub\Cap_coral_reefs\New_version_of_the_project\website\benthic_datasets\mask_labels\reef_support\UNAL_BLEACHING_TAYRONA\masks_stitched\C11_Gr_PSa_T3_30nov24_CDaza_corr_mask.png
mask,C11_PB_PM_T1_19nov24_CGomez_Corr_mask,C11_PB_PM_T1_19nov24_CGomez_Corr_mask.png,C:\Users\20231807\Documents\GitHub\Cap_coral_reefs\New_version_of_the_project\website\benthic_datasets\mask_labels\reef_support\UNAL_BLEACHING_TAYRONA\masks_stitched\C11_PB_PM_T1_19nov24_CGomez_Corr_mask.png
mask,C11_PB_PM_T3_19nov24_CGomez_Corr_mask,C11_PB_PM_T3_19nov24_CGomez_Corr_mask.png,C:\Users\20231807\Documents\GitHub\Cap_coral_reefs\New_version_of_the_project\website\benthic_datasets\mask_labels\reef_support\UNAL_BLEACHING_TAYRONA\masks_stitched\C11_PB_PM_T3_19nov24_CGomez_Corr_mask.png
mask,C11_PB_PP_T1_19nov24_CGomez_Corr_mask,C11_PB_PP_T1_19nov24_CGomez_Corr_mask.png,C:\Users\20231807\Documents\GitHub\Cap_coral_reefs\New_version_of_the_project\website\benthic_datasets\mask_labels\reef_support\UNAL_BLEACHING_TAYRONA\masks_stitched\C11_PB_PP_T1_19nov24_CGomez_Corr_mask.png
mask,C11_PB_PP_T2_19nov24_CGomez_Corr_mask,C11_PB_PP_T2_19nov24_CGomez_Corr_mask.png,C:\Users\20231807\Documents\GitHub\Cap_coral_reefs\New_version_of_the_project\website\benthic_datasets\mask_labels\reef_support\UNAL_BLEACHING_TAYRONA\masks_stitched\C11_PB_PP_T2_19nov24_CGomez_Corr_mask.png
mask,C11_PB_PP_T3_19nov24_CGomez_Corr_mask,C11_PB_PP_T3_19nov24_CGomez_Corr_mask.png,C:\Users\20231807\Documents\GitHub\Cap_coral_reefs\New_version_of_the_project\website\benthic_datasets\mask_labels\reef_support\UNAL_BLEACHING_TAYRONA\masks_stitched\C11_PB_PP_T3_19nov24_CGomez_Corr_mask.png
mask,C11_PB_PSA_T1_19nov24_HBenavides_Corr_mask,C11_PB_PSA_T1_19nov24_HBenavides_Corr_mask.png,C:\Users\20231807\Documents\GitHub\Cap_coral_reefs\New_version_of_the_project\website\benthic_datasets\mask_labels\reef_support\UNAL_BLEACHING_TAYRONA\masks_stitched\C11_PB_PSA_T1_19nov24_HBenavides_Corr_mask.png
mask,C11_PB_PSA_T2_19nov24_HBenavides_Corr_mask,C11_PB_PSA_T2_19nov24_HBenavides_Corr_mask.png,C:\Users\20231807\Documents\GitHub\Cap_coral_reefs\New_version_of_the_project\website\benthic_datasets\mask_labels\reef_support\UNAL_BLEACHING_TAYRONA\masks_stitched\C11_PB_PSA_T2_19nov24_HBenavides_Corr_mask.png
mask,C11_PB_PSA_T3_19nov24_HBenavides_Corr_mask,C11_PB_PSA_T3_19nov24_HBenavides_Corr_mask.png,C:\Users\20231807\Documents\GitHub\Cap_coral_reefs\New_version_of_the_project\website\benthic_datasets\mask_labels\reef_support\UNAL_BLEACHING_TAYRONA\masks_stitched\C11_PB_PSA_T3_19nov24_HBenavides_Corr_mask.png
mask,C11_PB_PSb_T1_19nov24_HBenavides_Corr_mask,C11_PB_PSb_T1_19nov24_HBenavides_Corr_mask.png,C:\Users\20231807\Documents\GitHub\Cap_coral_reefs\New_version_of_the_project\website\benthic_datasets\mask_labels\reef_support\UNAL_BLEACHING_TAYRONA\masks_stitched\C11_PB_PSb_T1_19nov24_HBenavides_Corr_mask.png
mask,C11_PB_PSb_T2_19nov24_HBenavides_Corr_mask,C11_PB_PSb_T2_19nov24_HBenavides_Corr_mask.png,C:\Users\20231807\Documents\GitHub\Cap_coral_reefs\New_version_of_the_project\website\benthic_datasets\mask_labels\reef_support\UNAL_BLEACHING_TAYRONA\masks_stitched\C11_PB_PSb_T2_19nov24_HBenavides_Corr_mask.png
mask,C11_PB_PSb_T3_19nov24_HBenavides_Corr_mask,C11_PB_PSb_T3_19nov24_HBenavides_Corr_mask.png,C:\Users\20231807\Documents\GitHub\Cap_coral_reefs\New_version_of_the_project\website\benthic_datasets\mask_labels\reef_support\UNAL_BLEACHING_TAYRONA\masks_stitched\C11_PB_PSb_T3_19nov24_HBenavides_Corr_mask.png
mask,C12_BC_PM_T1_29nov24_CDaza_corr_mask,C12_BC_PM_T1_29nov24_CDaza_corr_mask.png,C:\Users\20231807\Documents\GitHub\Cap_coral_reefs\New_version_of_the_project\website\benthic_datasets\mask_labels\reef_support\UNAL_BLEACHING_TAYRONA\masks_stitched\C12_BC_PM_T1_29nov24_CDaza_corr_mask.png
mask,C12_BC_PM_T2_29nov24_CDaza_corr_mask,C12_BC_PM_T2_29nov24_CDaza_corr_mask.png,C:\Users\20231807\Documents\GitHub\Cap_coral_reefs\New_version_of_the_project\website\benthic_datasets\mask_labels\reef_support\UNAL_BLEACHING_TAYRONA\masks_stitched\C12_BC_PM_T2_29nov24_CDaza_corr_mask.png
mask,C12_BC_PM_T3_29nov24_CDaza_corr_mask,C12_BC_PM_T3_29nov24_CDaza_corr_mask.png,C:\Users\20231807\Documents\GitHub\Cap_coral_reefs\New_version_of_the_project\website\benthic_datasets\mask_labels\reef_support\UNAL_BLEACHING_TAYRONA\masks_stitched\C12_BC_PM_T3_29nov24_CDaza_corr_mask.png
mask,C12_BC_PP_T3_29nov24_HBenavides_corr_mask,C12_BC_PP_T3_29nov24_HBenavides_corr_mask.png,C:\Users\20231807\Documents\GitHub\Cap_coral_reefs\New_version_of_the_project\website\benthic_datasets\mask_labels\reef_support\UNAL_BLEACHING_TAYRONA\masks_stitched\C12_BC_PP_T3_29nov24_HBenavides_corr_mask.png
mask,C12_Gr_PM_T1_30nov24_CGomez_corr_mask,C12_Gr_PM_T1_30nov24_CGomez_corr_mask.png,C:\Users\20231807\Documents\GitHub\Cap_coral_reefs\New_version_of_the_project\website\benthic_datasets\mask_labels\reef_support\UNAL_BLEACHING_TAYRONA\masks_stitched\C12_Gr_PM_T1_30nov24_CGomez_corr_mask.png
mask,C12_Gr_PM_T2_30nov24_CGomez_corr_mask,C12_Gr_PM_T2_30nov24_CGomez_corr_mask.png,C:\Users\20231807\Documents\GitHub\Cap_coral_reefs\New_version_of_the_project\website\benthic_datasets\mask_labels\reef_support\UNAL_BLEACHING_TAYRONA\masks_stitched\C12_Gr_PM_T2_30nov24_CGomez_corr_mask.png
mask,C12_Gr_PM_T3_30nov24_CGomez_corr_mask,C12_Gr_PM_T3_30nov24_CGomez_corr_mask.png,C:\Users\20231807\Documents\GitHub\Cap_coral_reefs\New_version_of_the_project\website\benthic_datasets\mask_labels\reef_support\UNAL_BLEACHING_TAYRONA\masks_stitched\C12_Gr_PM_T3_30nov24_CGomez_corr_mask.png
mask,C12_Gr_PP_T3_30nov24_HBenavides_corr_mask,C12_Gr_PP_T3_30nov24_HBenavides_corr_mask.png,C:\Users\20231807\Documents\GitHub\Cap_coral_reefs\New_version_of_the_project\website\benthic_datasets\mask_labels\reef_support\UNAL_BLEACHING_TAYRONA\masks_stitched\C12_Gr_PP_T3_30nov24_HBenavides_corr_mask.png
mask,C12_Gr_PSa_T1_30nov24_CDaza_corr_mask,C12_Gr_PSa_T1_30nov24_CDaza_corr_mask.png,C:\Users\20231807\Documents\GitHub\Cap_coral_reefs\New_version_of_the_project\website\benthic_datasets\mask_labels\reef_support\UNAL_BLEACHING_TAYRONA\masks_stitched\C12_Gr_PSa_T1_30nov24_CDaza_corr_mask.png
mask,C12_Gr_PSa_T2_30nov24_CDaza_corr_mask,C12_Gr_PSa_T2_30nov24_CDaza_corr_mask.png,C:\Users\20231807\Documents\GitHub\Cap_coral_reefs\New_version_of_the_project\website\benthic_datasets\mask_labels\reef_support\UNAL_BLEACHING_TAYRONA\masks_stitched\C12_Gr_PSa_T2_30nov24_CDaza_corr_mask.png
mask,C12_Gr_PSa_T3_30nov24_CDaza_corr_mask,C12_Gr_PSa_T3_30nov24_CDaza_corr_mask.png,C:\Users\20231807\Documents\GitHub\Cap_coral_reefs\New_version_of_the_project\website\benthic_datasets\mask_labels\reef_support\UNAL_BLEACHING_TAYRONA\masks_stitched\C12_Gr_PSa_T3_30nov24_CDaza_corr_mask.png
mask,C12_PB_PM_T1_19nov24_CGomez_Corr_mask,C12_PB_PM_T1_19nov24_CGomez_Corr_mask.png,C:\Users\20231807\Documents\GitHub\Cap_coral_reefs\New_version_of_the_project\website\benthic_datasets\mask_labels\reef_support\UNAL_BLEACHING_TAYRONA\masks_stitched\C12_PB_PM_T1_19nov24_CGomez_Corr_mask.png
mask,C12_PB_PM_T3_19nov24_CGomez_Corr_mask,C12_PB_PM_T3_19nov24_CGomez_Corr_mask.png,C:\Users\20231807\Documents\GitHub\Cap_coral_reefs\New_version_of_the_project\website\benthic_datasets\mask_labels\reef_support\UNAL_BLEACHING_TAYRONA\masks_stitched\C12_PB_PM_T3_19nov24_CGomez_Corr_mask.png
mask,C12_PB_PP_T1_19nov24_CGomez_Corr_mask,C12_PB_PP_T1_19nov24_CGomez_Corr_mask.png,C:\Users\20231807\Documents\GitHub\Cap_coral_reefs\New_version_of_the_project\website\benthic_datasets\mask_labels\reef_support\UNAL_BLEACHING_TAYRONA\masks_stitched\C12_PB_PP_T1_19nov24_CGomez_Corr_mask.png
mask,C12_PB_PP_T2_19nov24_CGomez_Corr_mask,C12_PB_PP_T2_19nov24_CGomez_Corr_mask.png,C:\Users\20231807\Documents\GitHub\Cap_coral_reefs\New_version_of_the_project\website\benthic_datasets\mask_labels\reef_support\UNAL_BLEACHING_TAYRONA\masks_stitched\C12_PB_PP_T2_19nov24_CGomez_Corr_mask.png
mask,C12_PB_PSA_T1_19nov24_HBenavides_Corr_mask,C12_PB_PSA_T1_19nov24_HBenavides_Corr_mask.png,C:\Users\20231807\Documents\GitHub\Cap_coral_reefs\New_version_of_the_project\website\benthic_datasets\mask_labels\reef_support\UNAL_BLEACHING_TAYRONA\masks_stitched\C12_PB_PSA_T1_19nov24_HBenavides_Corr_mask.png
mask,C12_PB_PSA_T3_19nov24_HBenavides_Corr_mask,C12_PB_PSA_T3_19nov24_HBenavides_Corr_mask.png,C:\Users\20231807\Documents\GitHub\Cap_coral_reefs\New_version_of_the_project\website\benthic_datasets\mask_labels\reef_support\UNAL_BLEACHING_TAYRONA\masks_stitched\C12_PB_PSA_T3_19nov24_HBenavides_Corr_mask.png
mask,C12_PB_PSb_T1_19nov24_HBenavides_Corr_mask,C12_PB_PSb_T1_19nov24_HBenavides_Corr_mask.png,C:\Users\20231807\Documents\GitHub\Cap_coral_reefs\New_version_of_the_project\website\benthic_datasets\mask_labels\reef_support\UNAL_BLEACHING_TAYRONA\masks_stitched\C12_PB_PSb_T1_19nov24_HBenavides_Corr_mask.png
mask,C12_PB_PSb_T2_19nov24_HBenavides_Corr_mask,C12_PB_PSb_T2_19nov24_HBenavides_Corr_mask.png,C:\Users\20231807\Documents\GitHub\Cap_coral_reefs\New_version_of_the_project\website\benthic_datasets\mask_labels\reef_support\UNAL_BLEACHING_TAYRONA\masks_stitched\C12_PB_PSb_T2_19nov24_HBenavides_Corr_mask.png
mask,C13_BC_PM_T1_29nov24_CDaza_corr_mask,C13_BC_PM_T1_29nov24_CDaza_corr_mask.png,C:\Users\20231807\Documents\GitHub\Cap_coral_reefs\New_version_of_the_project\website\benthic_datasets\mask_labels\reef_support\UNAL_BLEACHING_TAYRONA\masks_stitched\C13_BC_PM_T1_29nov24_CDaza_corr_mask.png
mask,C13_BC_PM_T2_29nov24_CDaza_corr_mask,C13_BC_PM_T2_29nov24_CDaza_corr_mask.png,C:\Users\20231807\Documents\GitHub\Cap_coral_reefs\New_version_of_the_project\website\benthic_datasets\mask_labels\reef_support\UNAL_BLEACHING_TAYRONA\masks_stitched\C13_BC_PM_T2_29nov24_CDaza_corr_mask.png
mask,C13_BC_PM_T3_29nov24_CDaza_corr_mask,C13_BC_PM_T3_29nov24_CDaza_corr_mask.png,C:\Users\20231807\Documents\GitHub\Cap_coral_reefs\New_version_of_the_project\website\benthic_datasets\mask_labels\reef_support\UNAL_BLEACHING_TAYRONA\masks_stitched\C13_BC_PM_T3_29nov24_CDaza_corr_mask.png
mask,C13_BC_PP_T3_29nov24_HBenavides_corr_mask,C13_BC_PP_T3_29nov24_HBenavides_corr_mask.png,C:\Users\20231807\Documents\GitHub\Cap_coral_reefs\New_version_of_the_project\website\benthic_datasets\mask_labels\reef_support\UNAL_BLEACHING_TAYRONA\masks_stitched\C13_BC_PP_T3_29nov24_HBenavides_corr_mask.png
mask,C13_Gr_PM_T1_30nov24_CGomez_corr_mask,C13_Gr_PM_T1_30nov24_CGomez_corr_mask.png,C:\Users\20231807\Documents\GitHub\Cap_coral_reefs\New_version_of_the_project\website\benthic_datasets\mask_labels\reef_support\UNAL_BLEACHING_TAYRONA\masks_stitched\C13_Gr_PM_T1_30nov24_CGomez_corr_mask.png
mask,C13_Gr_PM_T3_30nov24_CGomez_corr_mask,C13_Gr_PM_T3_30nov24_CGomez_corr_mask.png,C:\Users\20231807\Documents\GitHub\Cap_coral_reefs\New_version_of_the_project\website\benthic_datasets\mask_labels\reef_support\UNAL_BLEACHING_TAYRONA\masks_stitched\C13_Gr_PM_T3_30nov24_CGomez_corr_mask.png
mask,C13_Gr_PP_T3_30nov24_HBenavides_corr_mask,C13_Gr_PP_T3_30nov24_HBenavides_corr_mask.png,C:\Users\20231807\Documents\GitHub\Cap_coral_reefs\New_version_of_the_project\website\benthic_datasets\mask_labels\reef_support\UNAL_BLEACHING_TAYRONA\masks_stitched\C13_Gr_PP_T3_30nov24_HBenavides_corr_mask.png
mask,C13_Gr_PSa_T1_30nov24_CDaza_corr_mask,C13_Gr_PSa_T1_30nov24_CDaza_corr_mask.png,C:\Users\20231807\Documents\GitHub\Cap_coral_reefs\New_version_of_the_project\website\benthic_datasets\mask_labels\reef_support\UNAL_BLEACHING_TAYRONA\masks_stitched\C13_Gr_PSa_T1_30nov24_CDaza_corr_mask.png
mask,C13_Gr_PSa_T3_30nov24_CDaza_corr_mask,C13_Gr_PSa_T3_30nov24_CDaza_corr_mask.png,C:\Users\20231807\Documents\GitHub\Cap_coral_reefs\New_version_of_the_project\website\benthic_datasets\mask_labels\reef_support\UNAL_BLEACHING_TAYRONA\masks_stitched\C13_Gr_PSa_T3_30nov24_CDaza_corr_mask.png
mask,C13_PB_PM_T1_19nov24_CGomez_Corr_mask,C13_PB_PM_T1_19nov24_CGomez_Corr_mask.png,C:\Users\20231807\Documents\GitHub\Cap_coral_reefs\New_version_of_the_project\website\benthic_datasets\mask_labels\reef_support\UNAL_BLEACHING_TAYRONA\masks_stitched\C13_PB_PM_T1_19nov24_CGomez_Corr_mask.png
mask,C13_PB_PM_T3_19nov24_CGomez_Corr_mask,C13_PB_PM_T3_19nov24_CGomez_Corr_mask.png,C:\Users\20231807\Documents\GitHub\Cap_coral_reefs\New_version_of_the_project\website\benthic_datasets\mask_labels\reef_support\UNAL_BLEACHING_TAYRONA\masks_stitched\C13_PB_PM_T3_19nov24_CGomez_Corr_mask.png
mask,C13_PB_PP_T1_19nov24_CGomez_Corr_mask,C13_PB_PP_T1_19nov24_CGomez_Corr_mask.png,C:\Users\20231807\Documents\GitHub\Cap_coral_reefs\New_version_of_the_project\website\benthic_datasets\mask_labels\reef_support\UNAL_BLEACHING_TAYRONA\masks_stitched\C13_PB_PP_T1_19nov24_CGomez_Corr_mask.png
mask,C13_PB_PP_T2_19nov24_CGomez_Corr_mask,C13_PB_PP_T2_19nov24_CGomez_Corr_mask.png,C:\Users\20231807\Documents\GitHub\Cap_coral_reefs\New_version_of_the_project\website\benthic_datasets\mask_labels\reef_support\UNAL_BLEACHING_TAYRONA\masks_stitched\C13_PB_PP_T2_19nov24_CGomez_Corr_mask.png
mask,C13_PB_PSb_T2_19nov24_HBenavides_Corr_mask,C13_PB_PSb_T2_19nov24_HBenavides_Corr_mask.png,C:\Users\20231807\Documents\GitHub\Cap_coral_reefs\New_version_of_the_project\website\benthic_datasets\mask_labels\reef_support\UNAL_BLEACHING_TAYRONA\masks_stitched\C13_PB_PSb_T2_19nov24_HBenavides_Corr_mask.png
mask,C14_BC_PM_T1_29nov24_CDaza_corr_mask,C14_BC_PM_T1_29nov24_CDaza_corr_mask.png,C:\Users\20231807\Documents\GitHub\Cap_coral_reefs\New_version_of_the_project\website\benthic_datasets\mask_labels\reef_support\UNAL_BLEACHING_TAYRONA\masks_stitched\C14_BC_PM_T1_29nov24_CDaza_corr_mask.png
mask,C14_BC_PM_T2_29nov24_CDaza_corr_mask,C14_BC_PM_T2_29nov24_CDaza_corr_mask.png,C:\Users\20231807\Documents\GitHub\Cap_coral_reefs\New_version_of_the_project\website\benthic_datasets\mask_labels\reef_support\UNAL_BLEACHING_TAYRONA\masks_stitched\C14_BC_PM_T2_29nov24_CDaza_corr_mask.png
mask,C14_BC_PM_T3_29nov24_CDaza_corr_mask,C14_BC_PM_T3_29nov24_CDaza_corr_mask.png,C:\Users\20231807\Documents\GitHub\Cap_coral_reefs\New_version_of_the_project\website\benthic_datasets\mask_labels\reef_support\UNAL_BLEACHING_TAYRONA\masks_stitched\C14_BC_PM_T3_29nov24_CDaza_corr_mask.png
mask,C14_Gr_PM_T3_30nov24_CGomez_corr_mask,C14_Gr_PM_T3_30nov24_CGomez_corr_mask.png,C:\Users\20231807\Documents\GitHub\Cap_coral_reefs\New_version_of_the_project\website\benthic_datasets\mask_labels\reef_support\UNAL_BLEACHING_TAYRONA\masks_stitched\C14_Gr_PM_T3_30nov24_CGomez_corr_mask.png
mask,C14_Gr_PP_T3_30nov24_HBenavides_corr_mask,C14_Gr_PP_T3_30nov24_HBenavides_corr_mask.png,C:\Users\20231807\Documents\GitHub\Cap_coral_reefs\New_version_of_the_project\website\benthic_datasets\mask_labels\reef_support\UNAL_BLEACHING_TAYRONA\masks_stitched\C14_Gr_PP_T3_30nov24_HBenavides_corr_mask.png
mask,C14_Gr_PSa_T1_30nov24_CDaza_corr_mask,C14_Gr_PSa_T1_30nov24_CDaza_corr_mask.png,C:\Users\20231807\Documents\GitHub\Cap_coral_reefs\New_version_of_the_project\website\benthic_datasets\mask_labels\reef_support\UNAL_BLEACHING_TAYRONA\masks_stitched\C14_Gr_PSa_T1_30nov24_CDaza_corr_mask.png
mask,C14_Gr_PSa_T3_30nov24_CDaza_corr_mask,C14_Gr_PSa_T3_30nov24_CDaza_corr_mask.png,C:\Users\20231807\Documents\GitHub\Cap_coral_reefs\New_version_of_the_project\website\benthic_datasets\mask_labels\reef_support\UNAL_BLEACHING_TAYRONA\masks_stitched\C14_Gr_PSa_T3_30nov24_CDaza_corr_mask.png
mask,C14_PB_PM_T1_19nov24_CGomez_Corr_mask,C14_PB_PM_T1_19nov24_CGomez_Corr_mask.png,C:\Users\20231807\Documents\GitHub\Cap_coral_reefs\New_version_of_the_project\website\benthic_datasets\mask_labels\reef_support\UNAL_BLEACHING_TAYRONA\masks_stitched\C14_PB_PM_T1_19nov24_CGomez_Corr_mask.png
mask,C14_PB_PM_T3_19nov24_CGomez_Corr_mask,C14_PB_PM_T3_19nov24_CGomez_Corr_mask.png,C:\Users\20231807\Documents\GitHub\Cap_coral_reefs\New_version_of_the_project\website\benthic_datasets\mask_labels\reef_support\UNAL_BLEACHING_TAYRONA\masks_stitched\C14_PB_PM_T3_19nov24_CGomez_Corr_mask.png
mask,C15_BC_PM_T1_29nov24_CDaza_corr_mask,C15_BC_PM_T1_29nov24_CDaza_corr_mask.png,C:\Users\20231807\Documents\GitHub\Cap_coral_reefs\New_version_of_the_project\website\benthic_datasets\mask_labels\reef_support\UNAL_BLEACHING_TAYRONA\masks_stitched\C15_BC_PM_T1_29nov24_CDaza_corr_mask.png
mask,C15_BC_PM_T2_29nov24_CDaza_corr_mask,C15_BC_PM_T2_29nov24_CDaza_corr_mask.png,C:\Users\20231807\Documents\GitHub\Cap_coral_reefs\New_version_of_the_project\website\benthic_datasets\mask_labels\reef_support\UNAL_BLEACHING_TAYRONA\masks_stitched\C15_BC_PM_T2_29nov24_CDaza_corr_mask.png
mask,C15_BC_PM_T3_29nov24_CDaza_corr_mask,C15_BC_PM_T3_29nov24_CDaza_corr_mask.png,C:\Users\20231807\Documents\GitHub\Cap_coral_reefs\New_version_of_the_project\website\benthic_datasets\mask_labels\reef_support\UNAL_BLEACHING_TAYRONA\masks_stitched\C15_BC_PM_T3_29nov24_CDaza_corr_mask.png
mask,C15_Gr_PSa_T3_30nov24_CDaza_corr_mask,C15_Gr_PSa_T3_30nov24_CDaza_corr_mask.png,C:\Users\20231807\Documents\GitHub\Cap_coral_reefs\New_version_of_the_project\website\benthic_datasets\mask_labels\reef_support\UNAL_BLEACHING_TAYRONA\masks_stitched\C15_Gr_PSa_T3_30nov24_CDaza_corr_mask.png
mask,C16_BC_PM_T1_29nov24_CDaza_corr_mask,C16_BC_PM_T1_29nov24_CDaza_corr_mask.png,C:\Users\20231807\Documents\GitHub\Cap_coral_reefs\New_version_of_the_project\website\benthic_datasets\mask_labels\reef_support\UNAL_BLEACHING_TAYRONA\masks_stitched\C16_BC_PM_T1_29nov24_CDaza_corr_mask.png
mask,C16_Gr_PSa_T3_30nov24_CDaza_corr_mask,C16_Gr_PSa_T3_30nov24_CDaza_corr_mask.png,C:\Users\20231807\Documents\GitHub\Cap_coral_reefs\New_version_of_the_project\website\benthic_datasets\mask_labels\reef_support\UNAL_BLEACHING_TAYRONA\masks_stitched\C16_Gr_PSa_T3_30nov24_CDaza_corr_mask.png
mask,C17_Gr_PSa_T3_30nov24_CDaza_corr_mask,C17_Gr_PSa_T3_30nov24_CDaza_corr_mask.png,C:\Users\20231807\Documents\GitHub\Cap_coral_reefs\New_version_of_the_project\website\benthic_datasets\mask_labels\reef_support\UNAL_BLEACHING_TAYRONA\masks_stitched\C17_Gr_PSa_T3_30nov24_CDaza_corr_mask.png
mask,C18_Gr_PSa_T3_30nov24_CDaza_corr_mask,C18_Gr_PSa_T3_30nov24_CDaza_corr_mask.png,C:\Users\20231807\Documents\GitHub\Cap_coral_reefs\New_version_of_the_project\website\benthic_datasets\mask_labels\reef_support\UNAL_BLEACHING_TAYRONA\masks_stitched\C18_Gr_PSa_T3_30nov24_CDaza_corr_mask.png
mask,C19_Gr_PSa_T3_30nov24_CDaza_corr_mask,C19_Gr_PSa_T3_30nov24_CDaza_corr_mask.png,C:\Users\20231807\Documents\GitHub\Cap_coral_reefs\New_version_of_the_project\website\benthic_datasets\mask_labels\reef_support\UNAL_BLEACHING_TAYRONA\masks_stitched\C19_Gr_PSa_T3_30nov24_CDaza_corr_mask.png
mask,C1_BC_EM_T1_29nov24_CGomez_corr_mask,C1_BC_EM_T1_29nov24_CGomez_corr_mask.png,C:\Users\20231807\Documents\GitHub\Cap_coral_reefs\New_version_of_the_project\website\benthic_datasets\mask_labels\reef_support\UNAL_BLEACHING_TAYRONA\masks_stitched\C1_BC_EM_T1_29nov24_CGomez_corr_mask.png
mask,C1_BC_EM_T2_29nov24_CGomez_corr_mask,C1_BC_EM_T2_29nov24_CGomez_corr_mask.png,C:\Users\20231807\Documents\GitHub\Cap_coral_reefs\New_version_of_the_project\website\benthic_datasets\mask_labels\reef_support\UNAL_BLEACHING_TAYRONA\masks_stitched\C1_BC_EM_T2_29nov24_CGomez_corr_mask.png
mask,C1_BC_EM_T3_29nov24_CGomez_corr_mask,C1_BC_EM_T3_29nov24_CGomez_corr_mask.png,C:\Users\20231807\Documents\GitHub\Cap_coral_reefs\New_version_of_the_project\website\benthic_datasets\mask_labels\reef_support\UNAL_BLEACHING_TAYRONA\masks_stitched\C1_BC_EM_T3_29nov24_CGomez_corr_mask.png
mask,C1_BC_EP_T1_29nov24_CDaza_corr_mask,C1_BC_EP_T1_29nov24_CDaza_corr_mask.png,C:\Users\20231807\Documents\GitHub\Cap_coral_reefs\New_version_of_the_project\website\benthic_datasets\mask_labels\reef_support\UNAL_BLEACHING_TAYRONA\masks_stitched\C1_BC_EP_T1_29nov24_CDaza_corr_mask.png
mask,C1_BC_EP_T2_29nov24_CDaza_corr_mask,C1_BC_EP_T2_29nov24_CDaza_corr_mask.png,C:\Users\20231807\Documents\GitHub\Cap_coral_reefs\New_version_of_the_project\website\benthic_datasets\mask_labels\reef_support\UNAL_BLEACHING_TAYRONA\masks_stitched\C1_BC_EP_T2_29nov24_CDaza_corr_mask.png
mask,C1_BC_EP_T3_29nov24_CDaza_corr_mask,C1_BC_EP_T3_29nov24_CDaza_corr_mask.png,C:\Users\20231807\Documents\GitHub\Cap_coral_reefs\New_version_of_the_project\website\benthic_datasets\mask_labels\reef_support\UNAL_BLEACHING_TAYRONA\masks_stitched\C1_BC_EP_T3_29nov24_CDaza_corr_mask.png
mask,C1_BC_ESa_T1_29nov24_CDaza_corr_mask,C1_BC_ESa_T1_29nov24_CDaza_corr_mask.png,C:\Users\20231807\Documents\GitHub\Cap_coral_reefs\New_version_of_the_project\website\benthic_datasets\mask_labels\reef_support\UNAL_BLEACHING_TAYRONA\masks_stitched\C1_BC_ESa_T1_29nov24_CDaza_corr_mask.png
mask,C1_BC_ESa_T2_29nov24_CDaza_corr_mask,C1_BC_ESa_T2_29nov24_CDaza_corr_mask.png,C:\Users\20231807\Documents\GitHub\Cap_coral_reefs\New_version_of_the_project\website\benthic_datasets\mask_labels\reef_support\UNAL_BLEACHING_TAYRONA\masks_stitched\C1_BC_ESa_T2_29nov24_CDaza_corr_mask.png
mask,C1_BC_ESa_T3_29nov24_CDaza_corr_mask,C1_BC_ESa_T3_29nov24_CDaza_corr_mask.png,C:\Users\20231807\Documents\GitHub\Cap_coral_reefs\New_version_of_the_project\website\benthic_datasets\mask_labels\reef_support\UNAL_BLEACHING_TAYRONA\masks_stitched\C1_BC_ESa_T3_29nov24_CDaza_corr_mask.png
mask,C1_BC_ESb_T1_29nov24_CGomez_corr_mask,C1_BC_ESb_T1_29nov24_CGomez_corr_mask.png,C:\Users\20231807\Documents\GitHub\Cap_coral_reefs\New_version_of_the_project\website\benthic_datasets\mask_labels\reef_support\UNAL_BLEACHING_TAYRONA\masks_stitched\C1_BC_ESb_T1_29nov24_CGomez_corr_mask.png
mask,C1_BC_ESb_T2_29nov24_CGomez_corr_mask,C1_BC_ESb_T2_29nov24_CGomez_corr_mask.png,C:\Users\20231807\Documents\GitHub\Cap_coral_reefs\New_version_of_the_project\website\benthic_datasets\mask_labels\reef_support\UNAL_BLEACHING_TAYRONA\masks_stitched\C1_BC_ESb_T2_29nov24_CGomez_corr_mask.png
mask,C1_BC_ESb_T3_29nov24_CGomez_corr_mask,C1_BC_ESb_T3_29nov24_CGomez_corr_mask.png,C:\Users\20231807\Documents\GitHub\Cap_coral_reefs\New_version_of_the_project\website\benthic_datasets\mask_labels\reef_support\UNAL_BLEACHING_TAYRONA\masks_stitched\C1_BC_ESb_T3_29nov24_CGomez_corr_mask.png
mask,C1_BC_PM_T1_29nov24_CDaza_corr_mask,C1_BC_PM_T1_29nov24_CDaza_corr_mask.png,C:\Users\20231807\Documents\GitHub\Cap_coral_reefs\New_version_of_the_project\website\benthic_datasets\mask_labels\reef_support\UNAL_BLEACHING_TAYRONA\masks_stitched\C1_BC_PM_T1_29nov24_CDaza_corr_mask.png
mask,C1_BC_PM_T2_29nov24_CDaza_corr_mask,C1_BC_PM_T2_29nov24_CDaza_corr_mask.png,C:\Users\20231807\Documents\GitHub\Cap_coral_reefs\New_version_of_the_project\website\benthic_datasets\mask_labels\reef_support\UNAL_BLEACHING_TAYRONA\masks_stitched\C1_BC_PM_T2_29nov24_CDaza_corr_mask.png
mask,C1_BC_PM_T3_29nov24_CDaza_corr_mask,C1_BC_PM_T3_29nov24_CDaza_corr_mask.png,C:\Users\20231807\Documents\GitHub\Cap_coral_reefs\New_version_of_the_project\website\benthic_datasets\mask_labels\reef_support\UNAL_BLEACHING_TAYRONA\masks_stitched\C1_BC_PM_T3_29nov24_CDaza_corr_mask.png
mask,C1_BC_PP_T1_29nov24_HBenavides_corr_mask,C1_BC_PP_T1_29nov24_HBenavides_corr_mask.png,C:\Users\20231807\Documents\GitHub\Cap_coral_reefs\New_version_of_the_project\website\benthic_datasets\mask_labels\reef_support\UNAL_BLEACHING_TAYRONA\masks_stitched\C1_BC_PP_T1_29nov24_HBenavides_corr_mask.png
mask,C1_BC_PP_T2_29nov24_HBenavides_corr_mask,C1_BC_PP_T2_29nov24_HBenavides_corr_mask.png,C:\Users\20231807\Documents\GitHub\Cap_coral_reefs\New_version_of_the_project\website\benthic_datasets\mask_labels\reef_support\UNAL_BLEACHING_TAYRONA\masks_stitched\C1_BC_PP_T2_29nov24_HBenavides_corr_mask.png
mask,C1_BC_PP_T3_29nov24_HBenavides_corr_mask,C1_BC_PP_T3_29nov24_HBenavides_corr_mask.png,C:\Users\20231807\Documents\GitHub\Cap_coral_reefs\New_version_of_the_project\website\benthic_datasets\mask_labels\reef_support\UNAL_BLEACHING_TAYRONA\masks_stitched\C1_BC_PP_T3_29nov24_HBenavides_corr_mask.png
mask,C1_BC_PSa_T1_29nov24_CDaza_corr_mask,C1_BC_PSa_T1_29nov24_CDaza_corr_mask.png,C:\Users\20231807\Documents\GitHub\Cap_coral_reefs\New_version_of_the_project\website\benthic_datasets\mask_labels\reef_support\UNAL_BLEACHING_TAYRONA\masks_stitched\C1_BC_PSa_T1_29nov24_CDaza_corr_mask.png
mask,C1_BC_PSa_T2_29nov24_CDaza_corr_mask,C1_BC_PSa_T2_29nov24_CDaza_corr_mask.png,C:\Users\20231807\Documents\GitHub\Cap_coral_reefs\New_version_of_the_project\website\benthic_datasets\mask_labels\reef_support\UNAL_BLEACHING_TAYRONA\masks_stitched\C1_BC_PSa_T2_29nov24_CDaza_corr_mask.png
mask,C1_BC_PSa_T3_29nov24_CDaza_corr_mask,C1_BC_PSa_T3_29nov24_CDaza_corr_mask.png,C:\Users\20231807\Documents\GitHub\Cap_coral_reefs\New_version_of_the_project\website\benthic_datasets\mask_labels\reef_support\UNAL_BLEACHING_TAYRONA\masks_stitched\C1_BC_PSa_T3_29nov24_CDaza_corr_mask.png
mask,C1_BC_PSb_T1_29nov24_HBenavides_corr_mask,C1_BC_PSb_T1_29nov24_HBenavides_corr_mask.png,C:\Users\20231807\Documents\GitHub\Cap_coral_reefs\New_version_of_the_project\website\benthic_datasets\mask_labels\reef_support\UNAL_BLEACHING_TAYRONA\masks_stitched\C1_BC_PSb_T1_29nov24_HBenavides_corr_mask.png
mask,C1_BC_PSb_T2_29nov24_HBenavides_corr_mask,C1_BC_PSb_T2_29nov24_HBenavides_corr_mask.png,C:\Users\20231807\Documents\GitHub\Cap_coral_reefs\New_version_of_the_project\website\benthic_datasets\mask_labels\reef_support\UNAL_BLEACHING_TAYRONA\masks_stitched\C1_BC_PSb_T2_29nov24_HBenavides_corr_mask.png
mask,C1_BC_PSb_T3_29nov24_HBenavides_corr_mask,C1_BC_PSb_T3_29nov24_HBenavides_corr_mask.png,C:\Users\20231807\Documents\GitHub\Cap_coral_reefs\New_version_of_the_project\website\benthic_datasets\mask_labels\reef_support\UNAL_BLEACHING_TAYRONA\masks_stitched\C1_BC_PSb_T3_29nov24_HBenavides_corr_mask.png
mask,C1_Gr_PM_T1_30nov24_CGomez_corr_mask,C1_Gr_PM_T1_30nov24_CGomez_corr_mask.png,C:\Users\20231807\Documents\GitHub\Cap_coral_reefs\New_version_of_the_project\website\benthic_datasets\mask_labels\reef_support\UNAL_BLEACHING_TAYRONA\masks_stitched\C1_Gr_PM_T1_30nov24_CGomez_corr_mask.png
mask,C1_Gr_PM_T2_30nov24_CGomez_corr_mask,C1_Gr_PM_T2_30nov24_CGomez_corr_mask.png,C:\Users\20231807\Documents\GitHub\Cap_coral_reefs\New_version_of_the_project\website\benthic_datasets\mask_labels\reef_support\UNAL_BLEACHING_TAYRONA\masks_stitched\C1_Gr_PM_T2_30nov24_CGomez_corr_mask.png
mask,C1_Gr_PM_T3_30nov24_CGomez_corr_mask,C1_Gr_PM_T3_30nov24_CGomez_corr_mask.png,C:\Users\20231807\Documents\GitHub\Cap_coral_reefs\New_version_of_the_project\website\benthic_datasets\mask_labels\reef_support\UNAL_BLEACHING_TAYRONA\masks_stitched\C1_Gr_PM_T3_30nov24_CGomez_corr_mask.png
mask,C1_Gr_PP_T1_30nov24_HBenavides_corr_mask,C1_Gr_PP_T1_30nov24_HBenavides_corr_mask.png,C:\Users\20231807\Documents\GitHub\Cap_coral_reefs\New_version_of_the_project\website\benthic_datasets\mask_labels\reef_support\UNAL_BLEACHING_TAYRONA\masks_stitched\C1_Gr_PP_T1_30nov24_HBenavides_corr_mask.png
mask,C1_Gr_PP_T2_30nov24_HBenavides_corr_mask,C1_Gr_PP_T2_30nov24_HBenavides_corr_mask.png,C:\Users\20231807\Documents\GitHub\Cap_coral_reefs\New_version_of_the_project\website\benthic_datasets\mask_labels\reef_support\UNAL_BLEACHING_TAYRONA\masks_stitched\C1_Gr_PP_T2_30nov24_HBenavides_corr_mask.png
mask,C1_Gr_PP_T3_30nov24_HBenavides_corr_mask,C1_Gr_PP_T3_30nov24_HBenavides_corr_mask.png,C:\Users\20231807\Documents\GitHub\Cap_coral_reefs\New_version_of_the_project\website\benthic_datasets\mask_labels\reef_support\UNAL_BLEACHING_TAYRONA\masks_stitched\C1_Gr_PP_T3_30nov24_HBenavides_corr_mask.png
mask,C1_Gr_PSa_T1_30nov24_CDaza_corr_mask,C1_Gr_PSa_T1_30nov24_CDaza_corr_mask.png,C:\Users\20231807\Documents\GitHub\Cap_coral_reefs\New_version_of_the_project\website\benthic_datasets\mask_labels\reef_support\UNAL_BLEACHING_TAYRONA\masks_stitched\C1_Gr_PSa_T1_30nov24_CDaza_corr_mask.png
mask,C1_Gr_PSa_T2_30nov24_CDaza_corr_mask,C1_Gr_PSa_T2_30nov24_CDaza_corr_mask.png,C:\Users\20231807\Documents\GitHub\Cap_coral_reefs\New_version_of_the_project\website\benthic_datasets\mask_labels\reef_support\UNAL_BLEACHING_TAYRONA\masks_stitched\C1_Gr_PSa_T2_30nov24_CDaza_corr_mask.png
mask,C1_Gr_PSa_T3_30nov24_CDaza_corr_mask,C1_Gr_PSa_T3_30nov24_CDaza_corr_mask.png,C:\Users\20231807\Documents\GitHub\Cap_coral_reefs\New_version_of_the_project\website\benthic_datasets\mask_labels\reef_support\UNAL_BLEACHING_TAYRONA\masks_stitched\C1_Gr_PSa_T3_30nov24_CDaza_corr_mask.png
mask,C1_Gy_EM_T1_27nov24_CGomez_corr_mask,C1_Gy_EM_T1_27nov24_CGomez_corr_mask.png,C:\Users\20231807\Documents\GitHub\Cap_coral_reefs\New_version_of_the_project\website\benthic_datasets\mask_labels\reef_support\UNAL_BLEACHING_TAYRONA\masks_stitched\C1_Gy_EM_T1_27nov24_CGomez_corr_mask.png
mask,C1_Gy_EM_T2_27nov24_CGomez_corr_mask,C1_Gy_EM_T2_27nov24_CGomez_corr_mask.png,C:\Users\20231807\Documents\GitHub\Cap_coral_reefs\New_version_of_the_project\website\benthic_datasets\mask_labels\reef_support\UNAL_BLEACHING_TAYRONA\masks_stitched\C1_Gy_EM_T2_27nov24_CGomez_corr_mask.png
mask,C1_Gy_EP_T1_27nov24_HBenavides_corr_mask,C1_Gy_EP_T1_27nov24_HBenavides_corr_mask.png,C:\Users\20231807\Documents\GitHub\Cap_coral_reefs\New_version_of_the_project\website\benthic_datasets\mask_labels\reef_support\UNAL_BLEACHING_TAYRONA\masks_stitched\C1_Gy_EP_T1_27nov24_HBenavides_corr_mask.png
mask,C1_Gy_EP_T2_27nov24_HBenavides_corr_mask,C1_Gy_EP_T2_27nov24_HBenavides_corr_mask.png,C:\Users\20231807\Documents\GitHub\Cap_coral_reefs\New_version_of_the_project\website\benthic_datasets\mask_labels\reef_support\UNAL_BLEACHING_TAYRONA\masks_stitched\C1_Gy_EP_T2_27nov24_HBenavides_corr_mask.png
mask,C1_Gy_EP_T3_27nov24_HBenavides_corr_mask,C1_Gy_EP_T3_27nov24_HBenavides_corr_mask.png,C:\Users\20231807\Documents\GitHub\Cap_coral_reefs\New_version_of_the_project\website\benthic_datasets\mask_labels\reef_support\UNAL_BLEACHING_TAYRONA\masks_stitched\C1_Gy_EP_T3_27nov24_HBenavides_corr_mask.png
mask,C1_Gy_ESa_T1_27nov24_HBenavides_corr_mask,C1_Gy_ESa_T1_27nov24_HBenavides_corr_mask.png,C:\Users\20231807\Documents\GitHub\Cap_coral_reefs\New_version_of_the_project\website\benthic_datasets\mask_labels\reef_support\UNAL_BLEACHING_TAYRONA\masks_stitched\C1_Gy_ESa_T1_27nov24_HBenavides_corr_mask.png
mask,C1_Gy_ESa_T2_27nov24_HBenavides_corr_mask,C1_Gy_ESa_T2_27nov24_HBenavides_corr_mask.png,C:\Users\20231807\Documents\GitHub\Cap_coral_reefs\New_version_of_the_project\website\benthic_datasets\mask_labels\reef_support\UNAL_BLEACHING_TAYRONA\masks_stitched\C1_Gy_ESa_T2_27nov24_HBenavides_corr_mask.png
mask,C1_Gy_ESa_T3_27nov24_HBenavides_corr_mask,C1_Gy_ESa_T3_27nov24_HBenavides_corr_mask.png,C:\Users\20231807\Documents\GitHub\Cap_coral_reefs\New_version_of_the_project\website\benthic_datasets\mask_labels\reef_support\UNAL_BLEACHING_TAYRONA\masks_stitched\C1_Gy_ESa_T3_27nov24_HBenavides_corr_mask.png
mask,C1_Gy_ESb_T1_27nov24_CGomez_corr_mask,C1_Gy_ESb_T1_27nov24_CGomez_corr_mask.png,C:\Users\20231807\Documents\GitHub\Cap_coral_reefs\New_version_of_the_project\website\benthic_datasets\mask_labels\reef_support\UNAL_BLEACHING_TAYRONA\masks_stitched\C1_Gy_ESb_T1_27nov24_CGomez_corr_mask.png
mask,C1_Gy_ESb_T2_27nov24_CGomez_corr_mask,C1_Gy_ESb_T2_27nov24_CGomez_corr_mask.png,C:\Users\20231807\Documents\GitHub\Cap_coral_reefs\New_version_of_the_project\website\benthic_datasets\mask_labels\reef_support\UNAL_BLEACHING_TAYRONA\masks_stitched\C1_Gy_ESb_T2_27nov24_CGomez_corr_mask.png
mask,C1_Gy_ESb_T3_27nov24_CGomez_corr_mask,C1_Gy_ESb_T3_27nov24_CGomez_corr_mask.png,C:\Users\20231807\Documents\GitHub\Cap_coral_reefs\New_version_of_the_project\website\benthic_datasets\mask_labels\reef_support\UNAL_BLEACHING_TAYRONA\masks_stitched\C1_Gy_ESb_T3_27nov24_CGomez_corr_mask.png
mask,C1_Gy_PM_T1_27nov24_CGomez_corr_mask,C1_Gy_PM_T1_27nov24_CGomez_corr_mask.png,C:\Users\20231807\Documents\GitHub\Cap_coral_reefs\New_version_of_the_project\website\benthic_datasets\mask_labels\reef_support\UNAL_BLEACHING_TAYRONA\masks_stitched\C1_Gy_PM_T1_27nov24_CGomez_corr_mask.png
mask,C1_Gy_PM_T2_27nov24_CGomez_corr_mask,C1_Gy_PM_T2_27nov24_CGomez_corr_mask.png,C:\Users\20231807\Documents\GitHub\Cap_coral_reefs\New_version_of_the_project\website\benthic_datasets\mask_labels\reef_support\UNAL_BLEACHING_TAYRONA\masks_stitched\C1_Gy_PM_T2_27nov24_CGomez_corr_mask.png
mask,C1_Gy_PM_T3_27nov24_CGomez_corr_mask,C1_Gy_PM_T3_27nov24_CGomez_corr_mask.png,C:\Users\20231807\Documents\GitHub\Cap_coral_reefs\New_version_of_the_project\website\benthic_datasets\mask_labels\reef_support\UNAL_BLEACHING_TAYRONA\masks_stitched\C1_Gy_PM_T3_27nov24_CGomez_corr_mask.png
mask,C1_Gy_PP_T1_27nov24_CDaza_corr_mask,C1_Gy_PP_T1_27nov24_CDaza_corr_mask.png,C:\Users\20231807\Documents\GitHub\Cap_coral_reefs\New_version_of_the_project\website\benthic_datasets\mask_labels\reef_support\UNAL_BLEACHING_TAYRONA\masks_stitched\C1_Gy_PP_T1_27nov24_CDaza_corr_mask.png
mask,C1_Gy_PP_T2_27nov24_CDaza_corr_mask,C1_Gy_PP_T2_27nov24_CDaza_corr_mask.png,C:\Users\20231807\Documents\GitHub\Cap_coral_reefs\New_version_of_the_project\website\benthic_datasets\mask_labels\reef_support\UNAL_BLEACHING_TAYRONA\masks_stitched\C1_Gy_PP_T2_27nov24_CDaza_corr_mask.png
mask,C1_Gy_PP_T3_27nov24_CDaza_corr_mask,C1_Gy_PP_T3_27nov24_CDaza_corr_mask.png,C:\Users\20231807\Documents\GitHub\Cap_coral_reefs\New_version_of_the_project\website\benthic_datasets\mask_labels\reef_support\UNAL_BLEACHING_TAYRONA\masks_stitched\C1_Gy_PP_T3_27nov24_CDaza_corr_mask.png
mask,C1_Gy_PSa_T1_27nov24_CDaza_corr_mask,C1_Gy_PSa_T1_27nov24_CDaza_corr_mask.png,C:\Users\20231807\Documents\GitHub\Cap_coral_reefs\New_version_of_the_project\website\benthic_datasets\mask_labels\reef_support\UNAL_BLEACHING_TAYRONA\masks_stitched\C1_Gy_PSa_T1_27nov24_CDaza_corr_mask.png
mask,C1_Gy_PSa_T2_27nov24_CDaza_corr_mask,C1_Gy_PSa_T2_27nov24_CDaza_corr_mask.png,C:\Users\20231807\Documents\GitHub\Cap_coral_reefs\New_version_of_the_project\website\benthic_datasets\mask_labels\reef_support\UNAL_BLEACHING_TAYRONA\masks_stitched\C1_Gy_PSa_T2_27nov24_CDaza_corr_mask.png
mask,C1_Gy_PSa_T3_27nov24_CDaza_corr_mask,C1_Gy_PSa_T3_27nov24_CDaza_corr_mask.png,C:\Users\20231807\Documents\GitHub\Cap_coral_reefs\New_version_of_the_project\website\benthic_datasets\mask_labels\reef_support\UNAL_BLEACHING_TAYRONA\masks_stitched\C1_Gy_PSa_T3_27nov24_CDaza_corr_mask.png
mask,C1_Gy_PSb_T1_27nov24_CGomez_corr_mask,C1_Gy_PSb_T1_27nov24_CGomez_corr_mask.png,C:\Users\20231807\Documents\GitHub\Cap_coral_reefs\New_version_of_the_project\website\benthic_datasets\mask_labels\reef_support\UNAL_BLEACHING_TAYRONA\masks_stitched\C1_Gy_PSb_T1_27nov24_CGomez_corr_mask.png
mask,C1_Gy_PSb_T2_27nov24_CGomez_corr_mask,C1_Gy_PSb_T2_27nov24_CGomez_corr_mask.png,C:\Users\20231807\Documents\GitHub\Cap_coral_reefs\New_version_of_the_project\website\benthic_datasets\mask_labels\reef_support\UNAL_BLEACHING_TAYRONA\masks_stitched\C1_Gy_PSb_T2_27nov24_CGomez_corr_mask.png
mask,C1_Gy_PSb_T3_27nov24_CGomez_corr_mask,C1_Gy_PSb_T3_27nov24_CGomez_corr_mask.png,C:\Users\20231807\Documents\GitHub\Cap_coral_reefs\New_version_of_the_project\website\benthic_datasets\mask_labels\reef_support\UNAL_BLEACHING_TAYRONA\masks_stitched\C1_Gy_PSb_T3_27nov24_CGomez_corr_mask.png
mask,C1_PB_PM_T1_19nov24_CGomez_Corr_mask,C1_PB_PM_T1_19nov24_CGomez_Corr_mask.png,C:\Users\20231807\Documents\GitHub\Cap_coral_reefs\New_version_of_the_project\website\benthic_datasets\mask_labels\reef_support\UNAL_BLEACHING_TAYRONA\masks_stitched\C1_PB_PM_T1_19nov24_CGomez_Corr_mask.png
mask,C1_PB_PM_T2_19nov24_CGomez_Corr_mask,C1_PB_PM_T2_19nov24_CGomez_Corr_mask.png,C:\Users\20231807\Documents\GitHub\Cap_coral_reefs\New_version_of_the_project\website\benthic_datasets\mask_labels\reef_support\UNAL_BLEACHING_TAYRONA\masks_stitched\C1_PB_PM_T2_19nov24_CGomez_Corr_mask.png
mask,C1_PB_PM_T3_19nov24_CGomez_Corr_mask,C1_PB_PM_T3_19nov24_CGomez_Corr_mask.png,C:\Users\20231807\Documents\GitHub\Cap_coral_reefs\New_version_of_the_project\website\benthic_datasets\mask_labels\reef_support\UNAL_BLEACHING_TAYRONA\masks_stitched\C1_PB_PM_T3_19nov24_CGomez_Corr_mask.png
mask,C1_PB_PP_T1_19nov24_CGomez_Corr_mask,C1_PB_PP_T1_19nov24_CGomez_Corr_mask.png,C:\Users\20231807\Documents\GitHub\Cap_coral_reefs\New_version_of_the_project\website\benthic_datasets\mask_labels\reef_support\UNAL_BLEACHING_TAYRONA\masks_stitched\C1_PB_PP_T1_19nov24_CGomez_Corr_mask.png
mask,C1_PB_PP_T2_19nov24_CGomez_Corr_mask,C1_PB_PP_T2_19nov24_CGomez_Corr_mask.png,C:\Users\20231807\Documents\GitHub\Cap_coral_reefs\New_version_of_the_project\website\benthic_datasets\mask_labels\reef_support\UNAL_BLEACHING_TAYRONA\masks_stitched\C1_PB_PP_T2_19nov24_CGomez_Corr_mask.png
mask,C1_PB_PP_T3_19nov24_CGomez_Corr_mask,C1_PB_PP_T3_19nov24_CGomez_Corr_mask.png,C:\Users\20231807\Documents\GitHub\Cap_coral_reefs\New_version_of_the_project\website\benthic_datasets\mask_labels\reef_support\UNAL_BLEACHING_TAYRONA\masks_stitched\C1_PB_PP_T3_19nov24_CGomez_Corr_mask.png
mask,C1_PB_PSA_T1_19nov24_HBenavides_Corr_mask,C1_PB_PSA_T1_19nov24_HBenavides_Corr_mask.png,C:\Users\20231807\Documents\GitHub\Cap_coral_reefs\New_version_of_the_project\website\benthic_datasets\mask_labels\reef_support\UNAL_BLEACHING_TAYRONA\masks_stitched\C1_PB_PSA_T1_19nov24_HBenavides_Corr_mask.png
mask,C1_PB_PSA_T2_19nov24_HBenavides_Corr_mask,C1_PB_PSA_T2_19nov24_HBenavides_Corr_mask.png,C:\Users\20231807\Documents\GitHub\Cap_coral_reefs\New_version_of_the_project\website\benthic_datasets\mask_labels\reef_support\UNAL_BLEACHING_TAYRONA\masks_stitched\C1_PB_PSA_T2_19nov24_HBenavides_Corr_mask.png
mask,C1_PB_PSA_T3_19nov24_HBenavides_Corr_mask,C1_PB_PSA_T3_19nov24_HBenavides_Corr_mask.png,C:\Users\20231807\Documents\GitHub\Cap_coral_reefs\New_version_of_the_project\website\benthic_datasets\mask_labels\reef_support\UNAL_BLEACHING_TAYRONA\masks_stitched\C1_PB_PSA_T3_19nov24_HBenavides_Corr_mask.png
mask,C1_PB_PSb_T1_19nov24_HBenavides_Corr_mask,C1_PB_PSb_T1_19nov24_HBenavides_Corr_mask.png,C:\Users\20231807\Documents\GitHub\Cap_coral_reefs\New_version_of_the_project\website\benthic_datasets\mask_labels\reef_support\UNAL_BLEACHING_TAYRONA\masks_stitched\C1_PB_PSb_T1_19nov24_HBenavides_Corr_mask.png
mask,C1_PB_PSb_T2_19nov24_HBenavides_Corr_mask,C1_PB_PSb_T2_19nov24_HBenavides_Corr_mask.png,C:\Users\20231807\Documents\GitHub\Cap_coral_reefs\New_version_of_the_project\website\benthic_datasets\mask_labels\reef_support\UNAL_BLEACHING_TAYRONA\masks_stitched\C1_PB_PSb_T2_19nov24_HBenavides_Corr_mask.png
mask,C1_PB_PSb_T3_19nov24_HBenavides_Corr_mask,C1_PB_PSb_T3_19nov24_HBenavides_Corr_mask.png,C:\Users\20231807\Documents\GitHub\Cap_coral_reefs\New_version_of_the_project\website\benthic_datasets\mask_labels\reef_support\UNAL_BLEACHING_TAYRONA\masks_stitched\C1_PB_PSb_T3_19nov24_HBenavides_Corr_mask.png
mask,C20_Gr_PSa_T3_30nov24_CDaza_corr_mask,C20_Gr_PSa_T3_30nov24_CDaza_corr_mask.png,C:\Users\20231807\Documents\GitHub\Cap_coral_reefs\New_version_of_the_project\website\benthic_datasets\mask_labels\reef_support\UNAL_BLEACHING_TAYRONA\masks_stitched\C20_Gr_PSa_T3_30nov24_CDaza_corr_mask.png
mask,C2_BC_EM_T1_29nov24_CGomez_corr_mask,C2_BC_EM_T1_29nov24_CGomez_corr_mask.png,C:\Users\20231807\Documents\GitHub\Cap_coral_reefs\New_version_of_the_project\website\benthic_datasets\mask_labels\reef_support\UNAL_BLEACHING_TAYRONA\masks_stitched\C2_BC_EM_T1_29nov24_CGomez_corr_mask.png
mask,C2_BC_EM_T2_29nov24_CGomez_corr_mask,C2_BC_EM_T2_29nov24_CGomez_corr_mask.png,C:\Users\20231807\Documents\GitHub\Cap_coral_reefs\New_version_of_the_project\website\benthic_datasets\mask_labels\reef_support\UNAL_BLEACHING_TAYRONA\masks_stitched\C2_BC_EM_T2_29nov24_CGomez_corr_mask.png
mask,C2_BC_EM_T3_29nov24_CGomez_corr_mask,C2_BC_EM_T3_29nov24_CGomez_corr_mask.png,C:\Users\20231807\Documents\GitHub\Cap_coral_reefs\New_version_of_the_project\website\benthic_datasets\mask_labels\reef_support\UNAL_BLEACHING_TAYRONA\masks_stitched\C2_BC_EM_T3_29nov24_CGomez_corr_mask.png
mask,C2_BC_EP_T1_29nov24_CDaza_corr_mask,C2_BC_EP_T1_29nov24_CDaza_corr_mask.png,C:\Users\20231807\Documents\GitHub\Cap_coral_reefs\New_version_of_the_project\website\benthic_datasets\mask_labels\reef_support\UNAL_BLEACHING_TAYRONA\masks_stitched\C2_BC_EP_T1_29nov24_CDaza_corr_mask.png
mask,C2_BC_EP_T2_29nov24_CDaza_corr_mask,C2_BC_EP_T2_29nov24_CDaza_corr_mask.png,C:\Users\20231807\Documents\GitHub\Cap_coral_reefs\New_version_of_the_project\website\benthic_datasets\mask_labels\reef_support\UNAL_BLEACHING_TAYRONA\masks_stitched\C2_BC_EP_T2_29nov24_CDaza_corr_mask.png
mask,C2_BC_EP_T3_29nov24_CDaza_corr_mask,C2_BC_EP_T3_29nov24_CDaza_corr_mask.png,C:\Users\20231807\Documents\GitHub\Cap_coral_reefs\New_version_of_the_project\website\benthic_datasets\mask_labels\reef_support\UNAL_BLEACHING_TAYRONA\masks_stitched\C2_BC_EP_T3_29nov24_CDaza_corr_mask.png
mask,C2_BC_ESa_T1_29nov24_CDaza_corr_mask,C2_BC_ESa_T1_29nov24_CDaza_corr_mask.png,C:\Users\20231807\Documents\GitHub\Cap_coral_reefs\New_version_of_the_project\website\benthic_datasets\mask_labels\reef_support\UNAL_BLEACHING_TAYRONA\masks_stitched\C2_BC_ESa_T1_29nov24_CDaza_corr_mask.png
mask,C2_BC_ESa_T2_29nov24_CDaza_corr_mask,C2_BC_ESa_T2_29nov24_CDaza_corr_mask.png,C:\Users\20231807\Documents\GitHub\Cap_coral_reefs\New_version_of_the_project\website\benthic_datasets\mask_labels\reef_support\UNAL_BLEACHING_TAYRONA\masks_stitched\C2_BC_ESa_T2_29nov24_CDaza_corr_mask.png
mask,C2_BC_ESa_T3_29nov24_CDaza_corr_mask,C2_BC_ESa_T3_29nov24_CDaza_corr_mask.png,C:\Users\20231807\Documents\GitHub\Cap_coral_reefs\New_version_of_the_project\website\benthic_datasets\mask_labels\reef_support\UNAL_BLEACHING_TAYRONA\masks_stitched\C2_BC_ESa_T3_29nov24_CDaza_corr_mask.png
mask,C2_BC_ESb_T1_29nov24_CGomez_corr_mask,C2_BC_ESb_T1_29nov24_CGomez_corr_mask.png,C:\Users\20231807\Documents\GitHub\Cap_coral_reefs\New_version_of_the_project\website\benthic_datasets\mask_labels\reef_support\UNAL_BLEACHING_TAYRONA\masks_stitched\C2_BC_ESb_T1_29nov24_CGomez_corr_mask.png
mask,C2_BC_ESb_T2_29nov24_CGomez_corr_mask,C2_BC_ESb_T2_29nov24_CGomez_corr_mask.png,C:\Users\20231807\Documents\GitHub\Cap_coral_reefs\New_version_of_the_project\website\benthic_datasets\mask_labels\reef_support\UNAL_BLEACHING_TAYRONA\masks_stitched\C2_BC_ESb_T2_29nov24_CGomez_corr_mask.png
mask,C2_BC_ESb_T3_29nov24_CGomez_corr_mask,C2_BC_ESb_T3_29nov24_CGomez_corr_mask.png,C:\Users\20231807\Documents\GitHub\Cap_coral_reefs\New_version_of_the_project\website\benthic_datasets\mask_labels\reef_support\UNAL_BLEACHING_TAYRONA\masks_stitched\C2_BC_ESb_T3_29nov24_CGomez_corr_mask.png
mask,C2_BC_PM_T1_29nov24_CDaza_corr_mask,C2_BC_PM_T1_29nov24_CDaza_corr_mask.png,C:\Users\20231807\Documents\GitHub\Cap_coral_reefs\New_version_of_the_project\website\benthic_datasets\mask_labels\reef_support\UNAL_BLEACHING_TAYRONA\masks_stitched\C2_BC_PM_T1_29nov24_CDaza_corr_mask.png
mask,C2_BC_PM_T2_29nov24_CDaza_corr_mask,C2_BC_PM_T2_29nov24_CDaza_corr_mask.png,C:\Users\20231807\Documents\GitHub\Cap_coral_reefs\New_version_of_the_project\website\benthic_datasets\mask_labels\reef_support\UNAL_BLEACHING_TAYRONA\masks_stitched\C2_BC_PM_T2_29nov24_CDaza_corr_mask.png
mask,C2_BC_PM_T3_29nov24_CDaza_corr_mask,C2_BC_PM_T3_29nov24_CDaza_corr_mask.png,C:\Users\20231807\Documents\GitHub\Cap_coral_reefs\New_version_of_the_project\website\benthic_datasets\mask_labels\reef_support\UNAL_BLEACHING_TAYRONA\masks_stitched\C2_BC_PM_T3_29nov24_CDaza_corr_mask.png
mask,C2_BC_PP_T1_29nov24_HBenavides_corr_mask,C2_BC_PP_T1_29nov24_HBenavides_corr_mask.png,C:\Users\20231807\Documents\GitHub\Cap_coral_reefs\New_version_of_the_project\website\benthic_datasets\mask_labels\reef_support\UNAL_BLEACHING_TAYRONA\masks_stitched\C2_BC_PP_T1_29nov24_HBenavides_corr_mask.png
mask,C2_BC_PP_T2_29nov24_HBenavides_corr_mask,C2_BC_PP_T2_29nov24_HBenavides_corr_mask.png,C:\Users\20231807\Documents\GitHub\Cap_coral_reefs\New_version_of_the_project\website\benthic_datasets\mask_labels\reef_support\UNAL_BLEACHING_TAYRONA\masks_stitched\C2_BC_PP_T2_29nov24_HBenavides_corr_mask.png
mask,C2_BC_PP_T3_29nov24_HBenavides_corr_mask,C2_BC_PP_T3_29nov24_HBenavides_corr_mask.png,C:\Users\20231807\Documents\GitHub\Cap_coral_reefs\New_version_of_the_project\website\benthic_datasets\mask_labels\reef_support\UNAL_BLEACHING_TAYRONA\masks_stitched\C2_BC_PP_T3_29nov24_HBenavides_corr_mask.png
mask,C2_BC_PSa_T1_29nov24_CDaza_corr_mask,C2_BC_PSa_T1_29nov24_CDaza_corr_mask.png,C:\Users\20231807\Documents\GitHub\Cap_coral_reefs\New_version_of_the_project\website\benthic_datasets\mask_labels\reef_support\UNAL_BLEACHING_TAYRONA\masks_stitched\C2_BC_PSa_T1_29nov24_CDaza_corr_mask.png
mask,C2_BC_PSa_T2_29nov24_CDaza_corr_mask,C2_BC_PSa_T2_29nov24_CDaza_corr_mask.png,C:\Users\20231807\Documents\GitHub\Cap_coral_reefs\New_version_of_the_project\website\benthic_datasets\mask_labels\reef_support\UNAL_BLEACHING_TAYRONA\masks_stitched\C2_BC_PSa_T2_29nov24_CDaza_corr_mask.png
mask,C2_BC_PSa_T3_29nov24_CDaza_corr_mask,C2_BC_PSa_T3_29nov24_CDaza_corr_mask.png,C:\Users\20231807\Documents\GitHub\Cap_coral_reefs\New_version_of_the_project\website\benthic_datasets\mask_labels\reef_support\UNAL_BLEACHING_TAYRONA\masks_stitched\C2_BC_PSa_T3_29nov24_CDaza_corr_mask.png
mask,C2_BC_PSb_T1_29nov24_HBenavides_corr_mask,C2_BC_PSb_T1_29nov24_HBenavides_corr_mask.png,C:\Users\20231807\Documents\GitHub\Cap_coral_reefs\New_version_of_the_project\website\benthic_datasets\mask_labels\reef_support\UNAL_BLEACHING_TAYRONA\masks_stitched\C2_BC_PSb_T1_29nov24_HBenavides_corr_mask.png
mask,C2_BC_PSb_T2_29nov24_HBenavides_corr_mask,C2_BC_PSb_T2_29nov24_HBenavides_corr_mask.png,C:\Users\20231807\Documents\GitHub\Cap_coral_reefs\New_version_of_the_project\website\benthic_datasets\mask_labels\reef_support\UNAL_BLEACHING_TAYRONA\masks_stitched\C2_BC_PSb_T2_29nov24_HBenavides_corr_mask.png
mask,C2_BC_PSb_T3_29nov24_HBenavides_corr_mask,C2_BC_PSb_T3_29nov24_HBenavides_corr_mask.png,C:\Users\20231807\Documents\GitHub\Cap_coral_reefs\New_version_of_the_project\website\benthic_datasets\mask_labels\reef_support\UNAL_BLEACHING_TAYRONA\masks_stitched\C2_BC_PSb_T3_29nov24_HBenavides_corr_mask.png
mask,C2_Gr_PM_T1_30nov24_CGomez_corr_mask,C2_Gr_PM_T1_30nov24_CGomez_corr_mask.png,C:\Users\20231807\Documents\GitHub\Cap_coral_reefs\New_version_of_the_project\website\benthic_datasets\mask_labels\reef_support\UNAL_BLEACHING_TAYRONA\masks_stitched\C2_Gr_PM_T1_30nov24_CGomez_corr_mask.png
mask,C2_Gr_PM_T2_30nov24_CGomez_corr_mask,C2_Gr_PM_T2_30nov24_CGomez_corr_mask.png,C:\Users\20231807\Documents\GitHub\Cap_coral_reefs\New_version_of_the_project\website\benthic_datasets\mask_labels\reef_support\UNAL_BLEACHING_TAYRONA\masks_stitched\C2_Gr_PM_T2_30nov24_CGomez_corr_mask.png
mask,C2_Gr_PM_T3_30nov24_CGomez_corr_mask,C2_Gr_PM_T3_30nov24_CGomez_corr_mask.png,C:\Users\20231807\Documents\GitHub\Cap_coral_reefs\New_version_of_the_project\website\benthic_datasets\mask_labels\reef_support\UNAL_BLEACHING_TAYRONA\masks_stitched\C2_Gr_PM_T3_30nov24_CGomez_corr_mask.png
mask,C2_Gr_PP_T1_30nov24_HBenavides_corr_mask,C2_Gr_PP_T1_30nov24_HBenavides_corr_mask.png,C:\Users\20231807\Documents\GitHub\Cap_coral_reefs\New_version_of_the_project\website\benthic_datasets\mask_labels\reef_support\UNAL_BLEACHING_TAYRONA\masks_stitched\C2_Gr_PP_T1_30nov24_HBenavides_corr_mask.png
mask,C2_Gr_PP_T2_30nov24_HBenavides_corr_mask,C2_Gr_PP_T2_30nov24_HBenavides_corr_mask.png,C:\Users\20231807\Documents\GitHub\Cap_coral_reefs\New_version_of_the_project\website\benthic_datasets\mask_labels\reef_support\UNAL_BLEACHING_TAYRONA\masks_stitched\C2_Gr_PP_T2_30nov24_HBenavides_corr_mask.png
mask,C2_Gr_PP_T3_30nov24_HBenavides_corr_mask,C2_Gr_PP_T3_30nov24_HBenavides_corr_mask.png,C:\Users\20231807\Documents\GitHub\Cap_coral_reefs\New_version_of_the_project\website\benthic_datasets\mask_labels\reef_support\UNAL_BLEACHING_TAYRONA\masks_stitched\C2_Gr_PP_T3_30nov24_HBenavides_corr_mask.png
mask,C2_Gr_PSa_T1_30nov24_CDaza_corr_mask,C2_Gr_PSa_T1_30nov24_CDaza_corr_mask.png,C:\Users\20231807\Documents\GitHub\Cap_coral_reefs\New_version_of_the_project\website\benthic_datasets\mask_labels\reef_support\UNAL_BLEACHING_TAYRONA\masks_stitched\C2_Gr_PSa_T1_30nov24_CDaza_corr_mask.png
mask,C2_Gr_PSa_T2_30nov24_CDaza_corr_mask,C2_Gr_PSa_T2_30nov24_CDaza_corr_mask.png,C:\Users\20231807\Documents\GitHub\Cap_coral_reefs\New_version_of_the_project\website\benthic_datasets\mask_labels\reef_support\UNAL_BLEACHING_TAYRONA\masks_stitched\C2_Gr_PSa_T2_30nov24_CDaza_corr_mask.png
mask,C2_Gr_PSa_T3_30nov24_CDaza_corr_mask,C2_Gr_PSa_T3_30nov24_CDaza_corr_mask.png,C:\Users\20231807\Documents\GitHub\Cap_coral_reefs\New_version_of_the_project\website\benthic_datasets\mask_labels\reef_support\UNAL_BLEACHING_TAYRONA\masks_stitched\C2_Gr_PSa_T3_30nov24_CDaza_corr_mask.png
mask,C2_Gy_EM_T1_27nov24_CGomez_corr_mask,C2_Gy_EM_T1_27nov24_CGomez_corr_mask.png,C:\Users\20231807\Documents\GitHub\Cap_coral_reefs\New_version_of_the_project\website\benthic_datasets\mask_labels\reef_support\UNAL_BLEACHING_TAYRONA\masks_stitched\C2_Gy_EM_T1_27nov24_CGomez_corr_mask.png
mask,C2_Gy_EM_T2_27nov24_CGomez_corr_mask,C2_Gy_EM_T2_27nov24_CGomez_corr_mask.png,C:\Users\20231807\Documents\GitHub\Cap_coral_reefs\New_version_of_the_project\website\benthic_datasets\mask_labels\reef_support\UNAL_BLEACHING_TAYRONA\masks_stitched\C2_Gy_EM_T2_27nov24_CGomez_corr_mask.png
mask,C2_Gy_EP_T1_27nov24_HBenavides_corr_mask,C2_Gy_EP_T1_27nov24_HBenavides_corr_mask.png,C:\Users\20231807\Documents\GitHub\Cap_coral_reefs\New_version_of_the_project\website\benthic_datasets\mask_labels\reef_support\UNAL_BLEACHING_TAYRONA\masks_stitched\C2_Gy_EP_T1_27nov24_HBenavides_corr_mask.png
mask,C2_Gy_EP_T2_27nov24_HBenavides_corr_mask,C2_Gy_EP_T2_27nov24_HBenavides_corr_mask.png,C:\Users\20231807\Documents\GitHub\Cap_coral_reefs\New_version_of_the_project\website\benthic_datasets\mask_labels\reef_support\UNAL_BLEACHING_TAYRONA\masks_stitched\C2_Gy_EP_T2_27nov24_HBenavides_corr_mask.png
mask,C2_Gy_EP_T3_27nov24_HBenavides_corr_mask,C2_Gy_EP_T3_27nov24_HBenavides_corr_mask.png,C:\Users\20231807\Documents\GitHub\Cap_coral_reefs\New_version_of_the_project\website\benthic_datasets\mask_labels\reef_support\UNAL_BLEACHING_TAYRONA\masks_stitched\C2_Gy_EP_T3_27nov24_HBenavides_corr_mask.png
mask,C2_Gy_ESa_T1_27nov24_HBenavides_corr_mask,C2_Gy_ESa_T1_27nov24_HBenavides_corr_mask.png,C:\Users\20231807\Documents\GitHub\Cap_coral_reefs\New_version_of_the_project\website\benthic_datasets\mask_labels\reef_support\UNAL_BLEACHING_TAYRONA\masks_stitched\C2_Gy_ESa_T1_27nov24_HBenavides_corr_mask.png
mask,C2_Gy_ESa_T2_27nov24_HBenavides_corr_mask,C2_Gy_ESa_T2_27nov24_HBenavides_corr_mask.png,C:\Users\20231807\Documents\GitHub\Cap_coral_reefs\New_version_of_the_project\website\benthic_datasets\mask_labels\reef_support\UNAL_BLEACHING_TAYRONA\masks_stitched\C2_Gy_ESa_T2_27nov24_HBenavides_corr_mask.png
mask,C2_Gy_ESa_T3_27nov24_HBenavides_corr_mask,C2_Gy_ESa_T3_27nov24_HBenavides_corr_mask.png,C:\Users\20231807\Documents\GitHub\Cap_coral_reefs\New_version_of_the_project\website\benthic_datasets\mask_labels\reef_support\UNAL_BLEACHING_TAYRONA\masks_stitched\C2_Gy_ESa_T3_27nov24_HBenavides_corr_mask.png
mask,C2_Gy_ESb_T1_27nov24_CGomez_corr_mask,C2_Gy_ESb_T1_27nov24_CGomez_corr_mask.png,C:\Users\20231807\Documents\GitHub\Cap_coral_reefs\New_version_of_the_project\website\benthic_datasets\mask_labels\reef_support\UNAL_BLEACHING_TAYRONA\masks_stitched\C2_Gy_ESb_T1_27nov24_CGomez_corr_mask.png
mask,C2_Gy_ESb_T2_27nov24_CGomez_corr_mask,C2_Gy_ESb_T2_27nov24_CGomez_corr_mask.png,C:\Users\20231807\Documents\GitHub\Cap_coral_reefs\New_version_of_the_project\website\benthic_datasets\mask_labels\reef_support\UNAL_BLEACHING_TAYRONA\masks_stitched\C2_Gy_ESb_T2_27nov24_CGomez_corr_mask.png
mask,C2_Gy_ESb_T3_27nov24_CGomez_corr_mask,C2_Gy_ESb_T3_27nov24_CGomez_corr_mask.png,C:\Users\20231807\Documents\GitHub\Cap_coral_reefs\New_version_of_the_project\website\benthic_datasets\mask_labels\reef_support\UNAL_BLEACHING_TAYRONA\masks_stitched\C2_Gy_ESb_T3_27nov24_CGomez_corr_mask.png
mask,C2_Gy_PM_T1_27nov24_CGomez_corr_mask,C2_Gy_PM_T1_27nov24_CGomez_corr_mask.png,C:\Users\20231807\Documents\GitHub\Cap_coral_reefs\New_version_of_the_project\website\benthic_datasets\mask_labels\reef_support\UNAL_BLEACHING_TAYRONA\masks_stitched\C2_Gy_PM_T1_27nov24_CGomez_corr_mask.png
mask,C2_Gy_PM_T2_27nov24_CGomez_corr_mask,C2_Gy_PM_T2_27nov24_CGomez_corr_mask.png,C:\Users\20231807\Documents\GitHub\Cap_coral_reefs\New_version_of_the_project\website\benthic_datasets\mask_labels\reef_support\UNAL_BLEACHING_TAYRONA\masks_stitched\C2_Gy_PM_T2_27nov24_CGomez_corr_mask.png
mask,C2_Gy_PM_T3_27nov24_CGomez_corr_mask,C2_Gy_PM_T3_27nov24_CGomez_corr_mask.png,C:\Users\20231807\Documents\GitHub\Cap_coral_reefs\New_version_of_the_project\website\benthic_datasets\mask_labels\reef_support\UNAL_BLEACHING_TAYRONA\masks_stitched\C2_Gy_PM_T3_27nov24_CGomez_corr_mask.png
mask,C2_Gy_PP_T1_27nov24_CDaza_corr_mask,C2_Gy_PP_T1_27nov24_CDaza_corr_mask.png,C:\Users\20231807\Documents\GitHub\Cap_coral_reefs\New_version_of_the_project\website\benthic_datasets\mask_labels\reef_support\UNAL_BLEACHING_TAYRONA\masks_stitched\C2_Gy_PP_T1_27nov24_CDaza_corr_mask.png
mask,C2_Gy_PP_T2_27nov24_CDaza_corr_mask,C2_Gy_PP_T2_27nov24_CDaza_corr_mask.png,C:\Users\20231807\Documents\GitHub\Cap_coral_reefs\New_version_of_the_project\website\benthic_datasets\mask_labels\reef_support\UNAL_BLEACHING_TAYRONA\masks_stitched\C2_Gy_PP_T2_27nov24_CDaza_corr_mask.png
mask,C2_Gy_PP_T3_27nov24_CDaza_corr_mask,C2_Gy_PP_T3_27nov24_CDaza_corr_mask.png,C:\Users\20231807\Documents\GitHub\Cap_coral_reefs\New_version_of_the_project\website\benthic_datasets\mask_labels\reef_support\UNAL_BLEACHING_TAYRONA\masks_stitched\C2_Gy_PP_T3_27nov24_CDaza_corr_mask.png
mask,C2_Gy_PSa_T1_27nov24_CDaza_corr_mask,C2_Gy_PSa_T1_27nov24_CDaza_corr_mask.png,C:\Users\20231807\Documents\GitHub\Cap_coral_reefs\New_version_of_the_project\website\benthic_datasets\mask_labels\reef_support\UNAL_BLEACHING_TAYRONA\masks_stitched\C2_Gy_PSa_T1_27nov24_CDaza_corr_mask.png
mask,C2_Gy_PSa_T2_27nov24_CDaza_corr_mask,C2_Gy_PSa_T2_27nov24_CDaza_corr_mask.png,C:\Users\20231807\Documents\GitHub\Cap_coral_reefs\New_version_of_the_project\website\benthic_datasets\mask_labels\reef_support\UNAL_BLEACHING_TAYRONA\masks_stitched\C2_Gy_PSa_T2_27nov24_CDaza_corr_mask.png
mask,C2_Gy_PSa_T3_27nov24_CDaza_corr_mask,C2_Gy_PSa_T3_27nov24_CDaza_corr_mask.png,C:\Users\20231807\Documents\GitHub\Cap_coral_reefs\New_version_of_the_project\website\benthic_datasets\mask_labels\reef_support\UNAL_BLEACHING_TAYRONA\masks_stitched\C2_Gy_PSa_T3_27nov24_CDaza_corr_mask.png
mask,C2_Gy_PSb_T1_27nov24_CGomez_corr_mask,C2_Gy_PSb_T1_27nov24_CGomez_corr_mask.png,C:\Users\20231807\Documents\GitHub\Cap_coral_reefs\New_version_of_the_project\website\benthic_datasets\mask_labels\reef_support\UNAL_BLEACHING_TAYRONA\masks_stitched\C2_Gy_PSb_T1_27nov24_CGomez_corr_mask.png
mask,C2_Gy_PSb_T2_27nov24_CGomez_corr_mask,C2_Gy_PSb_T2_27nov24_CGomez_corr_mask.png,C:\Users\20231807\Documents\GitHub\Cap_coral_reefs\New_version_of_the_project\website\benthic_datasets\mask_labels\reef_support\UNAL_BLEACHING_TAYRONA\masks_stitched\C2_Gy_PSb_T2_27nov24_CGomez_corr_mask.png
mask,C2_Gy_PSb_T3_27nov24_CGomez_corr_mask,C2_Gy_PSb_T3_27nov24_CGomez_corr_mask.png,C:\Users\20231807\Documents\GitHub\Cap_coral_reefs\New_version_of_the_project\website\benthic_datasets\mask_labels\reef_support\UNAL_BLEACHING_TAYRONA\masks_stitched\C2_Gy_PSb_T3_27nov24_CGomez_corr_mask.png
mask,C2_PB_PM_T1_19nov24_CGomez_Corr_mask,C2_PB_PM_T1_19nov24_CGomez_Corr_mask.png,C:\Users\20231807\Documents\GitHub\Cap_coral_reefs\New_version_of_the_project\website\benthic_datasets\mask_labels\reef_support\UNAL_BLEACHING_TAYRONA\masks_stitched\C2_PB_PM_T1_19nov24_CGomez_Corr_mask.png
mask,C2_PB_PM_T2_19nov24_CGomez_Corr_mask,C2_PB_PM_T2_19nov24_CGomez_Corr_mask.png,C:\Users\20231807\Documents\GitHub\Cap_coral_reefs\New_version_of_the_project\website\benthic_datasets\mask_labels\reef_support\UNAL_BLEACHING_TAYRONA\masks_stitched\C2_PB_PM_T2_19nov24_CGomez_Corr_mask.png
mask,C2_PB_PM_T3_19nov24_CGomez_Corr_mask,C2_PB_PM_T3_19nov24_CGomez_Corr_mask.png,C:\Users\20231807\Documents\GitHub\Cap_coral_reefs\New_version_of_the_project\website\benthic_datasets\mask_labels\reef_support\UNAL_BLEACHING_TAYRONA\masks_stitched\C2_PB_PM_T3_19nov24_CGomez_Corr_mask.png
mask,C2_PB_PP_T1_19nov24_CGomez_Corr_mask,C2_PB_PP_T1_19nov24_CGomez_Corr_mask.png,C:\Users\20231807\Documents\GitHub\Cap_coral_reefs\New_version_of_the_project\website\benthic_datasets\mask_labels\reef_support\UNAL_BLEACHING_TAYRONA\masks_stitched\C2_PB_PP_T1_19nov24_CGomez_Corr_mask.png
mask,C2_PB_PP_T2_19nov24_CGomez_Corr_mask,C2_PB_PP_T2_19nov24_CGomez_Corr_mask.png,C:\Users\20231807\Documents\GitHub\Cap_coral_reefs\New_version_of_the_project\website\benthic_datasets\mask_labels\reef_support\UNAL_BLEACHING_TAYRONA\masks_stitched\C2_PB_PP_T2_19nov24_CGomez_Corr_mask.png
mask,C2_PB_PP_T3_19nov24_CGomez_Corr_mask,C2_PB_PP_T3_19nov24_CGomez_Corr_mask.png,C:\Users\20231807\Documents\GitHub\Cap_coral_reefs\New_version_of_the_project\website\benthic_datasets\mask_labels\reef_support\UNAL_BLEACHING_TAYRONA\masks_stitched\C2_PB_PP_T3_19nov24_CGomez_Corr_mask.png
mask,C2_PB_PSA_T1_19nov24_HBenavides_Corr_mask,C2_PB_PSA_T1_19nov24_HBenavides_Corr_mask.png,C:\Users\20231807\Documents\GitHub\Cap_coral_reefs\New_version_of_the_project\website\benthic_datasets\mask_labels\reef_support\UNAL_BLEACHING_TAYRONA\masks_stitched\C2_PB_PSA_T1_19nov24_HBenavides_Corr_mask.png
mask,C2_PB_PSA_T2_19nov24_HBenavides_Corr_mask,C2_PB_PSA_T2_19nov24_HBenavides_Corr_mask.png,C:\Users\20231807\Documents\GitHub\Cap_coral_reefs\New_version_of_the_project\website\benthic_datasets\mask_labels\reef_support\UNAL_BLEACHING_TAYRONA\masks_stitched\C2_PB_PSA_T2_19nov24_HBenavides_Corr_mask.png
mask,C2_PB_PSA_T3_19nov24_HBenavides_Corr_mask,C2_PB_PSA_T3_19nov24_HBenavides_Corr_mask.png,C:\Users\20231807\Documents\GitHub\Cap_coral_reefs\New_version_of_the_project\website\benthic_datasets\mask_labels\reef_support\UNAL_BLEACHING_TAYRONA\masks_stitched\C2_PB_PSA_T3_19nov24_HBenavides_Corr_mask.png
mask,C2_PB_PSb_T1_19nov24_HBenavides_Corr_mask,C2_PB_PSb_T1_19nov24_HBenavides_Corr_mask.png,C:\Users\20231807\Documents\GitHub\Cap_coral_reefs\New_version_of_the_project\website\benthic_datasets\mask_labels\reef_support\UNAL_BLEACHING_TAYRONA\masks_stitched\C2_PB_PSb_T1_19nov24_HBenavides_Corr_mask.png
mask,C2_PB_PSb_T2_19nov24_HBenavides_Corr_mask,C2_PB_PSb_T2_19nov24_HBenavides_Corr_mask.png,C:\Users\20231807\Documents\GitHub\Cap_coral_reefs\New_version_of_the_project\website\benthic_datasets\mask_labels\reef_support\UNAL_BLEACHING_TAYRONA\masks_stitched\C2_PB_PSb_T2_19nov24_HBenavides_Corr_mask.png
mask,C2_PB_PSb_T3_19nov24_HBenavides_Corr_mask,C2_PB_PSb_T3_19nov24_HBenavides_Corr_mask.png,C:\Users\20231807\Documents\GitHub\Cap_coral_reefs\New_version_of_the_project\website\benthic_datasets\mask_labels\reef_support\UNAL_BLEACHING_TAYRONA\masks_stitched\C2_PB_PSb_T3_19nov24_HBenavides_Corr_mask.png
mask,C3_BC_EM_T1_29nov24_CGomez_corr_mask,C3_BC_EM_T1_29nov24_CGomez_corr_mask.png,C:\Users\20231807\Documents\GitHub\Cap_coral_reefs\New_version_of_the_project\website\benthic_datasets\mask_labels\reef_support\UNAL_BLEACHING_TAYRONA\masks_stitched\C3_BC_EM_T1_29nov24_CGomez_corr_mask.png
mask,C3_BC_EM_T2_29nov24_CGomez_corr_mask,C3_BC_EM_T2_29nov24_CGomez_corr_mask.png,C:\Users\20231807\Documents\GitHub\Cap_coral_reefs\New_version_of_the_project\website\benthic_datasets\mask_labels\reef_support\UNAL_BLEACHING_TAYRONA\masks_stitched\C3_BC_EM_T2_29nov24_CGomez_corr_mask.png
mask,C3_BC_EM_T3_29nov24_CGomez_corr_mask,C3_BC_EM_T3_29nov24_CGomez_corr_mask.png,C:\Users\20231807\Documents\GitHub\Cap_coral_reefs\New_version_of_the_project\website\benthic_datasets\mask_labels\reef_support\UNAL_BLEACHING_TAYRONA\masks_stitched\C3_BC_EM_T3_29nov24_CGomez_corr_mask.png
mask,C3_BC_EP_T1_29nov24_CDaza_corr_mask,C3_BC_EP_T1_29nov24_CDaza_corr_mask.png,C:\Users\20231807\Documents\GitHub\Cap_coral_reefs\New_version_of_the_project\website\benthic_datasets\mask_labels\reef_support\UNAL_BLEACHING_TAYRONA\masks_stitched\C3_BC_EP_T1_29nov24_CDaza_corr_mask.png
mask,C3_BC_EP_T2_29nov24_CDaza_corr_mask,C3_BC_EP_T2_29nov24_CDaza_corr_mask.png,C:\Users\20231807\Documents\GitHub\Cap_coral_reefs\New_version_of_the_project\website\benthic_datasets\mask_labels\reef_support\UNAL_BLEACHING_TAYRONA\masks_stitched\C3_BC_EP_T2_29nov24_CDaza_corr_mask.png
mask,C3_BC_EP_T3_29nov24_CDaza_corr_mask,C3_BC_EP_T3_29nov24_CDaza_corr_mask.png,C:\Users\20231807\Documents\GitHub\Cap_coral_reefs\New_version_of_the_project\website\benthic_datasets\mask_labels\reef_support\UNAL_BLEACHING_TAYRONA\masks_stitched\C3_BC_EP_T3_29nov24_CDaza_corr_mask.png
mask,C3_BC_ESa_T1_29nov24_CDaza_corr_mask,C3_BC_ESa_T1_29nov24_CDaza_corr_mask.png,C:\Users\20231807\Documents\GitHub\Cap_coral_reefs\New_version_of_the_project\website\benthic_datasets\mask_labels\reef_support\UNAL_BLEACHING_TAYRONA\masks_stitched\C3_BC_ESa_T1_29nov24_CDaza_corr_mask.png
mask,C3_BC_ESb_T1_29nov24_CGomez_corr_mask,C3_BC_ESb_T1_29nov24_CGomez_corr_mask.png,C:\Users\20231807\Documents\GitHub\Cap_coral_reefs\New_version_of_the_project\website\benthic_datasets\mask_labels\reef_support\UNAL_BLEACHING_TAYRONA\masks_stitched\C3_BC_ESb_T1_29nov24_CGomez_corr_mask.png
mask,C3_BC_ESb_T2_29nov24_CGomez_corr_mask,C3_BC_ESb_T2_29nov24_CGomez_corr_mask.png,C:\Users\20231807\Documents\GitHub\Cap_coral_reefs\New_version_of_the_project\website\benthic_datasets\mask_labels\reef_support\UNAL_BLEACHING_TAYRONA\masks_stitched\C3_BC_ESb_T2_29nov24_CGomez_corr_mask.png
mask,C3_BC_ESb_T3_29nov24_CGomez_corr_mask,C3_BC_ESb_T3_29nov24_CGomez_corr_mask.png,C:\Users\20231807\Documents\GitHub\Cap_coral_reefs\New_version_of_the_project\website\benthic_datasets\mask_labels\reef_support\UNAL_BLEACHING_TAYRONA\masks_stitched\C3_BC_ESb_T3_29nov24_CGomez_corr_mask.png
mask,C3_BC_PM_T1_29nov24_CDaza_corr_mask,C3_BC_PM_T1_29nov24_CDaza_corr_mask.png,C:\Users\20231807\Documents\GitHub\Cap_coral_reefs\New_version_of_the_project\website\benthic_datasets\mask_labels\reef_support\UNAL_BLEACHING_TAYRONA\masks_stitched\C3_BC_PM_T1_29nov24_CDaza_corr_mask.png
mask,C3_BC_PM_T2_29nov24_CDaza_corr_mask,C3_BC_PM_T2_29nov24_CDaza_corr_mask.png,C:\Users\20231807\Documents\GitHub\Cap_coral_reefs\New_version_of_the_project\website\benthic_datasets\mask_labels\reef_support\UNAL_BLEACHING_TAYRONA\masks_stitched\C3_BC_PM_T2_29nov24_CDaza_corr_mask.png
mask,C3_BC_PM_T3_29nov24_CDaza_corr_mask,C3_BC_PM_T3_29nov24_CDaza_corr_mask.png,C:\Users\20231807\Documents\GitHub\Cap_coral_reefs\New_version_of_the_project\website\benthic_datasets\mask_labels\reef_support\UNAL_BLEACHING_TAYRONA\masks_stitched\C3_BC_PM_T3_29nov24_CDaza_corr_mask.png
mask,C3_BC_PP_T1_29nov24_HBenavides_corr_mask,C3_BC_PP_T1_29nov24_HBenavides_corr_mask.png,C:\Users\20231807\Documents\GitHub\Cap_coral_reefs\New_version_of_the_project\website\benthic_datasets\mask_labels\reef_support\UNAL_BLEACHING_TAYRONA\masks_stitched\C3_BC_PP_T1_29nov24_HBenavides_corr_mask.png
mask,C3_BC_PP_T2_29nov24_HBenavides_corr_mask,C3_BC_PP_T2_29nov24_HBenavides_corr_mask.png,C:\Users\20231807\Documents\GitHub\Cap_coral_reefs\New_version_of_the_project\website\benthic_datasets\mask_labels\reef_support\UNAL_BLEACHING_TAYRONA\masks_stitched\C3_BC_PP_T2_29nov24_HBenavides_corr_mask.png
mask,C3_BC_PP_T3_29nov24_HBenavides_corr_mask,C3_BC_PP_T3_29nov24_HBenavides_corr_mask.png,C:\Users\20231807\Documents\GitHub\Cap_coral_reefs\New_version_of_the_project\website\benthic_datasets\mask_labels\reef_support\UNAL_BLEACHING_TAYRONA\masks_stitched\C3_BC_PP_T3_29nov24_HBenavides_corr_mask.png
mask,C3_BC_PSa_T1_29nov24_CDaza_corr_mask,C3_BC_PSa_T1_29nov24_CDaza_corr_mask.png,C:\Users\20231807\Documents\GitHub\Cap_coral_reefs\New_version_of_the_project\website\benthic_datasets\mask_labels\reef_support\UNAL_BLEACHING_TAYRONA\masks_stitched\C3_BC_PSa_T1_29nov24_CDaza_corr_mask.png
mask,C3_BC_PSb_T2_29nov24_HBenavides_corr_mask,C3_BC_PSb_T2_29nov24_HBenavides_corr_mask.png,C:\Users\20231807\Documents\GitHub\Cap_coral_reefs\New_version_of_the_project\website\benthic_datasets\mask_labels\reef_support\UNAL_BLEACHING_TAYRONA\masks_stitched\C3_BC_PSb_T2_29nov24_HBenavides_corr_mask.png
mask,C3_BC_PSb_T3_29nov24_HBenavides_corr_mask,C3_BC_PSb_T3_29nov24_HBenavides_corr_mask.png,C:\Users\20231807\Documents\GitHub\Cap_coral_reefs\New_version_of_the_project\website\benthic_datasets\mask_labels\reef_support\UNAL_BLEACHING_TAYRONA\masks_stitched\C3_BC_PSb_T3_29nov24_HBenavides_corr_mask.png
mask,C3_Gr_PM_T1_30nov24_CGomez_corr_mask,C3_Gr_PM_T1_30nov24_CGomez_corr_mask.png,C:\Users\20231807\Documents\GitHub\Cap_coral_reefs\New_version_of_the_project\website\benthic_datasets\mask_labels\reef_support\UNAL_BLEACHING_TAYRONA\masks_stitched\C3_Gr_PM_T1_30nov24_CGomez_corr_mask.png
mask,C3_Gr_PM_T2_30nov24_CGomez_corr_mask,C3_Gr_PM_T2_30nov24_CGomez_corr_mask.png,C:\Users\20231807\Documents\GitHub\Cap_coral_reefs\New_version_of_the_project\website\benthic_datasets\mask_labels\reef_support\UNAL_BLEACHING_TAYRONA\masks_stitched\C3_Gr_PM_T2_30nov24_CGomez_corr_mask.png
mask,C3_Gr_PM_T3_30nov24_CGomez_corr_mask,C3_Gr_PM_T3_30nov24_CGomez_corr_mask.png,C:\Users\20231807\Documents\GitHub\Cap_coral_reefs\New_version_of_the_project\website\benthic_datasets\mask_labels\reef_support\UNAL_BLEACHING_TAYRONA\masks_stitched\C3_Gr_PM_T3_30nov24_CGomez_corr_mask.png
mask,C3_Gr_PP_T1_30nov24_HBenavides_corr_mask,C3_Gr_PP_T1_30nov24_HBenavides_corr_mask.png,C:\Users\20231807\Documents\GitHub\Cap_coral_reefs\New_version_of_the_project\website\benthic_datasets\mask_labels\reef_support\UNAL_BLEACHING_TAYRONA\masks_stitched\C3_Gr_PP_T1_30nov24_HBenavides_corr_mask.png
mask,C3_Gr_PP_T2_30nov24_HBenavides_corr_mask,C3_Gr_PP_T2_30nov24_HBenavides_corr_mask.png,C:\Users\20231807\Documents\GitHub\Cap_coral_reefs\New_version_of_the_project\website\benthic_datasets\mask_labels\reef_support\UNAL_BLEACHING_TAYRONA\masks_stitched\C3_Gr_PP_T2_30nov24_HBenavides_corr_mask.png
mask,C3_Gr_PP_T3_30nov24_HBenavides_corr_mask,C3_Gr_PP_T3_30nov24_HBenavides_corr_mask.png,C:\Users\20231807\Documents\GitHub\Cap_coral_reefs\New_version_of_the_project\website\benthic_datasets\mask_labels\reef_support\UNAL_BLEACHING_TAYRONA\masks_stitched\C3_Gr_PP_T3_30nov24_HBenavides_corr_mask.png
mask,C3_Gr_PSa_T1_30nov24_CDaza_corr_mask,C3_Gr_PSa_T1_30nov24_CDaza_corr_mask.png,C:\Users\20231807\Documents\GitHub\Cap_coral_reefs\New_version_of_the_project\website\benthic_datasets\mask_labels\reef_support\UNAL_BLEACHING_TAYRONA\masks_stitched\C3_Gr_PSa_T1_30nov24_CDaza_corr_mask.png
mask,C3_Gr_PSa_T2_30nov24_CDaza_corr_mask,C3_Gr_PSa_T2_30nov24_CDaza_corr_mask.png,C:\Users\20231807\Documents\GitHub\Cap_coral_reefs\New_version_of_the_project\website\benthic_datasets\mask_labels\reef_support\UNAL_BLEACHING_TAYRONA\masks_stitched\C3_Gr_PSa_T2_30nov24_CDaza_corr_mask.png
mask,C3_Gr_PSa_T3_30nov24_CDaza_corr_mask,C3_Gr_PSa_T3_30nov24_CDaza_corr_mask.png,C:\Users\20231807\Documents\GitHub\Cap_coral_reefs\New_version_of_the_project\website\benthic_datasets\mask_labels\reef_support\UNAL_BLEACHING_TAYRONA\masks_stitched\C3_Gr_PSa_T3_30nov24_CDaza_corr_mask.png
mask,C3_PB_PM_T1_19nov24_CGomez_Corr_mask,C3_PB_PM_T1_19nov24_CGomez_Corr_mask.png,C:\Users\20231807\Documents\GitHub\Cap_coral_reefs\New_version_of_the_project\website\benthic_datasets\mask_labels\reef_support\UNAL_BLEACHING_TAYRONA\masks_stitched\C3_PB_PM_T1_19nov24_CGomez_Corr_mask.png
mask,C3_PB_PM_T2_19nov24_CGomez_Corr_mask,C3_PB_PM_T2_19nov24_CGomez_Corr_mask.png,C:\Users\20231807\Documents\GitHub\Cap_coral_reefs\New_version_of_the_project\website\benthic_datasets\mask_labels\reef_support\UNAL_BLEACHING_TAYRONA\masks_stitched\C3_PB_PM_T2_19nov24_CGomez_Corr_mask.png
mask,C3_PB_PM_T3_19nov24_CGomez_Corr_mask,C3_PB_PM_T3_19nov24_CGomez_Corr_mask.png,C:\Users\20231807\Documents\GitHub\Cap_coral_reefs\New_version_of_the_project\website\benthic_datasets\mask_labels\reef_support\UNAL_BLEACHING_TAYRONA\masks_stitched\C3_PB_PM_T3_19nov24_CGomez_Corr_mask.png
mask,C3_PB_PP_T1_19nov24_CGomez_Corr_mask,C3_PB_PP_T1_19nov24_CGomez_Corr_mask.png,C:\Users\20231807\Documents\GitHub\Cap_coral_reefs\New_version_of_the_project\website\benthic_datasets\mask_labels\reef_support\UNAL_BLEACHING_TAYRONA\masks_stitched\C3_PB_PP_T1_19nov24_CGomez_Corr_mask.png
mask,C3_PB_PP_T2_19nov24_CGomez_Corr_mask,C3_PB_PP_T2_19nov24_CGomez_Corr_mask.png,C:\Users\20231807\Documents\GitHub\Cap_coral_reefs\New_version_of_the_project\website\benthic_datasets\mask_labels\reef_support\UNAL_BLEACHING_TAYRONA\masks_stitched\C3_PB_PP_T2_19nov24_CGomez_Corr_mask.png
mask,C3_PB_PP_T3_19nov24_CGomez_Corr_mask,C3_PB_PP_T3_19nov24_CGomez_Corr_mask.png,C:\Users\20231807\Documents\GitHub\Cap_coral_reefs\New_version_of_the_project\website\benthic_datasets\mask_labels\reef_support\UNAL_BLEACHING_TAYRONA\masks_stitched\C3_PB_PP_T3_19nov24_CGomez_Corr_mask.png
mask,C3_PB_PSA_T1_19nov24_HBenavides_Corr_mask,C3_PB_PSA_T1_19nov24_HBenavides_Corr_mask.png,C:\Users\20231807\Documents\GitHub\Cap_coral_reefs\New_version_of_the_project\website\benthic_datasets\mask_labels\reef_support\UNAL_BLEACHING_TAYRONA\masks_stitched\C3_PB_PSA_T1_19nov24_HBenavides_Corr_mask.png
mask,C3_PB_PSA_T2_19nov24_HBenavides_Corr_mask,C3_PB_PSA_T2_19nov24_HBenavides_Corr_mask.png,C:\Users\20231807\Documents\GitHub\Cap_coral_reefs\New_version_of_the_project\website\benthic_datasets\mask_labels\reef_support\UNAL_BLEACHING_TAYRONA\masks_stitched\C3_PB_PSA_T2_19nov24_HBenavides_Corr_mask.png
mask,C3_PB_PSA_T3_19nov24_HBenavides_Corr_mask,C3_PB_PSA_T3_19nov24_HBenavides_Corr_mask.png,C:\Users\20231807\Documents\GitHub\Cap_coral_reefs\New_version_of_the_project\website\benthic_datasets\mask_labels\reef_support\UNAL_BLEACHING_TAYRONA\masks_stitched\C3_PB_PSA_T3_19nov24_HBenavides_Corr_mask.png
mask,C3_PB_PSb_T1_19nov24_HBenavides_Corr_mask,C3_PB_PSb_T1_19nov24_HBenavides_Corr_mask.png,C:\Users\20231807\Documents\GitHub\Cap_coral_reefs\New_version_of_the_project\website\benthic_datasets\mask_labels\reef_support\UNAL_BLEACHING_TAYRONA\masks_stitched\C3_PB_PSb_T1_19nov24_HBenavides_Corr_mask.png
mask,C3_PB_PSb_T2_19nov24_HBenavides_Corr_mask,C3_PB_PSb_T2_19nov24_HBenavides_Corr_mask.png,C:\Users\20231807\Documents\GitHub\Cap_coral_reefs\New_version_of_the_project\website\benthic_datasets\mask_labels\reef_support\UNAL_BLEACHING_TAYRONA\masks_stitched\C3_PB_PSb_T2_19nov24_HBenavides_Corr_mask.png
mask,C3_PB_PSb_T3_19nov24_HBenavides_Corr_mask,C3_PB_PSb_T3_19nov24_HBenavides_Corr_mask.png,C:\Users\20231807\Documents\GitHub\Cap_coral_reefs\New_version_of_the_project\website\benthic_datasets\mask_labels\reef_support\UNAL_BLEACHING_TAYRONA\masks_stitched\C3_PB_PSb_T3_19nov24_HBenavides_Corr_mask.png
mask,C4_BC_PM_T1_29nov24_CDaza_corr_mask,C4_BC_PM_T1_29nov24_CDaza_corr_mask.png,C:\Users\20231807\Documents\GitHub\Cap_coral_reefs\New_version_of_the_project\website\benthic_datasets\mask_labels\reef_support\UNAL_BLEACHING_TAYRONA\masks_stitched\C4_BC_PM_T1_29nov24_CDaza_corr_mask.png
mask,C4_BC_PM_T2_29nov24_CDaza_corr_mask,C4_BC_PM_T2_29nov24_CDaza_corr_mask.png,C:\Users\20231807\Documents\GitHub\Cap_coral_reefs\New_version_of_the_project\website\benthic_datasets\mask_labels\reef_support\UNAL_BLEACHING_TAYRONA\masks_stitched\C4_BC_PM_T2_29nov24_CDaza_corr_mask.png
mask,C4_BC_PM_T3_29nov24_CDaza_corr_mask,C4_BC_PM_T3_29nov24_CDaza_corr_mask.png,C:\Users\20231807\Documents\GitHub\Cap_coral_reefs\New_version_of_the_project\website\benthic_datasets\mask_labels\reef_support\UNAL_BLEACHING_TAYRONA\masks_stitched\C4_BC_PM_T3_29nov24_CDaza_corr_mask.png
mask,C4_BC_PP_T1_29nov24_HBenavides_corr_mask,C4_BC_PP_T1_29nov24_HBenavides_corr_mask.png,C:\Users\20231807\Documents\GitHub\Cap_coral_reefs\New_version_of_the_project\website\benthic_datasets\mask_labels\reef_support\UNAL_BLEACHING_TAYRONA\masks_stitched\C4_BC_PP_T1_29nov24_HBenavides_corr_mask.png
mask,C4_BC_PP_T2_29nov24_HBenavides_corr_mask,C4_BC_PP_T2_29nov24_HBenavides_corr_mask.png,C:\Users\20231807\Documents\GitHub\Cap_coral_reefs\New_version_of_the_project\website\benthic_datasets\mask_labels\reef_support\UNAL_BLEACHING_TAYRONA\masks_stitched\C4_BC_PP_T2_29nov24_HBenavides_corr_mask.png
mask,C4_BC_PP_T3_29nov24_HBenavides_corr_mask,C4_BC_PP_T3_29nov24_HBenavides_corr_mask.png,C:\Users\20231807\Documents\GitHub\Cap_coral_reefs\New_version_of_the_project\website\benthic_datasets\mask_labels\reef_support\UNAL_BLEACHING_TAYRONA\masks_stitched\C4_BC_PP_T3_29nov24_HBenavides_corr_mask.png
mask,C4_BC_PSb_T1_29nov24_HBenavides_corr_mask,C4_BC_PSb_T1_29nov24_HBenavides_corr_mask.png,C:\Users\20231807\Documents\GitHub\Cap_coral_reefs\New_version_of_the_project\website\benthic_datasets\mask_labels\reef_support\UNAL_BLEACHING_TAYRONA\masks_stitched\C4_BC_PSb_T1_29nov24_HBenavides_corr_mask.png
mask,C4_BC_PSb_T2_29nov24_HBenavides_corr_mask,C4_BC_PSb_T2_29nov24_HBenavides_corr_mask.png,C:\Users\20231807\Documents\GitHub\Cap_coral_reefs\New_version_of_the_project\website\benthic_datasets\mask_labels\reef_support\UNAL_BLEACHING_TAYRONA\masks_stitched\C4_BC_PSb_T2_29nov24_HBenavides_corr_mask.png
mask,C4_BC_PSb_T3_29nov24_HBenavides_corr_mask,C4_BC_PSb_T3_29nov24_HBenavides_corr_mask.png,C:\Users\20231807\Documents\GitHub\Cap_coral_reefs\New_version_of_the_project\website\benthic_datasets\mask_labels\reef_support\UNAL_BLEACHING_TAYRONA\masks_stitched\C4_BC_PSb_T3_29nov24_HBenavides_corr_mask.png
mask,C4_Gr_PM_T1_30nov24_CGomez_corr_mask,C4_Gr_PM_T1_30nov24_CGomez_corr_mask.png,C:\Users\20231807\Documents\GitHub\Cap_coral_reefs\New_version_of_the_project\website\benthic_datasets\mask_labels\reef_support\UNAL_BLEACHING_TAYRONA\masks_stitched\C4_Gr_PM_T1_30nov24_CGomez_corr_mask.png
mask,C4_Gr_PM_T2_30nov24_CGomez_corr_mask,C4_Gr_PM_T2_30nov24_CGomez_corr_mask.png,C:\Users\20231807\Documents\GitHub\Cap_coral_reefs\New_version_of_the_project\website\benthic_datasets\mask_labels\reef_support\UNAL_BLEACHING_TAYRONA\masks_stitched\C4_Gr_PM_T2_30nov24_CGomez_corr_mask.png
mask,C4_Gr_PM_T3_30nov24_CGomez_corr_mask,C4_Gr_PM_T3_30nov24_CGomez_corr_mask.png,C:\Users\20231807\Documents\GitHub\Cap_coral_reefs\New_version_of_the_project\website\benthic_datasets\mask_labels\reef_support\UNAL_BLEACHING_TAYRONA\masks_stitched\C4_Gr_PM_T3_30nov24_CGomez_corr_mask.png
mask,C4_Gr_PP_T1_30nov24_HBenavides_corr_mask,C4_Gr_PP_T1_30nov24_HBenavides_corr_mask.png,C:\Users\20231807\Documents\GitHub\Cap_coral_reefs\New_version_of_the_project\website\benthic_datasets\mask_labels\reef_support\UNAL_BLEACHING_TAYRONA\masks_stitched\C4_Gr_PP_T1_30nov24_HBenavides_corr_mask.png
mask,C4_Gr_PP_T2_30nov24_HBenavides_corr_mask,C4_Gr_PP_T2_30nov24_HBenavides_corr_mask.png,C:\Users\20231807\Documents\GitHub\Cap_coral_reefs\New_version_of_the_project\website\benthic_datasets\mask_labels\reef_support\UNAL_BLEACHING_TAYRONA\masks_stitched\C4_Gr_PP_T2_30nov24_HBenavides_corr_mask.png
mask,C4_Gr_PP_T3_30nov24_HBenavides_corr_mask,C4_Gr_PP_T3_30nov24_HBenavides_corr_mask.png,C:\Users\20231807\Documents\GitHub\Cap_coral_reefs\New_version_of_the_project\website\benthic_datasets\mask_labels\reef_support\UNAL_BLEACHING_TAYRONA\masks_stitched\C4_Gr_PP_T3_30nov24_HBenavides_corr_mask.png
mask,C4_Gr_PSa_T1_30nov24_CDaza_corr_mask,C4_Gr_PSa_T1_30nov24_CDaza_corr_mask.png,C:\Users\20231807\Documents\GitHub\Cap_coral_reefs\New_version_of_the_project\website\benthic_datasets\mask_labels\reef_support\UNAL_BLEACHING_TAYRONA\masks_stitched\C4_Gr_PSa_T1_30nov24_CDaza_corr_mask.png
mask,C4_Gr_PSa_T2_30nov24_CDaza_corr_mask,C4_Gr_PSa_T2_30nov24_CDaza_corr_mask.png,C:\Users\20231807\Documents\GitHub\Cap_coral_reefs\New_version_of_the_project\website\benthic_datasets\mask_labels\reef_support\UNAL_BLEACHING_TAYRONA\masks_stitched\C4_Gr_PSa_T2_30nov24_CDaza_corr_mask.png
mask,C4_Gr_PSa_T3_30nov24_CDaza_corr_mask,C4_Gr_PSa_T3_30nov24_CDaza_corr_mask.png,C:\Users\20231807\Documents\GitHub\Cap_coral_reefs\New_version_of_the_project\website\benthic_datasets\mask_labels\reef_support\UNAL_BLEACHING_TAYRONA\masks_stitched\C4_Gr_PSa_T3_30nov24_CDaza_corr_mask.png
mask,C4_Gy_EM_T2_27nov24_CGomez_corr_mask,C4_Gy_EM_T2_27nov24_CGomez_corr_mask.png,C:\Users\20231807\Documents\GitHub\Cap_coral_reefs\New_version_of_the_project\website\benthic_datasets\mask_labels\reef_support\UNAL_BLEACHING_TAYRONA\masks_stitched\C4_Gy_EM_T2_27nov24_CGomez_corr_mask.png
mask,C4_Gy_EP_T1_27nov24_HBenavides_corr_mask,C4_Gy_EP_T1_27nov24_HBenavides_corr_mask.png,C:\Users\20231807\Documents\GitHub\Cap_coral_reefs\New_version_of_the_project\website\benthic_datasets\mask_labels\reef_support\UNAL_BLEACHING_TAYRONA\masks_stitched\C4_Gy_EP_T1_27nov24_HBenavides_corr_mask.png
mask,C4_Gy_EP_T2_27nov24_HBenavides_corr_mask,C4_Gy_EP_T2_27nov24_HBenavides_corr_mask.png,C:\Users\20231807\Documents\GitHub\Cap_coral_reefs\New_version_of_the_project\website\benthic_datasets\mask_labels\reef_support\UNAL_BLEACHING_TAYRONA\masks_stitched\C4_Gy_EP_T2_27nov24_HBenavides_corr_mask.png
mask,C4_Gy_EP_T3_27nov24_HBenavides_corr_mask,C4_Gy_EP_T3_27nov24_HBenavides_corr_mask.png,C:\Users\20231807\Documents\GitHub\Cap_coral_reefs\New_version_of_the_project\website\benthic_datasets\mask_labels\reef_support\UNAL_BLEACHING_TAYRONA\masks_stitched\C4_Gy_EP_T3_27nov24_HBenavides_corr_mask.png
mask,C4_Gy_ESa_T1_27nov24_HBenavides_corr_mask,C4_Gy_ESa_T1_27nov24_HBenavides_corr_mask.png,C:\Users\20231807\Documents\GitHub\Cap_coral_reefs\New_version_of_the_project\website\benthic_datasets\mask_labels\reef_support\UNAL_BLEACHING_TAYRONA\masks_stitched\C4_Gy_ESa_T1_27nov24_HBenavides_corr_mask.png
mask,C4_Gy_ESa_T2_27nov24_HBenavides_corr_mask,C4_Gy_ESa_T2_27nov24_HBenavides_corr_mask.png,C:\Users\20231807\Documents\GitHub\Cap_coral_reefs\New_version_of_the_project\website\benthic_datasets\mask_labels\reef_support\UNAL_BLEACHING_TAYRONA\masks_stitched\C4_Gy_ESa_T2_27nov24_HBenavides_corr_mask.png
mask,C4_Gy_ESa_T3_27nov24_HBenavides_corr_mask,C4_Gy_ESa_T3_27nov24_HBenavides_corr_mask.png,C:\Users\20231807\Documents\GitHub\Cap_coral_reefs\New_version_of_the_project\website\benthic_datasets\mask_labels\reef_support\UNAL_BLEACHING_TAYRONA\masks_stitched\C4_Gy_ESa_T3_27nov24_HBenavides_corr_mask.png
mask,C4_Gy_ESb_T1_27nov24_CGomez_corr_mask,C4_Gy_ESb_T1_27nov24_CGomez_corr_mask.png,C:\Users\20231807\Documents\GitHub\Cap_coral_reefs\New_version_of_the_project\website\benthic_datasets\mask_labels\reef_support\UNAL_BLEACHING_TAYRONA\masks_stitched\C4_Gy_ESb_T1_27nov24_CGomez_corr_mask.png
mask,C4_Gy_ESb_T2_27nov24_CGomez_corr_mask,C4_Gy_ESb_T2_27nov24_CGomez_corr_mask.png,C:\Users\20231807\Documents\GitHub\Cap_coral_reefs\New_version_of_the_project\website\benthic_datasets\mask_labels\reef_support\UNAL_BLEACHING_TAYRONA\masks_stitched\C4_Gy_ESb_T2_27nov24_CGomez_corr_mask.png
mask,C4_Gy_ESb_T3_27nov24_CGomez_corr_mask,C4_Gy_ESb_T3_27nov24_CGomez_corr_mask.png,C:\Users\20231807\Documents\GitHub\Cap_coral_reefs\New_version_of_the_project\website\benthic_datasets\mask_labels\reef_support\UNAL_BLEACHING_TAYRONA\masks_stitched\C4_Gy_ESb_T3_27nov24_CGomez_corr_mask.png
mask,C4_Gy_PM_T1_27nov24_CGomez_corr_mask,C4_Gy_PM_T1_27nov24_CGomez_corr_mask.png,C:\Users\20231807\Documents\GitHub\Cap_coral_reefs\New_version_of_the_project\website\benthic_datasets\mask_labels\reef_support\UNAL_BLEACHING_TAYRONA\masks_stitched\C4_Gy_PM_T1_27nov24_CGomez_corr_mask.png
mask,C4_Gy_PM_T2_27nov24_CGomez_corr_mask,C4_Gy_PM_T2_27nov24_CGomez_corr_mask.png,C:\Users\20231807\Documents\GitHub\Cap_coral_reefs\New_version_of_the_project\website\benthic_datasets\mask_labels\reef_support\UNAL_BLEACHING_TAYRONA\masks_stitched\C4_Gy_PM_T2_27nov24_CGomez_corr_mask.png
mask,C4_Gy_PM_T3_27nov24_CGomez_corr_mask,C4_Gy_PM_T3_27nov24_CGomez_corr_mask.png,C:\Users\20231807\Documents\GitHub\Cap_coral_reefs\New_version_of_the_project\website\benthic_datasets\mask_labels\reef_support\UNAL_BLEACHING_TAYRONA\masks_stitched\C4_Gy_PM_T3_27nov24_CGomez_corr_mask.png
mask,C4_Gy_PP_T1_27nov24_CDaza_corr_mask,C4_Gy_PP_T1_27nov24_CDaza_corr_mask.png,C:\Users\20231807\Documents\GitHub\Cap_coral_reefs\New_version_of_the_project\website\benthic_datasets\mask_labels\reef_support\UNAL_BLEACHING_TAYRONA\masks_stitched\C4_Gy_PP_T1_27nov24_CDaza_corr_mask.png
mask,C4_Gy_PP_T2_27nov24_CDaza_corr_mask,C4_Gy_PP_T2_27nov24_CDaza_corr_mask.png,C:\Users\20231807\Documents\GitHub\Cap_coral_reefs\New_version_of_the_project\website\benthic_datasets\mask_labels\reef_support\UNAL_BLEACHING_TAYRONA\masks_stitched\C4_Gy_PP_T2_27nov24_CDaza_corr_mask.png
mask,C4_Gy_PP_T3_27nov24_CDaza_corr_mask,C4_Gy_PP_T3_27nov24_CDaza_corr_mask.png,C:\Users\20231807\Documents\GitHub\Cap_coral_reefs\New_version_of_the_project\website\benthic_datasets\mask_labels\reef_support\UNAL_BLEACHING_TAYRONA\masks_stitched\C4_Gy_PP_T3_27nov24_CDaza_corr_mask.png
mask,C4_Gy_PSa_T1_27nov24_CDaza_corr_mask,C4_Gy_PSa_T1_27nov24_CDaza_corr_mask.png,C:\Users\20231807\Documents\GitHub\Cap_coral_reefs\New_version_of_the_project\website\benthic_datasets\mask_labels\reef_support\UNAL_BLEACHING_TAYRONA\masks_stitched\C4_Gy_PSa_T1_27nov24_CDaza_corr_mask.png
mask,C4_Gy_PSa_T2_27nov24_CDaza_corr_mask,C4_Gy_PSa_T2_27nov24_CDaza_corr_mask.png,C:\Users\20231807\Documents\GitHub\Cap_coral_reefs\New_version_of_the_project\website\benthic_datasets\mask_labels\reef_support\UNAL_BLEACHING_TAYRONA\masks_stitched\C4_Gy_PSa_T2_27nov24_CDaza_corr_mask.png
mask,C4_Gy_PSa_T3_27nov24_CDaza_corr_mask,C4_Gy_PSa_T3_27nov24_CDaza_corr_mask.png,C:\Users\20231807\Documents\GitHub\Cap_coral_reefs\New_version_of_the_project\website\benthic_datasets\mask_labels\reef_support\UNAL_BLEACHING_TAYRONA\masks_stitched\C4_Gy_PSa_T3_27nov24_CDaza_corr_mask.png
mask,C4_Gy_PSb_T1_27nov24_CGomez_corr_mask,C4_Gy_PSb_T1_27nov24_CGomez_corr_mask.png,C:\Users\20231807\Documents\GitHub\Cap_coral_reefs\New_version_of_the_project\website\benthic_datasets\mask_labels\reef_support\UNAL_BLEACHING_TAYRONA\masks_stitched\C4_Gy_PSb_T1_27nov24_CGomez_corr_mask.png
mask,C4_Gy_PSb_T2_27nov24_CGomez_corr_mask,C4_Gy_PSb_T2_27nov24_CGomez_corr_mask.png,C:\Users\20231807\Documents\GitHub\Cap_coral_reefs\New_version_of_the_project\website\benthic_datasets\mask_labels\reef_support\UNAL_BLEACHING_TAYRONA\masks_stitched\C4_Gy_PSb_T2_27nov24_CGomez_corr_mask.png
mask,C4_Gy_PSb_T3_27nov24_CGomez_corr_mask,C4_Gy_PSb_T3_27nov24_CGomez_corr_mask.png,C:\Users\20231807\Documents\GitHub\Cap_coral_reefs\New_version_of_the_project\website\benthic_datasets\mask_labels\reef_support\UNAL_BLEACHING_TAYRONA\masks_stitched\C4_Gy_PSb_T3_27nov24_CGomez_corr_mask.png
mask,C4_PB_PM_T1_19nov24_CGomez_Corr_mask,C4_PB_PM_T1_19nov24_CGomez_Corr_mask.png,C:\Users\20231807\Documents\GitHub\Cap_coral_reefs\New_version_of_the_project\website\benthic_datasets\mask_labels\reef_support\UNAL_BLEACHING_TAYRONA\masks_stitched\C4_PB_PM_T1_19nov24_CGomez_Corr_mask.png
mask,C4_PB_PM_T2_19nov24_CGomez_Corr_mask,C4_PB_PM_T2_19nov24_CGomez_Corr_mask.png,C:\Users\20231807\Documents\GitHub\Cap_coral_reefs\New_version_of_the_project\website\benthic_datasets\mask_labels\reef_support\UNAL_BLEACHING_TAYRONA\masks_stitched\C4_PB_PM_T2_19nov24_CGomez_Corr_mask.png
mask,C4_PB_PM_T3_19nov24_CGomez_Corr_mask,C4_PB_PM_T3_19nov24_CGomez_Corr_mask.png,C:\Users\20231807\Documents\GitHub\Cap_coral_reefs\New_version_of_the_project\website\benthic_datasets\mask_labels\reef_support\UNAL_BLEACHING_TAYRONA\masks_stitched\C4_PB_PM_T3_19nov24_CGomez_Corr_mask.png
mask,C4_PB_PP_T1_19nov24_CGomez_Corr_mask,C4_PB_PP_T1_19nov24_CGomez_Corr_mask.png,C:\Users\20231807\Documents\GitHub\Cap_coral_reefs\New_version_of_the_project\website\benthic_datasets\mask_labels\reef_support\UNAL_BLEACHING_TAYRONA\masks_stitched\C4_PB_PP_T1_19nov24_CGomez_Corr_mask.png
mask,C4_PB_PP_T2_19nov24_CGomez_Corr_mask,C4_PB_PP_T2_19nov24_CGomez_Corr_mask.png,C:\Users\20231807\Documents\GitHub\Cap_coral_reefs\New_version_of_the_project\website\benthic_datasets\mask_labels\reef_support\UNAL_BLEACHING_TAYRONA\masks_stitched\C4_PB_PP_T2_19nov24_CGomez_Corr_mask.png
mask,C4_PB_PP_T3_19nov24_CGomez_Corr_mask,C4_PB_PP_T3_19nov24_CGomez_Corr_mask.png,C:\Users\20231807\Documents\GitHub\Cap_coral_reefs\New_version_of_the_project\website\benthic_datasets\mask_labels\reef_support\UNAL_BLEACHING_TAYRONA\masks_stitched\C4_PB_PP_T3_19nov24_CGomez_Corr_mask.png
mask,C4_PB_PSA_T1_19nov24_HBenavides_Corr_mask,C4_PB_PSA_T1_19nov24_HBenavides_Corr_mask.png,C:\Users\20231807\Documents\GitHub\Cap_coral_reefs\New_version_of_the_project\website\benthic_datasets\mask_labels\reef_support\UNAL_BLEACHING_TAYRONA\masks_stitched\C4_PB_PSA_T1_19nov24_HBenavides_Corr_mask.png
mask,C4_PB_PSA_T2_19nov24_HBenavides_Corr_mask,C4_PB_PSA_T2_19nov24_HBenavides_Corr_mask.png,C:\Users\20231807\Documents\GitHub\Cap_coral_reefs\New_version_of_the_project\website\benthic_datasets\mask_labels\reef_support\UNAL_BLEACHING_TAYRONA\masks_stitched\C4_PB_PSA_T2_19nov24_HBenavides_Corr_mask.png
mask,C4_PB_PSA_T3_19nov24_HBenavides_Corr_mask,C4_PB_PSA_T3_19nov24_HBenavides_Corr_mask.png,C:\Users\20231807\Documents\GitHub\Cap_coral_reefs\New_version_of_the_project\website\benthic_datasets\mask_labels\reef_support\UNAL_BLEACHING_TAYRONA\masks_stitched\C4_PB_PSA_T3_19nov24_HBenavides_Corr_mask.png
mask,C4_PB_PSb_T1_19nov24_HBenavides_Corr_mask,C4_PB_PSb_T1_19nov24_HBenavides_Corr_mask.png,C:\Users\20231807\Documents\GitHub\Cap_coral_reefs\New_version_of_the_project\website\benthic_datasets\mask_labels\reef_support\UNAL_BLEACHING_TAYRONA\masks_stitched\C4_PB_PSb_T1_19nov24_HBenavides_Corr_mask.png
mask,C4_PB_PSb_T2_19nov24_HBenavides_Corr_mask,C4_PB_PSb_T2_19nov24_HBenavides_Corr_mask.png,C:\Users\20231807\Documents\GitHub\Cap_coral_reefs\New_version_of_the_project\website\benthic_datasets\mask_labels\reef_support\UNAL_BLEACHING_TAYRONA\masks_stitched\C4_PB_PSb_T2_19nov24_HBenavides_Corr_mask.png
mask,C4_PB_PSb_T3_19nov24_HBenavides_Corr_mask,C4_PB_PSb_T3_19nov24_HBenavides_Corr_mask.png,C:\Users\20231807\Documents\GitHub\Cap_coral_reefs\New_version_of_the_project\website\benthic_datasets\mask_labels\reef_support\UNAL_BLEACHING_TAYRONA\masks_stitched\C4_PB_PSb_T3_19nov24_HBenavides_Corr_mask.png
mask,C5_BC_EM_T1_29nov24_CGomez_corr_mask,C5_BC_EM_T1_29nov24_CGomez_corr_mask.png,C:\Users\20231807\Documents\GitHub\Cap_coral_reefs\New_version_of_the_project\website\benthic_datasets\mask_labels\reef_support\UNAL_BLEACHING_TAYRONA\masks_stitched\C5_BC_EM_T1_29nov24_CGomez_corr_mask.png
mask,C5_BC_EM_T2_29nov24_CGomez_corr_mask,C5_BC_EM_T2_29nov24_CGomez_corr_mask.png,C:\Users\20231807\Documents\GitHub\Cap_coral_reefs\New_version_of_the_project\website\benthic_datasets\mask_labels\reef_support\UNAL_BLEACHING_TAYRONA\masks_stitched\C5_BC_EM_T2_29nov24_CGomez_corr_mask.png
mask,C5_BC_EM_T3_29nov24_CGomez_corr_mask,C5_BC_EM_T3_29nov24_CGomez_corr_mask.png,C:\Users\20231807\Documents\GitHub\Cap_coral_reefs\New_version_of_the_project\website\benthic_datasets\mask_labels\reef_support\UNAL_BLEACHING_TAYRONA\masks_stitched\C5_BC_EM_T3_29nov24_CGomez_corr_mask.png
mask,C5_BC_EP_T1_29nov24_CDaza_corr_mask,C5_BC_EP_T1_29nov24_CDaza_corr_mask.png,C:\Users\20231807\Documents\GitHub\Cap_coral_reefs\New_version_of_the_project\website\benthic_datasets\mask_labels\reef_support\UNAL_BLEACHING_TAYRONA\masks_stitched\C5_BC_EP_T1_29nov24_CDaza_corr_mask.png
mask,C5_BC_EP_T2_29nov24_CDaza_corr_mask,C5_BC_EP_T2_29nov24_CDaza_corr_mask.png,C:\Users\20231807\Documents\GitHub\Cap_coral_reefs\New_version_of_the_project\website\benthic_datasets\mask_labels\reef_support\UNAL_BLEACHING_TAYRONA\masks_stitched\C5_BC_EP_T2_29nov24_CDaza_corr_mask.png
mask,C5_BC_EP_T3_29nov24_CDaza_corr_mask,C5_BC_EP_T3_29nov24_CDaza_corr_mask.png,C:\Users\20231807\Documents\GitHub\Cap_coral_reefs\New_version_of_the_project\website\benthic_datasets\mask_labels\reef_support\UNAL_BLEACHING_TAYRONA\masks_stitched\C5_BC_EP_T3_29nov24_CDaza_corr_mask.png
mask,C5_BC_ESa_T1_29nov24_CDaza_corr_mask,C5_BC_ESa_T1_29nov24_CDaza_corr_mask.png,C:\Users\20231807\Documents\GitHub\Cap_coral_reefs\New_version_of_the_project\website\benthic_datasets\mask_labels\reef_support\UNAL_BLEACHING_TAYRONA\masks_stitched\C5_BC_ESa_T1_29nov24_CDaza_corr_mask.png
mask,C5_BC_ESa_T2_29nov24_CDaza_corr_mask,C5_BC_ESa_T2_29nov24_CDaza_corr_mask.png,C:\Users\20231807\Documents\GitHub\Cap_coral_reefs\New_version_of_the_project\website\benthic_datasets\mask_labels\reef_support\UNAL_BLEACHING_TAYRONA\masks_stitched\C5_BC_ESa_T2_29nov24_CDaza_corr_mask.png
mask,C5_BC_ESa_T3_29nov24_CDaza_corr_mask,C5_BC_ESa_T3_29nov24_CDaza_corr_mask.png,C:\Users\20231807\Documents\GitHub\Cap_coral_reefs\New_version_of_the_project\website\benthic_datasets\mask_labels\reef_support\UNAL_BLEACHING_TAYRONA\masks_stitched\C5_BC_ESa_T3_29nov24_CDaza_corr_mask.png
mask,C5_BC_ESb_T1_29nov24_CGomez_corr_mask,C5_BC_ESb_T1_29nov24_CGomez_corr_mask.png,C:\Users\20231807\Documents\GitHub\Cap_coral_reefs\New_version_of_the_project\website\benthic_datasets\mask_labels\reef_support\UNAL_BLEACHING_TAYRONA\masks_stitched\C5_BC_ESb_T1_29nov24_CGomez_corr_mask.png
mask,C5_BC_ESb_T2_29nov24_CGomez_corr_mask,C5_BC_ESb_T2_29nov24_CGomez_corr_mask.png,C:\Users\20231807\Documents\GitHub\Cap_coral_reefs\New_version_of_the_project\website\benthic_datasets\mask_labels\reef_support\UNAL_BLEACHING_TAYRONA\masks_stitched\C5_BC_ESb_T2_29nov24_CGomez_corr_mask.png
mask,C5_BC_ESb_T3_29nov24_CGomez_corr_mask,C5_BC_ESb_T3_29nov24_CGomez_corr_mask.png,C:\Users\20231807\Documents\GitHub\Cap_coral_reefs\New_version_of_the_project\website\benthic_datasets\mask_labels\reef_support\UNAL_BLEACHING_TAYRONA\masks_stitched\C5_BC_ESb_T3_29nov24_CGomez_corr_mask.png
mask,C5_BC_PM_T1_29nov24_CDaza_corr_mask,C5_BC_PM_T1_29nov24_CDaza_corr_mask.png,C:\Users\20231807\Documents\GitHub\Cap_coral_reefs\New_version_of_the_project\website\benthic_datasets\mask_labels\reef_support\UNAL_BLEACHING_TAYRONA\masks_stitched\C5_BC_PM_T1_29nov24_CDaza_corr_mask.png
mask,C5_BC_PM_T2_29nov24_CDaza_corr_mask,C5_BC_PM_T2_29nov24_CDaza_corr_mask.png,C:\Users\20231807\Documents\GitHub\Cap_coral_reefs\New_version_of_the_project\website\benthic_datasets\mask_labels\reef_support\UNAL_BLEACHING_TAYRONA\masks_stitched\C5_BC_PM_T2_29nov24_CDaza_corr_mask.png
mask,C5_BC_PM_T3_29nov24_CDaza_corr_mask,C5_BC_PM_T3_29nov24_CDaza_corr_mask.png,C:\Users\20231807\Documents\GitHub\Cap_coral_reefs\New_version_of_the_project\website\benthic_datasets\mask_labels\reef_support\UNAL_BLEACHING_TAYRONA\masks_stitched\C5_BC_PM_T3_29nov24_CDaza_corr_mask.png
mask,C5_BC_PP_T1_29nov24_HBenavides_corr_mask,C5_BC_PP_T1_29nov24_HBenavides_corr_mask.png,C:\Users\20231807\Documents\GitHub\Cap_coral_reefs\New_version_of_the_project\website\benthic_datasets\mask_labels\reef_support\UNAL_BLEACHING_TAYRONA\masks_stitched\C5_BC_PP_T1_29nov24_HBenavides_corr_mask.png
mask,C5_BC_PP_T2_29nov24_HBenavides_corr_mask,C5_BC_PP_T2_29nov24_HBenavides_corr_mask.png,C:\Users\20231807\Documents\GitHub\Cap_coral_reefs\New_version_of_the_project\website\benthic_datasets\mask_labels\reef_support\UNAL_BLEACHING_TAYRONA\masks_stitched\C5_BC_PP_T2_29nov24_HBenavides_corr_mask.png
mask,C5_BC_PP_T3_29nov24_HBenavides_corr_mask,C5_BC_PP_T3_29nov24_HBenavides_corr_mask.png,C:\Users\20231807\Documents\GitHub\Cap_coral_reefs\New_version_of_the_project\website\benthic_datasets\mask_labels\reef_support\UNAL_BLEACHING_TAYRONA\masks_stitched\C5_BC_PP_T3_29nov24_HBenavides_corr_mask.png
mask,C5_BC_PSa_T1_29nov24_CDaza_corr_mask,C5_BC_PSa_T1_29nov24_CDaza_corr_mask.png,C:\Users\20231807\Documents\GitHub\Cap_coral_reefs\New_version_of_the_project\website\benthic_datasets\mask_labels\reef_support\UNAL_BLEACHING_TAYRONA\masks_stitched\C5_BC_PSa_T1_29nov24_CDaza_corr_mask.png
mask,C5_BC_PSa_T2_29nov24_CDaza_corr_mask,C5_BC_PSa_T2_29nov24_CDaza_corr_mask.png,C:\Users\20231807\Documents\GitHub\Cap_coral_reefs\New_version_of_the_project\website\benthic_datasets\mask_labels\reef_support\UNAL_BLEACHING_TAYRONA\masks_stitched\C5_BC_PSa_T2_29nov24_CDaza_corr_mask.png
mask,C5_BC_PSa_T3_29nov24_CDaza_corr_mask,C5_BC_PSa_T3_29nov24_CDaza_corr_mask.png,C:\Users\20231807\Documents\GitHub\Cap_coral_reefs\New_version_of_the_project\website\benthic_datasets\mask_labels\reef_support\UNAL_BLEACHING_TAYRONA\masks_stitched\C5_BC_PSa_T3_29nov24_CDaza_corr_mask.png
mask,C5_BC_PSb_T1_29nov24_HBenavides_corr_mask,C5_BC_PSb_T1_29nov24_HBenavides_corr_mask.png,C:\Users\20231807\Documents\GitHub\Cap_coral_reefs\New_version_of_the_project\website\benthic_datasets\mask_labels\reef_support\UNAL_BLEACHING_TAYRONA\masks_stitched\C5_BC_PSb_T1_29nov24_HBenavides_corr_mask.png
mask,C5_BC_PSb_T2_29nov24_HBenavides_corr_mask,C5_BC_PSb_T2_29nov24_HBenavides_corr_mask.png,C:\Users\20231807\Documents\GitHub\Cap_coral_reefs\New_version_of_the_project\website\benthic_datasets\mask_labels\reef_support\UNAL_BLEACHING_TAYRONA\masks_stitched\C5_BC_PSb_T2_29nov24_HBenavides_corr_mask.png
mask,C5_BC_PSb_T3_29nov24_HBenavides_corr_mask,C5_BC_PSb_T3_29nov24_HBenavides_corr_mask.png,C:\Users\20231807\Documents\GitHub\Cap_coral_reefs\New_version_of_the_project\website\benthic_datasets\mask_labels\reef_support\UNAL_BLEACHING_TAYRONA\masks_stitched\C5_BC_PSb_T3_29nov24_HBenavides_corr_mask.png
mask,C5_Gr_PM_T1_30nov24_CGomez_corr_mask,C5_Gr_PM_T1_30nov24_CGomez_corr_mask.png,C:\Users\20231807\Documents\GitHub\Cap_coral_reefs\New_version_of_the_project\website\benthic_datasets\mask_labels\reef_support\UNAL_BLEACHING_TAYRONA\masks_stitched\C5_Gr_PM_T1_30nov24_CGomez_corr_mask.png
mask,C5_Gr_PM_T2_30nov24_CGomez_corr_mask,C5_Gr_PM_T2_30nov24_CGomez_corr_mask.png,C:\Users\20231807\Documents\GitHub\Cap_coral_reefs\New_version_of_the_project\website\benthic_datasets\mask_labels\reef_support\UNAL_BLEACHING_TAYRONA\masks_stitched\C5_Gr_PM_T2_30nov24_CGomez_corr_mask.png
mask,C5_Gr_PM_T3_30nov24_CGomez_corr_mask,C5_Gr_PM_T3_30nov24_CGomez_corr_mask.png,C:\Users\20231807\Documents\GitHub\Cap_coral_reefs\New_version_of_the_project\website\benthic_datasets\mask_labels\reef_support\UNAL_BLEACHING_TAYRONA\masks_stitched\C5_Gr_PM_T3_30nov24_CGomez_corr_mask.png
mask,C5_Gr_PP_T1_30nov24_HBenavides_corr_mask,C5_Gr_PP_T1_30nov24_HBenavides_corr_mask.png,C:\Users\20231807\Documents\GitHub\Cap_coral_reefs\New_version_of_the_project\website\benthic_datasets\mask_labels\reef_support\UNAL_BLEACHING_TAYRONA\masks_stitched\C5_Gr_PP_T1_30nov24_HBenavides_corr_mask.png
mask,C5_Gr_PP_T2_30nov24_HBenavides_corr_mask,C5_Gr_PP_T2_30nov24_HBenavides_corr_mask.png,C:\Users\20231807\Documents\GitHub\Cap_coral_reefs\New_version_of_the_project\website\benthic_datasets\mask_labels\reef_support\UNAL_BLEACHING_TAYRONA\masks_stitched\C5_Gr_PP_T2_30nov24_HBenavides_corr_mask.png
mask,C5_Gr_PP_T3_30nov24_HBenavides_corr_mask,C5_Gr_PP_T3_30nov24_HBenavides_corr_mask.png,C:\Users\20231807\Documents\GitHub\Cap_coral_reefs\New_version_of_the_project\website\benthic_datasets\mask_labels\reef_support\UNAL_BLEACHING_TAYRONA\masks_stitched\C5_Gr_PP_T3_30nov24_HBenavides_corr_mask.png
mask,C5_Gr_PSa_T1_30nov24_CDaza_corr_mask,C5_Gr_PSa_T1_30nov24_CDaza_corr_mask.png,C:\Users\20231807\Documents\GitHub\Cap_coral_reefs\New_version_of_the_project\website\benthic_datasets\mask_labels\reef_support\UNAL_BLEACHING_TAYRONA\masks_stitched\C5_Gr_PSa_T1_30nov24_CDaza_corr_mask.png
mask,C5_Gr_PSa_T2_30nov24_CDaza_corr_mask,C5_Gr_PSa_T2_30nov24_CDaza_corr_mask.png,C:\Users\20231807\Documents\GitHub\Cap_coral_reefs\New_version_of_the_project\website\benthic_datasets\mask_labels\reef_support\UNAL_BLEACHING_TAYRONA\masks_stitched\C5_Gr_PSa_T2_30nov24_CDaza_corr_mask.png
mask,C5_Gr_PSa_T3_30nov24_CDaza_corr_mask,C5_Gr_PSa_T3_30nov24_CDaza_corr_mask.png,C:\Users\20231807\Documents\GitHub\Cap_coral_reefs\New_version_of_the_project\website\benthic_datasets\mask_labels\reef_support\UNAL_BLEACHING_TAYRONA\masks_stitched\C5_Gr_PSa_T3_30nov24_CDaza_corr_mask.png
mask,C5_Gy_EM_T1_27nov24_CGomez_corr_mask,C5_Gy_EM_T1_27nov24_CGomez_corr_mask.png,C:\Users\20231807\Documents\GitHub\Cap_coral_reefs\New_version_of_the_project\website\benthic_datasets\mask_labels\reef_support\UNAL_BLEACHING_TAYRONA\masks_stitched\C5_Gy_EM_T1_27nov24_CGomez_corr_mask.png
mask,C5_Gy_EM_T2_27nov24_CGomez_corr_mask,C5_Gy_EM_T2_27nov24_CGomez_corr_mask.png,C:\Users\20231807\Documents\GitHub\Cap_coral_reefs\New_version_of_the_project\website\benthic_datasets\mask_labels\reef_support\UNAL_BLEACHING_TAYRONA\masks_stitched\C5_Gy_EM_T2_27nov24_CGomez_corr_mask.png
mask,C5_Gy_EP_T1_27nov24_HBenavides_corr_mask,C5_Gy_EP_T1_27nov24_HBenavides_corr_mask.png,C:\Users\20231807\Documents\GitHub\Cap_coral_reefs\New_version_of_the_project\website\benthic_datasets\mask_labels\reef_support\UNAL_BLEACHING_TAYRONA\masks_stitched\C5_Gy_EP_T1_27nov24_HBenavides_corr_mask.png
mask,C5_Gy_EP_T2_27nov24_HBenavides_corr_mask,C5_Gy_EP_T2_27nov24_HBenavides_corr_mask.png,C:\Users\20231807\Documents\GitHub\Cap_coral_reefs\New_version_of_the_project\website\benthic_datasets\mask_labels\reef_support\UNAL_BLEACHING_TAYRONA\masks_stitched\C5_Gy_EP_T2_27nov24_HBenavides_corr_mask.png
mask,C5_Gy_EP_T3_27nov24_HBenavides_corr_mask,C5_Gy_EP_T3_27nov24_HBenavides_corr_mask.png,C:\Users\20231807\Documents\GitHub\Cap_coral_reefs\New_version_of_the_project\website\benthic_datasets\mask_labels\reef_support\UNAL_BLEACHING_TAYRONA\masks_stitched\C5_Gy_EP_T3_27nov24_HBenavides_corr_mask.png
mask,C5_Gy_ESa_T1_27nov24_HBenavides_corr_mask,C5_Gy_ESa_T1_27nov24_HBenavides_corr_mask.png,C:\Users\20231807\Documents\GitHub\Cap_coral_reefs\New_version_of_the_project\website\benthic_datasets\mask_labels\reef_support\UNAL_BLEACHING_TAYRONA\masks_stitched\C5_Gy_ESa_T1_27nov24_HBenavides_corr_mask.png
mask,C5_Gy_ESa_T2_27nov24_HBenavides_corr_mask,C5_Gy_ESa_T2_27nov24_HBenavides_corr_mask.png,C:\Users\20231807\Documents\GitHub\Cap_coral_reefs\New_version_of_the_project\website\benthic_datasets\mask_labels\reef_support\UNAL_BLEACHING_TAYRONA\masks_stitched\C5_Gy_ESa_T2_27nov24_HBenavides_corr_mask.png
mask,C5_Gy_ESa_T3_27nov24_HBenavides_corr_mask,C5_Gy_ESa_T3_27nov24_HBenavides_corr_mask.png,C:\Users\20231807\Documents\GitHub\Cap_coral_reefs\New_version_of_the_project\website\benthic_datasets\mask_labels\reef_support\UNAL_BLEACHING_TAYRONA\masks_stitched\C5_Gy_ESa_T3_27nov24_HBenavides_corr_mask.png
mask,C5_Gy_ESb_T1_27nov24_CGomez_corr_mask,C5_Gy_ESb_T1_27nov24_CGomez_corr_mask.png,C:\Users\20231807\Documents\GitHub\Cap_coral_reefs\New_version_of_the_project\website\benthic_datasets\mask_labels\reef_support\UNAL_BLEACHING_TAYRONA\masks_stitched\C5_Gy_ESb_T1_27nov24_CGomez_corr_mask.png
mask,C5_Gy_ESb_T2_27nov24_CGomez_corr_mask,C5_Gy_ESb_T2_27nov24_CGomez_corr_mask.png,C:\Users\20231807\Documents\GitHub\Cap_coral_reefs\New_version_of_the_project\website\benthic_datasets\mask_labels\reef_support\UNAL_BLEACHING_TAYRONA\masks_stitched\C5_Gy_ESb_T2_27nov24_CGomez_corr_mask.png
mask,C5_Gy_ESb_T3_27nov24_CGomez_corr_mask,C5_Gy_ESb_T3_27nov24_CGomez_corr_mask.png,C:\Users\20231807\Documents\GitHub\Cap_coral_reefs\New_version_of_the_project\website\benthic_datasets\mask_labels\reef_support\UNAL_BLEACHING_TAYRONA\masks_stitched\C5_Gy_ESb_T3_27nov24_CGomez_corr_mask.png
mask,C5_Gy_PM_T1_27nov24_CGomez_corr_mask,C5_Gy_PM_T1_27nov24_CGomez_corr_mask.png,C:\Users\20231807\Documents\GitHub\Cap_coral_reefs\New_version_of_the_project\website\benthic_datasets\mask_labels\reef_support\UNAL_BLEACHING_TAYRONA\masks_stitched\C5_Gy_PM_T1_27nov24_CGomez_corr_mask.png
mask,C5_Gy_PM_T2_27nov24_CGomez_corr_mask,C5_Gy_PM_T2_27nov24_CGomez_corr_mask.png,C:\Users\20231807\Documents\GitHub\Cap_coral_reefs\New_version_of_the_project\website\benthic_datasets\mask_labels\reef_support\UNAL_BLEACHING_TAYRONA\masks_stitched\C5_Gy_PM_T2_27nov24_CGomez_corr_mask.png
mask,C5_Gy_PM_T3_27nov24_CGomez_corr_mask,C5_Gy_PM_T3_27nov24_CGomez_corr_mask.png,C:\Users\20231807\Documents\GitHub\Cap_coral_reefs\New_version_of_the_project\website\benthic_datasets\mask_labels\reef_support\UNAL_BLEACHING_TAYRONA\masks_stitched\C5_Gy_PM_T3_27nov24_CGomez_corr_mask.png
mask,C5_Gy_PP_T1_27nov24_CDaza_corr_mask,C5_Gy_PP_T1_27nov24_CDaza_corr_mask.png,C:\Users\20231807\Documents\GitHub\Cap_coral_reefs\New_version_of_the_project\website\benthic_datasets\mask_labels\reef_support\UNAL_BLEACHING_TAYRONA\masks_stitched\C5_Gy_PP_T1_27nov24_CDaza_corr_mask.png
mask,C5_Gy_PP_T2_27nov24_CDaza_corr_mask,C5_Gy_PP_T2_27nov24_CDaza_corr_mask.png,C:\Users\20231807\Documents\GitHub\Cap_coral_reefs\New_version_of_the_project\website\benthic_datasets\mask_labels\reef_support\UNAL_BLEACHING_TAYRONA\masks_stitched\C5_Gy_PP_T2_27nov24_CDaza_corr_mask.png
mask,C5_Gy_PP_T3_27nov24_CDaza_corr_mask,C5_Gy_PP_T3_27nov24_CDaza_corr_mask.png,C:\Users\20231807\Documents\GitHub\Cap_coral_reefs\New_version_of_the_project\website\benthic_datasets\mask_labels\reef_support\UNAL_BLEACHING_TAYRONA\masks_stitched\C5_Gy_PP_T3_27nov24_CDaza_corr_mask.png
mask,C5_Gy_PSa_T1_27nov24_CDaza_corr_mask,C5_Gy_PSa_T1_27nov24_CDaza_corr_mask.png,C:\Users\20231807\Documents\GitHub\Cap_coral_reefs\New_version_of_the_project\website\benthic_datasets\mask_labels\reef_support\UNAL_BLEACHING_TAYRONA\masks_stitched\C5_Gy_PSa_T1_27nov24_CDaza_corr_mask.png
mask,C5_Gy_PSa_T2_27nov24_CDaza_corr_mask,C5_Gy_PSa_T2_27nov24_CDaza_corr_mask.png,C:\Users\20231807\Documents\GitHub\Cap_coral_reefs\New_version_of_the_project\website\benthic_datasets\mask_labels\reef_support\UNAL_BLEACHING_TAYRONA\masks_stitched\C5_Gy_PSa_T2_27nov24_CDaza_corr_mask.png
mask,C5_Gy_PSa_T3_27nov24_CDaza_corr_mask,C5_Gy_PSa_T3_27nov24_CDaza_corr_mask.png,C:\Users\20231807\Documents\GitHub\Cap_coral_reefs\New_version_of_the_project\website\benthic_datasets\mask_labels\reef_support\UNAL_BLEACHING_TAYRONA\masks_stitched\C5_Gy_PSa_T3_27nov24_CDaza_corr_mask.png
mask,C5_Gy_PSb_T1_27nov24_CGomez_corr_mask,C5_Gy_PSb_T1_27nov24_CGomez_corr_mask.png,C:\Users\20231807\Documents\GitHub\Cap_coral_reefs\New_version_of_the_project\website\benthic_datasets\mask_labels\reef_support\UNAL_BLEACHING_TAYRONA\masks_stitched\C5_Gy_PSb_T1_27nov24_CGomez_corr_mask.png
mask,C5_Gy_PSb_T2_27nov24_CGomez_corr_mask,C5_Gy_PSb_T2_27nov24_CGomez_corr_mask.png,C:\Users\20231807\Documents\GitHub\Cap_coral_reefs\New_version_of_the_project\website\benthic_datasets\mask_labels\reef_support\UNAL_BLEACHING_TAYRONA\masks_stitched\C5_Gy_PSb_T2_27nov24_CGomez_corr_mask.png
mask,C5_Gy_PSb_T3_27nov24_CGomez_corr_mask,C5_Gy_PSb_T3_27nov24_CGomez_corr_mask.png,C:\Users\20231807\Documents\GitHub\Cap_coral_reefs\New_version_of_the_project\website\benthic_datasets\mask_labels\reef_support\UNAL_BLEACHING_TAYRONA\masks_stitched\C5_Gy_PSb_T3_27nov24_CGomez_corr_mask.png
mask,C5_PB_PM_T1_19nov24_CGomez_Corr_mask,C5_PB_PM_T1_19nov24_CGomez_Corr_mask.png,C:\Users\20231807\Documents\GitHub\Cap_coral_reefs\New_version_of_the_project\website\benthic_datasets\mask_labels\reef_support\UNAL_BLEACHING_TAYRONA\masks_stitched\C5_PB_PM_T1_19nov24_CGomez_Corr_mask.png
mask,C5_PB_PM_T2_19nov24_CGomez_Corr_mask,C5_PB_PM_T2_19nov24_CGomez_Corr_mask.png,C:\Users\20231807\Documents\GitHub\Cap_coral_reefs\New_version_of_the_project\website\benthic_datasets\mask_labels\reef_support\UNAL_BLEACHING_TAYRONA\masks_stitched\C5_PB_PM_T2_19nov24_CGomez_Corr_mask.png
mask,C5_PB_PM_T3_19nov24_CGomez_Corr_mask,C5_PB_PM_T3_19nov24_CGomez_Corr_mask.png,C:\Users\20231807\Documents\GitHub\Cap_coral_reefs\New_version_of_the_project\website\benthic_datasets\mask_labels\reef_support\UNAL_BLEACHING_TAYRONA\masks_stitched\C5_PB_PM_T3_19nov24_CGomez_Corr_mask.png
mask,C5_PB_PP_T1_19nov24_CGomez_Corr_mask,C5_PB_PP_T1_19nov24_CGomez_Corr_mask.png,C:\Users\20231807\Documents\GitHub\Cap_coral_reefs\New_version_of_the_project\website\benthic_datasets\mask_labels\reef_support\UNAL_BLEACHING_TAYRONA\masks_stitched\C5_PB_PP_T1_19nov24_CGomez_Corr_mask.png
mask,C5_PB_PP_T2_19nov24_CGomez_Corr_mask,C5_PB_PP_T2_19nov24_CGomez_Corr_mask.png,C:\Users\20231807\Documents\GitHub\Cap_coral_reefs\New_version_of_the_project\website\benthic_datasets\mask_labels\reef_support\UNAL_BLEACHING_TAYRONA\masks_stitched\C5_PB_PP_T2_19nov24_CGomez_Corr_mask.png
mask,C5_PB_PP_T3_19nov24_CGomez_Corr_mask,C5_PB_PP_T3_19nov24_CGomez_Corr_mask.png,C:\Users\20231807\Documents\GitHub\Cap_coral_reefs\New_version_of_the_project\website\benthic_datasets\mask_labels\reef_support\UNAL_BLEACHING_TAYRONA\masks_stitched\C5_PB_PP_T3_19nov24_CGomez_Corr_mask.png
mask,C5_PB_PSA_T1_19nov24_HBenavides_Corr_mask,C5_PB_PSA_T1_19nov24_HBenavides_Corr_mask.png,C:\Users\20231807\Documents\GitHub\Cap_coral_reefs\New_version_of_the_project\website\benthic_datasets\mask_labels\reef_support\UNAL_BLEACHING_TAYRONA\masks_stitched\C5_PB_PSA_T1_19nov24_HBenavides_Corr_mask.png
mask,C5_PB_PSA_T2_19nov24_HBenavides_Corr_mask,C5_PB_PSA_T2_19nov24_HBenavides_Corr_mask.png,C:\Users\20231807\Documents\GitHub\Cap_coral_reefs\New_version_of_the_project\website\benthic_datasets\mask_labels\reef_support\UNAL_BLEACHING_TAYRONA\masks_stitched\C5_PB_PSA_T2_19nov24_HBenavides_Corr_mask.png
mask,C5_PB_PSA_T3_19nov24_HBenavides_Corr_mask,C5_PB_PSA_T3_19nov24_HBenavides_Corr_mask.png,C:\Users\20231807\Documents\GitHub\Cap_coral_reefs\New_version_of_the_project\website\benthic_datasets\mask_labels\reef_support\UNAL_BLEACHING_TAYRONA\masks_stitched\C5_PB_PSA_T3_19nov24_HBenavides_Corr_mask.png
mask,C5_PB_PSb_T1_19nov24_HBenavides_Corr_mask,C5_PB_PSb_T1_19nov24_HBenavides_Corr_mask.png,C:\Users\20231807\Documents\GitHub\Cap_coral_reefs\New_version_of_the_project\website\benthic_datasets\mask_labels\reef_support\UNAL_BLEACHING_TAYRONA\masks_stitched\C5_PB_PSb_T1_19nov24_HBenavides_Corr_mask.png
mask,C5_PB_PSb_T2_19nov24_HBenavides_Corr_mask,C5_PB_PSb_T2_19nov24_HBenavides_Corr_mask.png,C:\Users\20231807\Documents\GitHub\Cap_coral_reefs\New_version_of_the_project\website\benthic_datasets\mask_labels\reef_support\UNAL_BLEACHING_TAYRONA\masks_stitched\C5_PB_PSb_T2_19nov24_HBenavides_Corr_mask.png
mask,C5_PB_PSb_T3_19nov24_HBenavides_Corr_mask,C5_PB_PSb_T3_19nov24_HBenavides_Corr_mask.png,C:\Users\20231807\Documents\GitHub\Cap_coral_reefs\New_version_of_the_project\website\benthic_datasets\mask_labels\reef_support\UNAL_BLEACHING_TAYRONA\masks_stitched\C5_PB_PSb_T3_19nov24_HBenavides_Corr_mask.png
mask,C6_BC_EM_T1_29nov24_CGomez_corr_mask,C6_BC_EM_T1_29nov24_CGomez_corr_mask.png,C:\Users\20231807\Documents\GitHub\Cap_coral_reefs\New_version_of_the_project\website\benthic_datasets\mask_labels\reef_support\UNAL_BLEACHING_TAYRONA\masks_stitched\C6_BC_EM_T1_29nov24_CGomez_corr_mask.png
mask,C6_BC_EM_T2_29nov24_CGomez_corr_mask,C6_BC_EM_T2_29nov24_CGomez_corr_mask.png,C:\Users\20231807\Documents\GitHub\Cap_coral_reefs\New_version_of_the_project\website\benthic_datasets\mask_labels\reef_support\UNAL_BLEACHING_TAYRONA\masks_stitched\C6_BC_EM_T2_29nov24_CGomez_corr_mask.png
mask,C6_BC_EM_T3_29nov24_CGomez_corr_mask,C6_BC_EM_T3_29nov24_CGomez_corr_mask.png,C:\Users\20231807\Documents\GitHub\Cap_coral_reefs\New_version_of_the_project\website\benthic_datasets\mask_labels\reef_support\UNAL_BLEACHING_TAYRONA\masks_stitched\C6_BC_EM_T3_29nov24_CGomez_corr_mask.png
mask,C6_BC_EP_T1_29nov24_CDaza_corr_mask,C6_BC_EP_T1_29nov24_CDaza_corr_mask.png,C:\Users\20231807\Documents\GitHub\Cap_coral_reefs\New_version_of_the_project\website\benthic_datasets\mask_labels\reef_support\UNAL_BLEACHING_TAYRONA\masks_stitched\C6_BC_EP_T1_29nov24_CDaza_corr_mask.png
mask,C6_BC_EP_T2_29nov24_CDaza_corr_mask,C6_BC_EP_T2_29nov24_CDaza_corr_mask.png,C:\Users\20231807\Documents\GitHub\Cap_coral_reefs\New_version_of_the_project\website\benthic_datasets\mask_labels\reef_support\UNAL_BLEACHING_TAYRONA\masks_stitched\C6_BC_EP_T2_29nov24_CDaza_corr_mask.png
mask,C6_BC_EP_T3_29nov24_CDaza_corr_mask,C6_BC_EP_T3_29nov24_CDaza_corr_mask.png,C:\Users\20231807\Documents\GitHub\Cap_coral_reefs\New_version_of_the_project\website\benthic_datasets\mask_labels\reef_support\UNAL_BLEACHING_TAYRONA\masks_stitched\C6_BC_EP_T3_29nov24_CDaza_corr_mask.png
mask,C6_BC_ESa_T1_29nov24_CDaza_corr_mask,C6_BC_ESa_T1_29nov24_CDaza_corr_mask.png,C:\Users\20231807\Documents\GitHub\Cap_coral_reefs\New_version_of_the_project\website\benthic_datasets\mask_labels\reef_support\UNAL_BLEACHING_TAYRONA\masks_stitched\C6_BC_ESa_T1_29nov24_CDaza_corr_mask.png
mask,C6_BC_ESa_T2_29nov24_CDaza_corr_mask,C6_BC_ESa_T2_29nov24_CDaza_corr_mask.png,C:\Users\20231807\Documents\GitHub\Cap_coral_reefs\New_version_of_the_project\website\benthic_datasets\mask_labels\reef_support\UNAL_BLEACHING_TAYRONA\masks_stitched\C6_BC_ESa_T2_29nov24_CDaza_corr_mask.png
mask,C6_BC_ESa_T3_29nov24_CDaza_corr_mask,C6_BC_ESa_T3_29nov24_CDaza_corr_mask.png,C:\Users\20231807\Documents\GitHub\Cap_coral_reefs\New_version_of_the_project\website\benthic_datasets\mask_labels\reef_support\UNAL_BLEACHING_TAYRONA\masks_stitched\C6_BC_ESa_T3_29nov24_CDaza_corr_mask.png
mask,C6_BC_ESb_T1_29nov24_CGomez_corr_mask,C6_BC_ESb_T1_29nov24_CGomez_corr_mask.png,C:\Users\20231807\Documents\GitHub\Cap_coral_reefs\New_version_of_the_project\website\benthic_datasets\mask_labels\reef_support\UNAL_BLEACHING_TAYRONA\masks_stitched\C6_BC_ESb_T1_29nov24_CGomez_corr_mask.png
mask,C6_BC_ESb_T2_29nov24_CGomez_corr_mask,C6_BC_ESb_T2_29nov24_CGomez_corr_mask.png,C:\Users\20231807\Documents\GitHub\Cap_coral_reefs\New_version_of_the_project\website\benthic_datasets\mask_labels\reef_support\UNAL_BLEACHING_TAYRONA\masks_stitched\C6_BC_ESb_T2_29nov24_CGomez_corr_mask.png
mask,C6_BC_ESb_T3_29nov24_CGomez_corr_mask,C6_BC_ESb_T3_29nov24_CGomez_corr_mask.png,C:\Users\20231807\Documents\GitHub\Cap_coral_reefs\New_version_of_the_project\website\benthic_datasets\mask_labels\reef_support\UNAL_BLEACHING_TAYRONA\masks_stitched\C6_BC_ESb_T3_29nov24_CGomez_corr_mask.png
mask,C6_BC_PM_T1_29nov24_CDaza_corr_mask,C6_BC_PM_T1_29nov24_CDaza_corr_mask.png,C:\Users\20231807\Documents\GitHub\Cap_coral_reefs\New_version_of_the_project\website\benthic_datasets\mask_labels\reef_support\UNAL_BLEACHING_TAYRONA\masks_stitched\C6_BC_PM_T1_29nov24_CDaza_corr_mask.png
mask,C6_BC_PM_T2_29nov24_CDaza_corr_mask,C6_BC_PM_T2_29nov24_CDaza_corr_mask.png,C:\Users\20231807\Documents\GitHub\Cap_coral_reefs\New_version_of_the_project\website\benthic_datasets\mask_labels\reef_support\UNAL_BLEACHING_TAYRONA\masks_stitched\C6_BC_PM_T2_29nov24_CDaza_corr_mask.png
mask,C6_BC_PM_T3_29nov24_CDaza_corr_mask,C6_BC_PM_T3_29nov24_CDaza_corr_mask.png,C:\Users\20231807\Documents\GitHub\Cap_coral_reefs\New_version_of_the_project\website\benthic_datasets\mask_labels\reef_support\UNAL_BLEACHING_TAYRONA\masks_stitched\C6_BC_PM_T3_29nov24_CDaza_corr_mask.png
mask,C6_BC_PP_T1_29nov24_HBenavides_corr_mask,C6_BC_PP_T1_29nov24_HBenavides_corr_mask.png,C:\Users\20231807\Documents\GitHub\Cap_coral_reefs\New_version_of_the_project\website\benthic_datasets\mask_labels\reef_support\UNAL_BLEACHING_TAYRONA\masks_stitched\C6_BC_PP_T1_29nov24_HBenavides_corr_mask.png
mask,C6_BC_PP_T2_29nov24_HBenavides_corr_mask,C6_BC_PP_T2_29nov24_HBenavides_corr_mask.png,C:\Users\20231807\Documents\GitHub\Cap_coral_reefs\New_version_of_the_project\website\benthic_datasets\mask_labels\reef_support\UNAL_BLEACHING_TAYRONA\masks_stitched\C6_BC_PP_T2_29nov24_HBenavides_corr_mask.png
mask,C6_BC_PP_T3_29nov24_HBenavides_corr_mask,C6_BC_PP_T3_29nov24_HBenavides_corr_mask.png,C:\Users\20231807\Documents\GitHub\Cap_coral_reefs\New_version_of_the_project\website\benthic_datasets\mask_labels\reef_support\UNAL_BLEACHING_TAYRONA\masks_stitched\C6_BC_PP_T3_29nov24_HBenavides_corr_mask.png
mask,C6_BC_PSa_T1_29nov24_CDaza_corr_mask,C6_BC_PSa_T1_29nov24_CDaza_corr_mask.png,C:\Users\20231807\Documents\GitHub\Cap_coral_reefs\New_version_of_the_project\website\benthic_datasets\mask_labels\reef_support\UNAL_BLEACHING_TAYRONA\masks_stitched\C6_BC_PSa_T1_29nov24_CDaza_corr_mask.png
mask,C6_BC_PSa_T2_29nov24_CDaza_corr_mask,C6_BC_PSa_T2_29nov24_CDaza_corr_mask.png,C:\Users\20231807\Documents\GitHub\Cap_coral_reefs\New_version_of_the_project\website\benthic_datasets\mask_labels\reef_support\UNAL_BLEACHING_TAYRONA\masks_stitched\C6_BC_PSa_T2_29nov24_CDaza_corr_mask.png
mask,C6_BC_PSa_T3_29nov24_CDaza_corr_mask,C6_BC_PSa_T3_29nov24_CDaza_corr_mask.png,C:\Users\20231807\Documents\GitHub\Cap_coral_reefs\New_version_of_the_project\website\benthic_datasets\mask_labels\reef_support\UNAL_BLEACHING_TAYRONA\masks_stitched\C6_BC_PSa_T3_29nov24_CDaza_corr_mask.png
mask,C6_BC_PSb_T1_29nov24_HBenavides_corr_mask,C6_BC_PSb_T1_29nov24_HBenavides_corr_mask.png,C:\Users\20231807\Documents\GitHub\Cap_coral_reefs\New_version_of_the_project\website\benthic_datasets\mask_labels\reef_support\UNAL_BLEACHING_TAYRONA\masks_stitched\C6_BC_PSb_T1_29nov24_HBenavides_corr_mask.png
mask,C6_BC_PSb_T2_29nov24_HBenavides_corr_mask,C6_BC_PSb_T2_29nov24_HBenavides_corr_mask.png,C:\Users\20231807\Documents\GitHub\Cap_coral_reefs\New_version_of_the_project\website\benthic_datasets\mask_labels\reef_support\UNAL_BLEACHING_TAYRONA\masks_stitched\C6_BC_PSb_T2_29nov24_HBenavides_corr_mask.png
mask,C6_BC_PSb_T3_29nov24_HBenavides_corr_mask,C6_BC_PSb_T3_29nov24_HBenavides_corr_mask.png,C:\Users\20231807\Documents\GitHub\Cap_coral_reefs\New_version_of_the_project\website\benthic_datasets\mask_labels\reef_support\UNAL_BLEACHING_TAYRONA\masks_stitched\C6_BC_PSb_T3_29nov24_HBenavides_corr_mask.png
mask,C6_Gr_PM_T1_30nov24_CGomez_corr_mask,C6_Gr_PM_T1_30nov24_CGomez_corr_mask.png,C:\Users\20231807\Documents\GitHub\Cap_coral_reefs\New_version_of_the_project\website\benthic_datasets\mask_labels\reef_support\UNAL_BLEACHING_TAYRONA\masks_stitched\C6_Gr_PM_T1_30nov24_CGomez_corr_mask.png
mask,C6_Gr_PM_T2_30nov24_CGomez_corr_mask,C6_Gr_PM_T2_30nov24_CGomez_corr_mask.png,C:\Users\20231807\Documents\GitHub\Cap_coral_reefs\New_version_of_the_project\website\benthic_datasets\mask_labels\reef_support\UNAL_BLEACHING_TAYRONA\masks_stitched\C6_Gr_PM_T2_30nov24_CGomez_corr_mask.png
mask,C6_Gr_PM_T3_30nov24_CGomez_corr_mask,C6_Gr_PM_T3_30nov24_CGomez_corr_mask.png,C:\Users\20231807\Documents\GitHub\Cap_coral_reefs\New_version_of_the_project\website\benthic_datasets\mask_labels\reef_support\UNAL_BLEACHING_TAYRONA\masks_stitched\C6_Gr_PM_T3_30nov24_CGomez_corr_mask.png
mask,C6_Gr_PP_T1_30nov24_HBenavides_corr_mask,C6_Gr_PP_T1_30nov24_HBenavides_corr_mask.png,C:\Users\20231807\Documents\GitHub\Cap_coral_reefs\New_version_of_the_project\website\benthic_datasets\mask_labels\reef_support\UNAL_BLEACHING_TAYRONA\masks_stitched\C6_Gr_PP_T1_30nov24_HBenavides_corr_mask.png
mask,C6_Gr_PP_T2_30nov24_HBenavides_corr_mask,C6_Gr_PP_T2_30nov24_HBenavides_corr_mask.png,C:\Users\20231807\Documents\GitHub\Cap_coral_reefs\New_version_of_the_project\website\benthic_datasets\mask_labels\reef_support\UNAL_BLEACHING_TAYRONA\masks_stitched\C6_Gr_PP_T2_30nov24_HBenavides_corr_mask.png
mask,C6_Gr_PP_T3_30nov24_HBenavides_corr_mask,C6_Gr_PP_T3_30nov24_HBenavides_corr_mask.png,C:\Users\20231807\Documents\GitHub\Cap_coral_reefs\New_version_of_the_project\website\benthic_datasets\mask_labels\reef_support\UNAL_BLEACHING_TAYRONA\masks_stitched\C6_Gr_PP_T3_30nov24_HBenavides_corr_mask.png
mask,C6_Gr_PSa_T1_30nov24_CDaza_corr_mask,C6_Gr_PSa_T1_30nov24_CDaza_corr_mask.png,C:\Users\20231807\Documents\GitHub\Cap_coral_reefs\New_version_of_the_project\website\benthic_datasets\mask_labels\reef_support\UNAL_BLEACHING_TAYRONA\masks_stitched\C6_Gr_PSa_T1_30nov24_CDaza_corr_mask.png
mask,C6_Gr_PSa_T2_30nov24_CDaza_corr_mask,C6_Gr_PSa_T2_30nov24_CDaza_corr_mask.png,C:\Users\20231807\Documents\GitHub\Cap_coral_reefs\New_version_of_the_project\website\benthic_datasets\mask_labels\reef_support\UNAL_BLEACHING_TAYRONA\masks_stitched\C6_Gr_PSa_T2_30nov24_CDaza_corr_mask.png
mask,C6_Gr_PSa_T3_30nov24_CDaza_corr_mask,C6_Gr_PSa_T3_30nov24_CDaza_corr_mask.png,C:\Users\20231807\Documents\GitHub\Cap_coral_reefs\New_version_of_the_project\website\benthic_datasets\mask_labels\reef_support\UNAL_BLEACHING_TAYRONA\masks_stitched\C6_Gr_PSa_T3_30nov24_CDaza_corr_mask.png
mask,C6_Gy_EM_T1_27nov24_CGomez_corr_mask,C6_Gy_EM_T1_27nov24_CGomez_corr_mask.png,C:\Users\20231807\Documents\GitHub\Cap_coral_reefs\New_version_of_the_project\website\benthic_datasets\mask_labels\reef_support\UNAL_BLEACHING_TAYRONA\masks_stitched\C6_Gy_EM_T1_27nov24_CGomez_corr_mask.png
mask,C6_Gy_EM_T2_27nov24_CGomez_corr_mask,C6_Gy_EM_T2_27nov24_CGomez_corr_mask.png,C:\Users\20231807\Documents\GitHub\Cap_coral_reefs\New_version_of_the_project\website\benthic_datasets\mask_labels\reef_support\UNAL_BLEACHING_TAYRONA\masks_stitched\C6_Gy_EM_T2_27nov24_CGomez_corr_mask.png
mask,C6_Gy_EP_T1_27nov24_HBenavides_corr_mask,C6_Gy_EP_T1_27nov24_HBenavides_corr_mask.png,C:\Users\20231807\Documents\GitHub\Cap_coral_reefs\New_version_of_the_project\website\benthic_datasets\mask_labels\reef_support\UNAL_BLEACHING_TAYRONA\masks_stitched\C6_Gy_EP_T1_27nov24_HBenavides_corr_mask.png
mask,C6_Gy_EP_T2_27nov24_HBenavides_corr_mask,C6_Gy_EP_T2_27nov24_HBenavides_corr_mask.png,C:\Users\20231807\Documents\GitHub\Cap_coral_reefs\New_version_of_the_project\website\benthic_datasets\mask_labels\reef_support\UNAL_BLEACHING_TAYRONA\masks_stitched\C6_Gy_EP_T2_27nov24_HBenavides_corr_mask.png
mask,C6_Gy_EP_T3_27nov24_HBenavides_corr_mask,C6_Gy_EP_T3_27nov24_HBenavides_corr_mask.png,C:\Users\20231807\Documents\GitHub\Cap_coral_reefs\New_version_of_the_project\website\benthic_datasets\mask_labels\reef_support\UNAL_BLEACHING_TAYRONA\masks_stitched\C6_Gy_EP_T3_27nov24_HBenavides_corr_mask.png
mask,C6_Gy_ESa_T1_27nov24_HBenavides_corr_mask,C6_Gy_ESa_T1_27nov24_HBenavides_corr_mask.png,C:\Users\20231807\Documents\GitHub\Cap_coral_reefs\New_version_of_the_project\website\benthic_datasets\mask_labels\reef_support\UNAL_BLEACHING_TAYRONA\masks_stitched\C6_Gy_ESa_T1_27nov24_HBenavides_corr_mask.png
mask,C6_Gy_ESa_T2_27nov24_HBenavides_corr_mask,C6_Gy_ESa_T2_27nov24_HBenavides_corr_mask.png,C:\Users\20231807\Documents\GitHub\Cap_coral_reefs\New_version_of_the_project\website\benthic_datasets\mask_labels\reef_support\UNAL_BLEACHING_TAYRONA\masks_stitched\C6_Gy_ESa_T2_27nov24_HBenavides_corr_mask.png
mask,C6_Gy_ESa_T3_27nov24_HBenavides_corr_mask,C6_Gy_ESa_T3_27nov24_HBenavides_corr_mask.png,C:\Users\20231807\Documents\GitHub\Cap_coral_reefs\New_version_of_the_project\website\benthic_datasets\mask_labels\reef_support\UNAL_BLEACHING_TAYRONA\masks_stitched\C6_Gy_ESa_T3_27nov24_HBenavides_corr_mask.png
mask,C6_Gy_ESb_T1_27nov24_CGomez_corr_mask,C6_Gy_ESb_T1_27nov24_CGomez_corr_mask.png,C:\Users\20231807\Documents\GitHub\Cap_coral_reefs\New_version_of_the_project\website\benthic_datasets\mask_labels\reef_support\UNAL_BLEACHING_TAYRONA\masks_stitched\C6_Gy_ESb_T1_27nov24_CGomez_corr_mask.png
mask,C6_Gy_ESb_T2_27nov24_CGomez_corr_mask,C6_Gy_ESb_T2_27nov24_CGomez_corr_mask.png,C:\Users\20231807\Documents\GitHub\Cap_coral_reefs\New_version_of_the_project\website\benthic_datasets\mask_labels\reef_support\UNAL_BLEACHING_TAYRONA\masks_stitched\C6_Gy_ESb_T2_27nov24_CGomez_corr_mask.png
mask,C6_Gy_ESb_T3_27nov24_CGomez_corr_mask,C6_Gy_ESb_T3_27nov24_CGomez_corr_mask.png,C:\Users\20231807\Documents\GitHub\Cap_coral_reefs\New_version_of_the_project\website\benthic_datasets\mask_labels\reef_support\UNAL_BLEACHING_TAYRONA\masks_stitched\C6_Gy_ESb_T3_27nov24_CGomez_corr_mask.png
mask,C6_Gy_PM_T1_27nov24_CGomez_corr_mask,C6_Gy_PM_T1_27nov24_CGomez_corr_mask.png,C:\Users\20231807\Documents\GitHub\Cap_coral_reefs\New_version_of_the_project\website\benthic_datasets\mask_labels\reef_support\UNAL_BLEACHING_TAYRONA\masks_stitched\C6_Gy_PM_T1_27nov24_CGomez_corr_mask.png
mask,C6_Gy_PM_T2_27nov24_CGomez_corr_mask,C6_Gy_PM_T2_27nov24_CGomez_corr_mask.png,C:\Users\20231807\Documents\GitHub\Cap_coral_reefs\New_version_of_the_project\website\benthic_datasets\mask_labels\reef_support\UNAL_BLEACHING_TAYRONA\masks_stitched\C6_Gy_PM_T2_27nov24_CGomez_corr_mask.png
mask,C6_Gy_PM_T3_27nov24_CGomez_corr_mask,C6_Gy_PM_T3_27nov24_CGomez_corr_mask.png,C:\Users\20231807\Documents\GitHub\Cap_coral_reefs\New_version_of_the_project\website\benthic_datasets\mask_labels\reef_support\UNAL_BLEACHING_TAYRONA\masks_stitched\C6_Gy_PM_T3_27nov24_CGomez_corr_mask.png
mask,C6_Gy_PP_T1_27nov24_CDaza_corr_mask,C6_Gy_PP_T1_27nov24_CDaza_corr_mask.png,C:\Users\20231807\Documents\GitHub\Cap_coral_reefs\New_version_of_the_project\website\benthic_datasets\mask_labels\reef_support\UNAL_BLEACHING_TAYRONA\masks_stitched\C6_Gy_PP_T1_27nov24_CDaza_corr_mask.png
mask,C6_Gy_PP_T2_27nov24_CDaza_corr_mask,C6_Gy_PP_T2_27nov24_CDaza_corr_mask.png,C:\Users\20231807\Documents\GitHub\Cap_coral_reefs\New_version_of_the_project\website\benthic_datasets\mask_labels\reef_support\UNAL_BLEACHING_TAYRONA\masks_stitched\C6_Gy_PP_T2_27nov24_CDaza_corr_mask.png
mask,C6_Gy_PP_T3_27nov24_CDaza_corr_mask,C6_Gy_PP_T3_27nov24_CDaza_corr_mask.png,C:\Users\20231807\Documents\GitHub\Cap_coral_reefs\New_version_of_the_project\website\benthic_datasets\mask_labels\reef_support\UNAL_BLEACHING_TAYRONA\masks_stitched\C6_Gy_PP_T3_27nov24_CDaza_corr_mask.png
mask,C6_Gy_PSa_T1_27nov24_CDaza_corr_mask,C6_Gy_PSa_T1_27nov24_CDaza_corr_mask.png,C:\Users\20231807\Documents\GitHub\Cap_coral_reefs\New_version_of_the_project\website\benthic_datasets\mask_labels\reef_support\UNAL_BLEACHING_TAYRONA\masks_stitched\C6_Gy_PSa_T1_27nov24_CDaza_corr_mask.png
mask,C6_Gy_PSa_T2_27nov24_CDaza_corr_mask,C6_Gy_PSa_T2_27nov24_CDaza_corr_mask.png,C:\Users\20231807\Documents\GitHub\Cap_coral_reefs\New_version_of_the_project\website\benthic_datasets\mask_labels\reef_support\UNAL_BLEACHING_TAYRONA\masks_stitched\C6_Gy_PSa_T2_27nov24_CDaza_corr_mask.png
mask,C6_Gy_PSa_T3_27nov24_CDaza_corr_mask,C6_Gy_PSa_T3_27nov24_CDaza_corr_mask.png,C:\Users\20231807\Documents\GitHub\Cap_coral_reefs\New_version_of_the_project\website\benthic_datasets\mask_labels\reef_support\UNAL_BLEACHING_TAYRONA\masks_stitched\C6_Gy_PSa_T3_27nov24_CDaza_corr_mask.png
mask,C6_Gy_PSb_T1_27nov24_CGomez_corr_mask,C6_Gy_PSb_T1_27nov24_CGomez_corr_mask.png,C:\Users\20231807\Documents\GitHub\Cap_coral_reefs\New_version_of_the_project\website\benthic_datasets\mask_labels\reef_support\UNAL_BLEACHING_TAYRONA\masks_stitched\C6_Gy_PSb_T1_27nov24_CGomez_corr_mask.png
mask,C6_Gy_PSb_T2_27nov24_CGomez_corr_mask,C6_Gy_PSb_T2_27nov24_CGomez_corr_mask.png,C:\Users\20231807\Documents\GitHub\Cap_coral_reefs\New_version_of_the_project\website\benthic_datasets\mask_labels\reef_support\UNAL_BLEACHING_TAYRONA\masks_stitched\C6_Gy_PSb_T2_27nov24_CGomez_corr_mask.png
mask,C6_Gy_PSb_T3_27nov24_CGomez_corr_mask,C6_Gy_PSb_T3_27nov24_CGomez_corr_mask.png,C:\Users\20231807\Documents\GitHub\Cap_coral_reefs\New_version_of_the_project\website\benthic_datasets\mask_labels\reef_support\UNAL_BLEACHING_TAYRONA\masks_stitched\C6_Gy_PSb_T3_27nov24_CGomez_corr_mask.png
mask,C6_PB_PM_T1_19nov24_CGomez_Corr_mask,C6_PB_PM_T1_19nov24_CGomez_Corr_mask.png,C:\Users\20231807\Documents\GitHub\Cap_coral_reefs\New_version_of_the_project\website\benthic_datasets\mask_labels\reef_support\UNAL_BLEACHING_TAYRONA\masks_stitched\C6_PB_PM_T1_19nov24_CGomez_Corr_mask.png
mask,C6_PB_PM_T2_19nov24_CGomez_Corr_mask,C6_PB_PM_T2_19nov24_CGomez_Corr_mask.png,C:\Users\20231807\Documents\GitHub\Cap_coral_reefs\New_version_of_the_project\website\benthic_datasets\mask_labels\reef_support\UNAL_BLEACHING_TAYRONA\masks_stitched\C6_PB_PM_T2_19nov24_CGomez_Corr_mask.png
mask,C6_PB_PM_T3_19nov24_CGomez_Corr_mask,C6_PB_PM_T3_19nov24_CGomez_Corr_mask.png,C:\Users\20231807\Documents\GitHub\Cap_coral_reefs\New_version_of_the_project\website\benthic_datasets\mask_labels\reef_support\UNAL_BLEACHING_TAYRONA\masks_stitched\C6_PB_PM_T3_19nov24_CGomez_Corr_mask.png
mask,C6_PB_PP_T1_19nov24_CGomez_Corr_mask,C6_PB_PP_T1_19nov24_CGomez_Corr_mask.png,C:\Users\20231807\Documents\GitHub\Cap_coral_reefs\New_version_of_the_project\website\benthic_datasets\mask_labels\reef_support\UNAL_BLEACHING_TAYRONA\masks_stitched\C6_PB_PP_T1_19nov24_CGomez_Corr_mask.png
mask,C6_PB_PP_T2_19nov24_CGomez_Corr_mask,C6_PB_PP_T2_19nov24_CGomez_Corr_mask.png,C:\Users\20231807\Documents\GitHub\Cap_coral_reefs\New_version_of_the_project\website\benthic_datasets\mask_labels\reef_support\UNAL_BLEACHING_TAYRONA\masks_stitched\C6_PB_PP_T2_19nov24_CGomez_Corr_mask.png
mask,C6_PB_PP_T3_19nov24_CGomez_Corr_mask,C6_PB_PP_T3_19nov24_CGomez_Corr_mask.png,C:\Users\20231807\Documents\GitHub\Cap_coral_reefs\New_version_of_the_project\website\benthic_datasets\mask_labels\reef_support\UNAL_BLEACHING_TAYRONA\masks_stitched\C6_PB_PP_T3_19nov24_CGomez_Corr_mask.png
mask,C6_PB_PSA_T1_19nov24_HBenavides_Corr_mask,C6_PB_PSA_T1_19nov24_HBenavides_Corr_mask.png,C:\Users\20231807\Documents\GitHub\Cap_coral_reefs\New_version_of_the_project\website\benthic_datasets\mask_labels\reef_support\UNAL_BLEACHING_TAYRONA\masks_stitched\C6_PB_PSA_T1_19nov24_HBenavides_Corr_mask.png
mask,C6_PB_PSA_T2_19nov24_HBenavides_Corr_mask,C6_PB_PSA_T2_19nov24_HBenavides_Corr_mask.png,C:\Users\20231807\Documents\GitHub\Cap_coral_reefs\New_version_of_the_project\website\benthic_datasets\mask_labels\reef_support\UNAL_BLEACHING_TAYRONA\masks_stitched\C6_PB_PSA_T2_19nov24_HBenavides_Corr_mask.png
mask,C6_PB_PSA_T3_19nov24_HBenavides_Corr_mask,C6_PB_PSA_T3_19nov24_HBenavides_Corr_mask.png,C:\Users\20231807\Documents\GitHub\Cap_coral_reefs\New_version_of_the_project\website\benthic_datasets\mask_labels\reef_support\UNAL_BLEACHING_TAYRONA\masks_stitched\C6_PB_PSA_T3_19nov24_HBenavides_Corr_mask.png
mask,C6_PB_PSb_T1_19nov24_HBenavides_Corr_mask,C6_PB_PSb_T1_19nov24_HBenavides_Corr_mask.png,C:\Users\20231807\Documents\GitHub\Cap_coral_reefs\New_version_of_the_project\website\benthic_datasets\mask_labels\reef_support\UNAL_BLEACHING_TAYRONA\masks_stitched\C6_PB_PSb_T1_19nov24_HBenavides_Corr_mask.png
mask,C6_PB_PSb_T2_19nov24_HBenavides_Corr_mask,C6_PB_PSb_T2_19nov24_HBenavides_Corr_mask.png,C:\Users\20231807\Documents\GitHub\Cap_coral_reefs\New_version_of_the_project\website\benthic_datasets\mask_labels\reef_support\UNAL_BLEACHING_TAYRONA\masks_stitched\C6_PB_PSb_T2_19nov24_HBenavides_Corr_mask.png
mask,C6_PB_PSb_T3_19nov24_HBenavides_Corr_mask,C6_PB_PSb_T3_19nov24_HBenavides_Corr_mask.png,C:\Users\20231807\Documents\GitHub\Cap_coral_reefs\New_version_of_the_project\website\benthic_datasets\mask_labels\reef_support\UNAL_BLEACHING_TAYRONA\masks_stitched\C6_PB_PSb_T3_19nov24_HBenavides_Corr_mask.png
mask,C7_BC_EM_T1_29nov24_CGomez_corr_mask,C7_BC_EM_T1_29nov24_CGomez_corr_mask.png,C:\Users\20231807\Documents\GitHub\Cap_coral_reefs\New_version_of_the_project\website\benthic_datasets\mask_labels\reef_support\UNAL_BLEACHING_TAYRONA\masks_stitched\C7_BC_EM_T1_29nov24_CGomez_corr_mask.png
mask,C7_BC_EM_T2_29nov24_CGomez_corr_mask,C7_BC_EM_T2_29nov24_CGomez_corr_mask.png,C:\Users\20231807\Documents\GitHub\Cap_coral_reefs\New_version_of_the_project\website\benthic_datasets\mask_labels\reef_support\UNAL_BLEACHING_TAYRONA\masks_stitched\C7_BC_EM_T2_29nov24_CGomez_corr_mask.png
mask,C7_BC_EM_T3_29nov24_CGomez_corr_mask,C7_BC_EM_T3_29nov24_CGomez_corr_mask.png,C:\Users\20231807\Documents\GitHub\Cap_coral_reefs\New_version_of_the_project\website\benthic_datasets\mask_labels\reef_support\UNAL_BLEACHING_TAYRONA\masks_stitched\C7_BC_EM_T3_29nov24_CGomez_corr_mask.png
mask,C7_BC_EP_T1_29nov24_CDaza_corr_mask,C7_BC_EP_T1_29nov24_CDaza_corr_mask.png,C:\Users\20231807\Documents\GitHub\Cap_coral_reefs\New_version_of_the_project\website\benthic_datasets\mask_labels\reef_support\UNAL_BLEACHING_TAYRONA\masks_stitched\C7_BC_EP_T1_29nov24_CDaza_corr_mask.png
mask,C7_BC_EP_T2_29nov24_CDaza_corr_mask,C7_BC_EP_T2_29nov24_CDaza_corr_mask.png,C:\Users\20231807\Documents\GitHub\Cap_coral_reefs\New_version_of_the_project\website\benthic_datasets\mask_labels\reef_support\UNAL_BLEACHING_TAYRONA\masks_stitched\C7_BC_EP_T2_29nov24_CDaza_corr_mask.png
mask,C7_BC_EP_T3_29nov24_CDaza_corr_mask,C7_BC_EP_T3_29nov24_CDaza_corr_mask.png,C:\Users\20231807\Documents\GitHub\Cap_coral_reefs\New_version_of_the_project\website\benthic_datasets\mask_labels\reef_support\UNAL_BLEACHING_TAYRONA\masks_stitched\C7_BC_EP_T3_29nov24_CDaza_corr_mask.png
mask,C7_BC_ESa_T1_29nov24_CDaza_corr_mask,C7_BC_ESa_T1_29nov24_CDaza_corr_mask.png,C:\Users\20231807\Documents\GitHub\Cap_coral_reefs\New_version_of_the_project\website\benthic_datasets\mask_labels\reef_support\UNAL_BLEACHING_TAYRONA\masks_stitched\C7_BC_ESa_T1_29nov24_CDaza_corr_mask.png
mask,C7_BC_ESa_T2_29nov24_CDaza_corr_mask,C7_BC_ESa_T2_29nov24_CDaza_corr_mask.png,C:\Users\20231807\Documents\GitHub\Cap_coral_reefs\New_version_of_the_project\website\benthic_datasets\mask_labels\reef_support\UNAL_BLEACHING_TAYRONA\masks_stitched\C7_BC_ESa_T2_29nov24_CDaza_corr_mask.png
mask,C7_BC_ESa_T3_29nov24_CDaza_corr_mask,C7_BC_ESa_T3_29nov24_CDaza_corr_mask.png,C:\Users\20231807\Documents\GitHub\Cap_coral_reefs\New_version_of_the_project\website\benthic_datasets\mask_labels\reef_support\UNAL_BLEACHING_TAYRONA\masks_stitched\C7_BC_ESa_T3_29nov24_CDaza_corr_mask.png
mask,C7_BC_ESb_T1_29nov24_CGomez_corr_mask,C7_BC_ESb_T1_29nov24_CGomez_corr_mask.png,C:\Users\20231807\Documents\GitHub\Cap_coral_reefs\New_version_of_the_project\website\benthic_datasets\mask_labels\reef_support\UNAL_BLEACHING_TAYRONA\masks_stitched\C7_BC_ESb_T1_29nov24_CGomez_corr_mask.png
mask,C7_BC_ESb_T2_29nov24_CGomez_corr_mask,C7_BC_ESb_T2_29nov24_CGomez_corr_mask.png,C:\Users\20231807\Documents\GitHub\Cap_coral_reefs\New_version_of_the_project\website\benthic_datasets\mask_labels\reef_support\UNAL_BLEACHING_TAYRONA\masks_stitched\C7_BC_ESb_T2_29nov24_CGomez_corr_mask.png
mask,C7_BC_ESb_T3_29nov24_CGomez_corr_mask,C7_BC_ESb_T3_29nov24_CGomez_corr_mask.png,C:\Users\20231807\Documents\GitHub\Cap_coral_reefs\New_version_of_the_project\website\benthic_datasets\mask_labels\reef_support\UNAL_BLEACHING_TAYRONA\masks_stitched\C7_BC_ESb_T3_29nov24_CGomez_corr_mask.png
mask,C7_BC_PM_T1_29nov24_CDaza_corr_mask,C7_BC_PM_T1_29nov24_CDaza_corr_mask.png,C:\Users\20231807\Documents\GitHub\Cap_coral_reefs\New_version_of_the_project\website\benthic_datasets\mask_labels\reef_support\UNAL_BLEACHING_TAYRONA\masks_stitched\C7_BC_PM_T1_29nov24_CDaza_corr_mask.png
mask,C7_BC_PM_T2_29nov24_CDaza_corr_mask,C7_BC_PM_T2_29nov24_CDaza_corr_mask.png,C:\Users\20231807\Documents\GitHub\Cap_coral_reefs\New_version_of_the_project\website\benthic_datasets\mask_labels\reef_support\UNAL_BLEACHING_TAYRONA\masks_stitched\C7_BC_PM_T2_29nov24_CDaza_corr_mask.png
mask,C7_BC_PM_T3_29nov24_CDaza_corr_mask,C7_BC_PM_T3_29nov24_CDaza_corr_mask.png,C:\Users\20231807\Documents\GitHub\Cap_coral_reefs\New_version_of_the_project\website\benthic_datasets\mask_labels\reef_support\UNAL_BLEACHING_TAYRONA\masks_stitched\C7_BC_PM_T3_29nov24_CDaza_corr_mask.png
mask,C7_BC_PP_T1_29nov24_HBenavides_corr_mask,C7_BC_PP_T1_29nov24_HBenavides_corr_mask.png,C:\Users\20231807\Documents\GitHub\Cap_coral_reefs\New_version_of_the_project\website\benthic_datasets\mask_labels\reef_support\UNAL_BLEACHING_TAYRONA\masks_stitched\C7_BC_PP_T1_29nov24_HBenavides_corr_mask.png
mask,C7_BC_PP_T2_29nov24_HBenavides_corr_mask,C7_BC_PP_T2_29nov24_HBenavides_corr_mask.png,C:\Users\20231807\Documents\GitHub\Cap_coral_reefs\New_version_of_the_project\website\benthic_datasets\mask_labels\reef_support\UNAL_BLEACHING_TAYRONA\masks_stitched\C7_BC_PP_T2_29nov24_HBenavides_corr_mask.png
mask,C7_BC_PP_T3_29nov24_HBenavides_corr_mask,C7_BC_PP_T3_29nov24_HBenavides_corr_mask.png,C:\Users\20231807\Documents\GitHub\Cap_coral_reefs\New_version_of_the_project\website\benthic_datasets\mask_labels\reef_support\UNAL_BLEACHING_TAYRONA\masks_stitched\C7_BC_PP_T3_29nov24_HBenavides_corr_mask.png
mask,C7_BC_PSa_T1_29nov24_CDaza_corr_mask,C7_BC_PSa_T1_29nov24_CDaza_corr_mask.png,C:\Users\20231807\Documents\GitHub\Cap_coral_reefs\New_version_of_the_project\website\benthic_datasets\mask_labels\reef_support\UNAL_BLEACHING_TAYRONA\masks_stitched\C7_BC_PSa_T1_29nov24_CDaza_corr_mask.png
mask,C7_BC_PSa_T2_29nov24_CDaza_corr_mask,C7_BC_PSa_T2_29nov24_CDaza_corr_mask.png,C:\Users\20231807\Documents\GitHub\Cap_coral_reefs\New_version_of_the_project\website\benthic_datasets\mask_labels\reef_support\UNAL_BLEACHING_TAYRONA\masks_stitched\C7_BC_PSa_T2_29nov24_CDaza_corr_mask.png
mask,C7_BC_PSa_T3_29nov24_CDaza_corr_mask,C7_BC_PSa_T3_29nov24_CDaza_corr_mask.png,C:\Users\20231807\Documents\GitHub\Cap_coral_reefs\New_version_of_the_project\website\benthic_datasets\mask_labels\reef_support\UNAL_BLEACHING_TAYRONA\masks_stitched\C7_BC_PSa_T3_29nov24_CDaza_corr_mask.png
mask,C7_BC_PSb_T1_29nov24_HBenavides_corr_mask,C7_BC_PSb_T1_29nov24_HBenavides_corr_mask.png,C:\Users\20231807\Documents\GitHub\Cap_coral_reefs\New_version_of_the_project\website\benthic_datasets\mask_labels\reef_support\UNAL_BLEACHING_TAYRONA\masks_stitched\C7_BC_PSb_T1_29nov24_HBenavides_corr_mask.png
mask,C7_BC_PSb_T2_29nov24_HBenavides_corr_mask,C7_BC_PSb_T2_29nov24_HBenavides_corr_mask.png,C:\Users\20231807\Documents\GitHub\Cap_coral_reefs\New_version_of_the_project\website\benthic_datasets\mask_labels\reef_support\UNAL_BLEACHING_TAYRONA\masks_stitched\C7_BC_PSb_T2_29nov24_HBenavides_corr_mask.png
mask,C7_Gr_PM_T1_30nov24_CGomez_corr_mask,C7_Gr_PM_T1_30nov24_CGomez_corr_mask.png,C:\Users\20231807\Documents\GitHub\Cap_coral_reefs\New_version_of_the_project\website\benthic_datasets\mask_labels\reef_support\UNAL_BLEACHING_TAYRONA\masks_stitched\C7_Gr_PM_T1_30nov24_CGomez_corr_mask.png
mask,C7_Gr_PM_T2_30nov24_CGomez_corr_mask,C7_Gr_PM_T2_30nov24_CGomez_corr_mask.png,C:\Users\20231807\Documents\GitHub\Cap_coral_reefs\New_version_of_the_project\website\benthic_datasets\mask_labels\reef_support\UNAL_BLEACHING_TAYRONA\masks_stitched\C7_Gr_PM_T2_30nov24_CGomez_corr_mask.png
mask,C7_Gr_PM_T3_30nov24_CGomez_corr_mask,C7_Gr_PM_T3_30nov24_CGomez_corr_mask.png,C:\Users\20231807\Documents\GitHub\Cap_coral_reefs\New_version_of_the_project\website\benthic_datasets\mask_labels\reef_support\UNAL_BLEACHING_TAYRONA\masks_stitched\C7_Gr_PM_T3_30nov24_CGomez_corr_mask.png
mask,C7_Gr_PP_T1_30nov24_HBenavides_corr_mask,C7_Gr_PP_T1_30nov24_HBenavides_corr_mask.png,C:\Users\20231807\Documents\GitHub\Cap_coral_reefs\New_version_of_the_project\website\benthic_datasets\mask_labels\reef_support\UNAL_BLEACHING_TAYRONA\masks_stitched\C7_Gr_PP_T1_30nov24_HBenavides_corr_mask.png
mask,C7_Gr_PP_T2_30nov24_HBenavides_corr_mask,C7_Gr_PP_T2_30nov24_HBenavides_corr_mask.png,C:\Users\20231807\Documents\GitHub\Cap_coral_reefs\New_version_of_the_project\website\benthic_datasets\mask_labels\reef_support\UNAL_BLEACHING_TAYRONA\masks_stitched\C7_Gr_PP_T2_30nov24_HBenavides_corr_mask.png
mask,C7_Gr_PP_T3_30nov24_HBenavides_corr_mask,C7_Gr_PP_T3_30nov24_HBenavides_corr_mask.png,C:\Users\20231807\Documents\GitHub\Cap_coral_reefs\New_version_of_the_project\website\benthic_datasets\mask_labels\reef_support\UNAL_BLEACHING_TAYRONA\masks_stitched\C7_Gr_PP_T3_30nov24_HBenavides_corr_mask.png
mask,C7_Gr_PSa_T1_30nov24_CDaza_corr_mask,C7_Gr_PSa_T1_30nov24_CDaza_corr_mask.png,C:\Users\20231807\Documents\GitHub\Cap_coral_reefs\New_version_of_the_project\website\benthic_datasets\mask_labels\reef_support\UNAL_BLEACHING_TAYRONA\masks_stitched\C7_Gr_PSa_T1_30nov24_CDaza_corr_mask.png
mask,C7_Gr_PSa_T2_30nov24_CDaza_corr_mask,C7_Gr_PSa_T2_30nov24_CDaza_corr_mask.png,C:\Users\20231807\Documents\GitHub\Cap_coral_reefs\New_version_of_the_project\website\benthic_datasets\mask_labels\reef_support\UNAL_BLEACHING_TAYRONA\masks_stitched\C7_Gr_PSa_T2_30nov24_CDaza_corr_mask.png
mask,C7_Gr_PSa_T3_30nov24_CDaza_corr_mask,C7_Gr_PSa_T3_30nov24_CDaza_corr_mask.png,C:\Users\20231807\Documents\GitHub\Cap_coral_reefs\New_version_of_the_project\website\benthic_datasets\mask_labels\reef_support\UNAL_BLEACHING_TAYRONA\masks_stitched\C7_Gr_PSa_T3_30nov24_CDaza_corr_mask.png
mask,C7_Gy_EM_T1_27nov24_CGomez_corr_mask,C7_Gy_EM_T1_27nov24_CGomez_corr_mask.png,C:\Users\20231807\Documents\GitHub\Cap_coral_reefs\New_version_of_the_project\website\benthic_datasets\mask_labels\reef_support\UNAL_BLEACHING_TAYRONA\masks_stitched\C7_Gy_EM_T1_27nov24_CGomez_corr_mask.png
mask,C7_Gy_EM_T2_27nov24_CGomez_corr_mask,C7_Gy_EM_T2_27nov24_CGomez_corr_mask.png,C:\Users\20231807\Documents\GitHub\Cap_coral_reefs\New_version_of_the_project\website\benthic_datasets\mask_labels\reef_support\UNAL_BLEACHING_TAYRONA\masks_stitched\C7_Gy_EM_T2_27nov24_CGomez_corr_mask.png
mask,C7_Gy_EP_T1_27nov24_HBenavides_corr_mask,C7_Gy_EP_T1_27nov24_HBenavides_corr_mask.png,C:\Users\20231807\Documents\GitHub\Cap_coral_reefs\New_version_of_the_project\website\benthic_datasets\mask_labels\reef_support\UNAL_BLEACHING_TAYRONA\masks_stitched\C7_Gy_EP_T1_27nov24_HBenavides_corr_mask.png
mask,C7_Gy_EP_T2_27nov24_HBenavides_corr_mask,C7_Gy_EP_T2_27nov24_HBenavides_corr_mask.png,C:\Users\20231807\Documents\GitHub\Cap_coral_reefs\New_version_of_the_project\website\benthic_datasets\mask_labels\reef_support\UNAL_BLEACHING_TAYRONA\masks_stitched\C7_Gy_EP_T2_27nov24_HBenavides_corr_mask.png
mask,C7_Gy_EP_T3_27nov24_HBenavides_corr_mask,C7_Gy_EP_T3_27nov24_HBenavides_corr_mask.png,C:\Users\20231807\Documents\GitHub\Cap_coral_reefs\New_version_of_the_project\website\benthic_datasets\mask_labels\reef_support\UNAL_BLEACHING_TAYRONA\masks_stitched\C7_Gy_EP_T3_27nov24_HBenavides_corr_mask.png
mask,C7_Gy_ESa_T1_27nov24_HBenavides_corr_mask,C7_Gy_ESa_T1_27nov24_HBenavides_corr_mask.png,C:\Users\20231807\Documents\GitHub\Cap_coral_reefs\New_version_of_the_project\website\benthic_datasets\mask_labels\reef_support\UNAL_BLEACHING_TAYRONA\masks_stitched\C7_Gy_ESa_T1_27nov24_HBenavides_corr_mask.png
mask,C7_Gy_ESa_T2_27nov24_HBenavides_corr_mask,C7_Gy_ESa_T2_27nov24_HBenavides_corr_mask.png,C:\Users\20231807\Documents\GitHub\Cap_coral_reefs\New_version_of_the_project\website\benthic_datasets\mask_labels\reef_support\UNAL_BLEACHING_TAYRONA\masks_stitched\C7_Gy_ESa_T2_27nov24_HBenavides_corr_mask.png
mask,C7_Gy_ESa_T3_27nov24_HBenavides_corr_mask,C7_Gy_ESa_T3_27nov24_HBenavides_corr_mask.png,C:\Users\20231807\Documents\GitHub\Cap_coral_reefs\New_version_of_the_project\website\benthic_datasets\mask_labels\reef_support\UNAL_BLEACHING_TAYRONA\masks_stitched\C7_Gy_ESa_T3_27nov24_HBenavides_corr_mask.png
mask,C7_Gy_ESb_T1_27nov24_CGomez_corr_mask,C7_Gy_ESb_T1_27nov24_CGomez_corr_mask.png,C:\Users\20231807\Documents\GitHub\Cap_coral_reefs\New_version_of_the_project\website\benthic_datasets\mask_labels\reef_support\UNAL_BLEACHING_TAYRONA\masks_stitched\C7_Gy_ESb_T1_27nov24_CGomez_corr_mask.png
mask,C7_Gy_ESb_T2_27nov24_CGomez_corr_mask,C7_Gy_ESb_T2_27nov24_CGomez_corr_mask.png,C:\Users\20231807\Documents\GitHub\Cap_coral_reefs\New_version_of_the_project\website\benthic_datasets\mask_labels\reef_support\UNAL_BLEACHING_TAYRONA\masks_stitched\C7_Gy_ESb_T2_27nov24_CGomez_corr_mask.png
mask,C7_Gy_ESb_T3_27nov24_CGomez_corr_mask,C7_Gy_ESb_T3_27nov24_CGomez_corr_mask.png,C:\Users\20231807\Documents\GitHub\Cap_coral_reefs\New_version_of_the_project\website\benthic_datasets\mask_labels\reef_support\UNAL_BLEACHING_TAYRONA\masks_stitched\C7_Gy_ESb_T3_27nov24_CGomez_corr_mask.png
mask,C7_Gy_PM_T1_27nov24_CGomez_corr_mask,C7_Gy_PM_T1_27nov24_CGomez_corr_mask.png,C:\Users\20231807\Documents\GitHub\Cap_coral_reefs\New_version_of_the_project\website\benthic_datasets\mask_labels\reef_support\UNAL_BLEACHING_TAYRONA\masks_stitched\C7_Gy_PM_T1_27nov24_CGomez_corr_mask.png
mask,C7_Gy_PM_T2_27nov24_CGomez_corr_mask,C7_Gy_PM_T2_27nov24_CGomez_corr_mask.png,C:\Users\20231807\Documents\GitHub\Cap_coral_reefs\New_version_of_the_project\website\benthic_datasets\mask_labels\reef_support\UNAL_BLEACHING_TAYRONA\masks_stitched\C7_Gy_PM_T2_27nov24_CGomez_corr_mask.png
mask,C7_Gy_PM_T3_27nov24_CGomez_corr_mask,C7_Gy_PM_T3_27nov24_CGomez_corr_mask.png,C:\Users\20231807\Documents\GitHub\Cap_coral_reefs\New_version_of_the_project\website\benthic_datasets\mask_labels\reef_support\UNAL_BLEACHING_TAYRONA\masks_stitched\C7_Gy_PM_T3_27nov24_CGomez_corr_mask.png
mask,C7_Gy_PP_T1_27nov24_CDaza_corr_mask,C7_Gy_PP_T1_27nov24_CDaza_corr_mask.png,C:\Users\20231807\Documents\GitHub\Cap_coral_reefs\New_version_of_the_project\website\benthic_datasets\mask_labels\reef_support\UNAL_BLEACHING_TAYRONA\masks_stitched\C7_Gy_PP_T1_27nov24_CDaza_corr_mask.png
mask,C7_Gy_PP_T2_27nov24_CDaza_corr_mask,C7_Gy_PP_T2_27nov24_CDaza_corr_mask.png,C:\Users\20231807\Documents\GitHub\Cap_coral_reefs\New_version_of_the_project\website\benthic_datasets\mask_labels\reef_support\UNAL_BLEACHING_TAYRONA\masks_stitched\C7_Gy_PP_T2_27nov24_CDaza_corr_mask.png
mask,C7_Gy_PP_T3_27nov24_CDaza_corr_mask,C7_Gy_PP_T3_27nov24_CDaza_corr_mask.png,C:\Users\20231807\Documents\GitHub\Cap_coral_reefs\New_version_of_the_project\website\benthic_datasets\mask_labels\reef_support\UNAL_BLEACHING_TAYRONA\masks_stitched\C7_Gy_PP_T3_27nov24_CDaza_corr_mask.png
mask,C7_Gy_PSa_T1_27nov24_CDaza_corr_mask,C7_Gy_PSa_T1_27nov24_CDaza_corr_mask.png,C:\Users\20231807\Documents\GitHub\Cap_coral_reefs\New_version_of_the_project\website\benthic_datasets\mask_labels\reef_support\UNAL_BLEACHING_TAYRONA\masks_stitched\C7_Gy_PSa_T1_27nov24_CDaza_corr_mask.png
mask,C7_Gy_PSa_T2_27nov24_CDaza_corr_mask,C7_Gy_PSa_T2_27nov24_CDaza_corr_mask.png,C:\Users\20231807\Documents\GitHub\Cap_coral_reefs\New_version_of_the_project\website\benthic_datasets\mask_labels\reef_support\UNAL_BLEACHING_TAYRONA\masks_stitched\C7_Gy_PSa_T2_27nov24_CDaza_corr_mask.png
mask,C7_Gy_PSa_T3_27nov24_CDaza_corr_mask,C7_Gy_PSa_T3_27nov24_CDaza_corr_mask.png,C:\Users\20231807\Documents\GitHub\Cap_coral_reefs\New_version_of_the_project\website\benthic_datasets\mask_labels\reef_support\UNAL_BLEACHING_TAYRONA\masks_stitched\C7_Gy_PSa_T3_27nov24_CDaza_corr_mask.png
mask,C7_Gy_PSb_T1_27nov24_CGomez_corr_mask,C7_Gy_PSb_T1_27nov24_CGomez_corr_mask.png,C:\Users\20231807\Documents\GitHub\Cap_coral_reefs\New_version_of_the_project\website\benthic_datasets\mask_labels\reef_support\UNAL_BLEACHING_TAYRONA\masks_stitched\C7_Gy_PSb_T1_27nov24_CGomez_corr_mask.png
mask,C7_Gy_PSb_T2_27nov24_CGomez_corr_mask,C7_Gy_PSb_T2_27nov24_CGomez_corr_mask.png,C:\Users\20231807\Documents\GitHub\Cap_coral_reefs\New_version_of_the_project\website\benthic_datasets\mask_labels\reef_support\UNAL_BLEACHING_TAYRONA\masks_stitched\C7_Gy_PSb_T2_27nov24_CGomez_corr_mask.png
mask,C7_Gy_PSb_T3_27nov24_CGomez_corr_mask,C7_Gy_PSb_T3_27nov24_CGomez_corr_mask.png,C:\Users\20231807\Documents\GitHub\Cap_coral_reefs\New_version_of_the_project\website\benthic_datasets\mask_labels\reef_support\UNAL_BLEACHING_TAYRONA\masks_stitched\C7_Gy_PSb_T3_27nov24_CGomez_corr_mask.png
mask,C7_PB_PM_T1_19nov24_CGomez_Corr_mask,C7_PB_PM_T1_19nov24_CGomez_Corr_mask.png,C:\Users\20231807\Documents\GitHub\Cap_coral_reefs\New_version_of_the_project\website\benthic_datasets\mask_labels\reef_support\UNAL_BLEACHING_TAYRONA\masks_stitched\C7_PB_PM_T1_19nov24_CGomez_Corr_mask.png
mask,C7_PB_PM_T2_19nov24_CGomez_Corr_mask,C7_PB_PM_T2_19nov24_CGomez_Corr_mask.png,C:\Users\20231807\Documents\GitHub\Cap_coral_reefs\New_version_of_the_project\website\benthic_datasets\mask_labels\reef_support\UNAL_BLEACHING_TAYRONA\masks_stitched\C7_PB_PM_T2_19nov24_CGomez_Corr_mask.png
mask,C7_PB_PM_T3_19nov24_CGomez_Corr_mask,C7_PB_PM_T3_19nov24_CGomez_Corr_mask.png,C:\Users\20231807\Documents\GitHub\Cap_coral_reefs\New_version_of_the_project\website\benthic_datasets\mask_labels\reef_support\UNAL_BLEACHING_TAYRONA\masks_stitched\C7_PB_PM_T3_19nov24_CGomez_Corr_mask.png
mask,C7_PB_PP_T1_19nov24_CGomez_Corr_mask,C7_PB_PP_T1_19nov24_CGomez_Corr_mask.png,C:\Users\20231807\Documents\GitHub\Cap_coral_reefs\New_version_of_the_project\website\benthic_datasets\mask_labels\reef_support\UNAL_BLEACHING_TAYRONA\masks_stitched\C7_PB_PP_T1_19nov24_CGomez_Corr_mask.png
mask,C7_PB_PP_T2_19nov24_CGomez_Corr_mask,C7_PB_PP_T2_19nov24_CGomez_Corr_mask.png,C:\Users\20231807\Documents\GitHub\Cap_coral_reefs\New_version_of_the_project\website\benthic_datasets\mask_labels\reef_support\UNAL_BLEACHING_TAYRONA\masks_stitched\C7_PB_PP_T2_19nov24_CGomez_Corr_mask.png
mask,C7_PB_PP_T3_19nov24_CGomez_Corr_mask,C7_PB_PP_T3_19nov24_CGomez_Corr_mask.png,C:\Users\20231807\Documents\GitHub\Cap_coral_reefs\New_version_of_the_project\website\benthic_datasets\mask_labels\reef_support\UNAL_BLEACHING_TAYRONA\masks_stitched\C7_PB_PP_T3_19nov24_CGomez_Corr_mask.png
mask,C7_PB_PSA_T1_19nov24_HBenavides_Corr_mask,C7_PB_PSA_T1_19nov24_HBenavides_Corr_mask.png,C:\Users\20231807\Documents\GitHub\Cap_coral_reefs\New_version_of_the_project\website\benthic_datasets\mask_labels\reef_support\UNAL_BLEACHING_TAYRONA\masks_stitched\C7_PB_PSA_T1_19nov24_HBenavides_Corr_mask.png
mask,C7_PB_PSA_T2_19nov24_HBenavides_Corr_mask,C7_PB_PSA_T2_19nov24_HBenavides_Corr_mask.png,C:\Users\20231807\Documents\GitHub\Cap_coral_reefs\New_version_of_the_project\website\benthic_datasets\mask_labels\reef_support\UNAL_BLEACHING_TAYRONA\masks_stitched\C7_PB_PSA_T2_19nov24_HBenavides_Corr_mask.png
mask,C7_PB_PSA_T3_19nov24_HBenavides_Corr_mask,C7_PB_PSA_T3_19nov24_HBenavides_Corr_mask.png,C:\Users\20231807\Documents\GitHub\Cap_coral_reefs\New_version_of_the_project\website\benthic_datasets\mask_labels\reef_support\UNAL_BLEACHING_TAYRONA\masks_stitched\C7_PB_PSA_T3_19nov24_HBenavides_Corr_mask.png
mask,C7_PB_PSb_T1_19nov24_HBenavides_Corr_mask,C7_PB_PSb_T1_19nov24_HBenavides_Corr_mask.png,C:\Users\20231807\Documents\GitHub\Cap_coral_reefs\New_version_of_the_project\website\benthic_datasets\mask_labels\reef_support\UNAL_BLEACHING_TAYRONA\masks_stitched\C7_PB_PSb_T1_19nov24_HBenavides_Corr_mask.png
mask,C7_PB_PSb_T2_19nov24_HBenavides_Corr_mask,C7_PB_PSb_T2_19nov24_HBenavides_Corr_mask.png,C:\Users\20231807\Documents\GitHub\Cap_coral_reefs\New_version_of_the_project\website\benthic_datasets\mask_labels\reef_support\UNAL_BLEACHING_TAYRONA\masks_stitched\C7_PB_PSb_T2_19nov24_HBenavides_Corr_mask.png
mask,C7_PB_PSb_T3_19nov24_HBenavides_Corr_mask,C7_PB_PSb_T3_19nov24_HBenavides_Corr_mask.png,C:\Users\20231807\Documents\GitHub\Cap_coral_reefs\New_version_of_the_project\website\benthic_datasets\mask_labels\reef_support\UNAL_BLEACHING_TAYRONA\masks_stitched\C7_PB_PSb_T3_19nov24_HBenavides_Corr_mask.png
mask,C8_BC_EM_T1_29nov24_CGomez_corr_mask,C8_BC_EM_T1_29nov24_CGomez_corr_mask.png,C:\Users\20231807\Documents\GitHub\Cap_coral_reefs\New_version_of_the_project\website\benthic_datasets\mask_labels\reef_support\UNAL_BLEACHING_TAYRONA\masks_stitched\C8_BC_EM_T1_29nov24_CGomez_corr_mask.png
mask,C8_BC_EM_T2_29nov24_CGomez_corr_mask,C8_BC_EM_T2_29nov24_CGomez_corr_mask.png,C:\Users\20231807\Documents\GitHub\Cap_coral_reefs\New_version_of_the_project\website\benthic_datasets\mask_labels\reef_support\UNAL_BLEACHING_TAYRONA\masks_stitched\C8_BC_EM_T2_29nov24_CGomez_corr_mask.png
mask,C8_BC_EM_T3_29nov24_CGomez_corr_mask,C8_BC_EM_T3_29nov24_CGomez_corr_mask.png,C:\Users\20231807\Documents\GitHub\Cap_coral_reefs\New_version_of_the_project\website\benthic_datasets\mask_labels\reef_support\UNAL_BLEACHING_TAYRONA\masks_stitched\C8_BC_EM_T3_29nov24_CGomez_corr_mask.png
mask,C8_BC_EP_T1_29nov24_CDaza_corr_mask,C8_BC_EP_T1_29nov24_CDaza_corr_mask.png,C:\Users\20231807\Documents\GitHub\Cap_coral_reefs\New_version_of_the_project\website\benthic_datasets\mask_labels\reef_support\UNAL_BLEACHING_TAYRONA\masks_stitched\C8_BC_EP_T1_29nov24_CDaza_corr_mask.png
mask,C8_BC_EP_T2_29nov24_CDaza_corr_mask,C8_BC_EP_T2_29nov24_CDaza_corr_mask.png,C:\Users\20231807\Documents\GitHub\Cap_coral_reefs\New_version_of_the_project\website\benthic_datasets\mask_labels\reef_support\UNAL_BLEACHING_TAYRONA\masks_stitched\C8_BC_EP_T2_29nov24_CDaza_corr_mask.png
mask,C8_BC_EP_T3_29nov24_CDaza_corr_mask,C8_BC_EP_T3_29nov24_CDaza_corr_mask.png,C:\Users\20231807\Documents\GitHub\Cap_coral_reefs\New_version_of_the_project\website\benthic_datasets\mask_labels\reef_support\UNAL_BLEACHING_TAYRONA\masks_stitched\C8_BC_EP_T3_29nov24_CDaza_corr_mask.png
mask,C8_BC_ESa_T1_29nov24_CDaza_corr_mask,C8_BC_ESa_T1_29nov24_CDaza_corr_mask.png,C:\Users\20231807\Documents\GitHub\Cap_coral_reefs\New_version_of_the_project\website\benthic_datasets\mask_labels\reef_support\UNAL_BLEACHING_TAYRONA\masks_stitched\C8_BC_ESa_T1_29nov24_CDaza_corr_mask.png
mask,C8_BC_ESa_T2_29nov24_CDaza_corr_mask,C8_BC_ESa_T2_29nov24_CDaza_corr_mask.png,C:\Users\20231807\Documents\GitHub\Cap_coral_reefs\New_version_of_the_project\website\benthic_datasets\mask_labels\reef_support\UNAL_BLEACHING_TAYRONA\masks_stitched\C8_BC_ESa_T2_29nov24_CDaza_corr_mask.png
mask,C8_BC_ESa_T3_29nov24_CDaza_corr_mask,C8_BC_ESa_T3_29nov24_CDaza_corr_mask.png,C:\Users\20231807\Documents\GitHub\Cap_coral_reefs\New_version_of_the_project\website\benthic_datasets\mask_labels\reef_support\UNAL_BLEACHING_TAYRONA\masks_stitched\C8_BC_ESa_T3_29nov24_CDaza_corr_mask.png
mask,C8_BC_ESb_T1_29nov24_CGomez_corr_mask,C8_BC_ESb_T1_29nov24_CGomez_corr_mask.png,C:\Users\20231807\Documents\GitHub\Cap_coral_reefs\New_version_of_the_project\website\benthic_datasets\mask_labels\reef_support\UNAL_BLEACHING_TAYRONA\masks_stitched\C8_BC_ESb_T1_29nov24_CGomez_corr_mask.png
mask,C8_BC_ESb_T2_29nov24_CGomez_corr_mask,C8_BC_ESb_T2_29nov24_CGomez_corr_mask.png,C:\Users\20231807\Documents\GitHub\Cap_coral_reefs\New_version_of_the_project\website\benthic_datasets\mask_labels\reef_support\UNAL_BLEACHING_TAYRONA\masks_stitched\C8_BC_ESb_T2_29nov24_CGomez_corr_mask.png
mask,C8_BC_ESb_T3_29nov24_CGomez_corr_mask,C8_BC_ESb_T3_29nov24_CGomez_corr_mask.png,C:\Users\20231807\Documents\GitHub\Cap_coral_reefs\New_version_of_the_project\website\benthic_datasets\mask_labels\reef_support\UNAL_BLEACHING_TAYRONA\masks_stitched\C8_BC_ESb_T3_29nov24_CGomez_corr_mask.png
mask,C8_BC_PM_T1_29nov24_CDaza_corr_mask,C8_BC_PM_T1_29nov24_CDaza_corr_mask.png,C:\Users\20231807\Documents\GitHub\Cap_coral_reefs\New_version_of_the_project\website\benthic_datasets\mask_labels\reef_support\UNAL_BLEACHING_TAYRONA\masks_stitched\C8_BC_PM_T1_29nov24_CDaza_corr_mask.png
mask,C8_BC_PM_T2_29nov24_CDaza_corr_mask,C8_BC_PM_T2_29nov24_CDaza_corr_mask.png,C:\Users\20231807\Documents\GitHub\Cap_coral_reefs\New_version_of_the_project\website\benthic_datasets\mask_labels\reef_support\UNAL_BLEACHING_TAYRONA\masks_stitched\C8_BC_PM_T2_29nov24_CDaza_corr_mask.png
mask,C8_BC_PM_T3_29nov24_CDaza_corr_mask,C8_BC_PM_T3_29nov24_CDaza_corr_mask.png,C:\Users\20231807\Documents\GitHub\Cap_coral_reefs\New_version_of_the_project\website\benthic_datasets\mask_labels\reef_support\UNAL_BLEACHING_TAYRONA\masks_stitched\C8_BC_PM_T3_29nov24_CDaza_corr_mask.png
mask,C8_BC_PP_T1_29nov24_HBenavides_corr_mask,C8_BC_PP_T1_29nov24_HBenavides_corr_mask.png,C:\Users\20231807\Documents\GitHub\Cap_coral_reefs\New_version_of_the_project\website\benthic_datasets\mask_labels\reef_support\UNAL_BLEACHING_TAYRONA\masks_stitched\C8_BC_PP_T1_29nov24_HBenavides_corr_mask.png
mask,C8_BC_PP_T2_29nov24_HBenavides_corr_mask,C8_BC_PP_T2_29nov24_HBenavides_corr_mask.png,C:\Users\20231807\Documents\GitHub\Cap_coral_reefs\New_version_of_the_project\website\benthic_datasets\mask_labels\reef_support\UNAL_BLEACHING_TAYRONA\masks_stitched\C8_BC_PP_T2_29nov24_HBenavides_corr_mask.png
mask,C8_BC_PP_T3_29nov24_HBenavides_corr_mask,C8_BC_PP_T3_29nov24_HBenavides_corr_mask.png,C:\Users\20231807\Documents\GitHub\Cap_coral_reefs\New_version_of_the_project\website\benthic_datasets\mask_labels\reef_support\UNAL_BLEACHING_TAYRONA\masks_stitched\C8_BC_PP_T3_29nov24_HBenavides_corr_mask.png
mask,C8_BC_PSa_T1_29nov24_CDaza_corr_mask,C8_BC_PSa_T1_29nov24_CDaza_corr_mask.png,C:\Users\20231807\Documents\GitHub\Cap_coral_reefs\New_version_of_the_project\website\benthic_datasets\mask_labels\reef_support\UNAL_BLEACHING_TAYRONA\masks_stitched\C8_BC_PSa_T1_29nov24_CDaza_corr_mask.png
mask,C8_BC_PSa_T2_29nov24_CDaza_corr_mask,C8_BC_PSa_T2_29nov24_CDaza_corr_mask.png,C:\Users\20231807\Documents\GitHub\Cap_coral_reefs\New_version_of_the_project\website\benthic_datasets\mask_labels\reef_support\UNAL_BLEACHING_TAYRONA\masks_stitched\C8_BC_PSa_T2_29nov24_CDaza_corr_mask.png
mask,C8_BC_PSa_T3_29nov24_CDaza_corr_mask,C8_BC_PSa_T3_29nov24_CDaza_corr_mask.png,C:\Users\20231807\Documents\GitHub\Cap_coral_reefs\New_version_of_the_project\website\benthic_datasets\mask_labels\reef_support\UNAL_BLEACHING_TAYRONA\masks_stitched\C8_BC_PSa_T3_29nov24_CDaza_corr_mask.png
mask,C8_BC_PSb_T1_29nov24_HBenavides_corr_mask,C8_BC_PSb_T1_29nov24_HBenavides_corr_mask.png,C:\Users\20231807\Documents\GitHub\Cap_coral_reefs\New_version_of_the_project\website\benthic_datasets\mask_labels\reef_support\UNAL_BLEACHING_TAYRONA\masks_stitched\C8_BC_PSb_T1_29nov24_HBenavides_corr_mask.png
mask,C8_BC_PSb_T2_29nov24_HBenavides_corr_mask,C8_BC_PSb_T2_29nov24_HBenavides_corr_mask.png,C:\Users\20231807\Documents\GitHub\Cap_coral_reefs\New_version_of_the_project\website\benthic_datasets\mask_labels\reef_support\UNAL_BLEACHING_TAYRONA\masks_stitched\C8_BC_PSb_T2_29nov24_HBenavides_corr_mask.png
mask,C8_Gr_PM_T1_30nov24_CGomez_corr_mask,C8_Gr_PM_T1_30nov24_CGomez_corr_mask.png,C:\Users\20231807\Documents\GitHub\Cap_coral_reefs\New_version_of_the_project\website\benthic_datasets\mask_labels\reef_support\UNAL_BLEACHING_TAYRONA\masks_stitched\C8_Gr_PM_T1_30nov24_CGomez_corr_mask.png
mask,C8_Gr_PM_T2_30nov24_CGomez_corr_mask,C8_Gr_PM_T2_30nov24_CGomez_corr_mask.png,C:\Users\20231807\Documents\GitHub\Cap_coral_reefs\New_version_of_the_project\website\benthic_datasets\mask_labels\reef_support\UNAL_BLEACHING_TAYRONA\masks_stitched\C8_Gr_PM_T2_30nov24_CGomez_corr_mask.png
mask,C8_Gr_PM_T3_30nov24_CGomez_corr_mask,C8_Gr_PM_T3_30nov24_CGomez_corr_mask.png,C:\Users\20231807\Documents\GitHub\Cap_coral_reefs\New_version_of_the_project\website\benthic_datasets\mask_labels\reef_support\UNAL_BLEACHING_TAYRONA\masks_stitched\C8_Gr_PM_T3_30nov24_CGomez_corr_mask.png
mask,C8_Gr_PP_T1_30nov24_HBenavides_corr_mask,C8_Gr_PP_T1_30nov24_HBenavides_corr_mask.png,C:\Users\20231807\Documents\GitHub\Cap_coral_reefs\New_version_of_the_project\website\benthic_datasets\mask_labels\reef_support\UNAL_BLEACHING_TAYRONA\masks_stitched\C8_Gr_PP_T1_30nov24_HBenavides_corr_mask.png
mask,C8_Gr_PP_T2_30nov24_HBenavides_corr_mask,C8_Gr_PP_T2_30nov24_HBenavides_corr_mask.png,C:\Users\20231807\Documents\GitHub\Cap_coral_reefs\New_version_of_the_project\website\benthic_datasets\mask_labels\reef_support\UNAL_BLEACHING_TAYRONA\masks_stitched\C8_Gr_PP_T2_30nov24_HBenavides_corr_mask.png
mask,C8_Gr_PP_T3_30nov24_HBenavides_corr_mask,C8_Gr_PP_T3_30nov24_HBenavides_corr_mask.png,C:\Users\20231807\Documents\GitHub\Cap_coral_reefs\New_version_of_the_project\website\benthic_datasets\mask_labels\reef_support\UNAL_BLEACHING_TAYRONA\masks_stitched\C8_Gr_PP_T3_30nov24_HBenavides_corr_mask.png
mask,C8_Gr_PSa_T1_30nov24_CDaza_corr_mask,C8_Gr_PSa_T1_30nov24_CDaza_corr_mask.png,C:\Users\20231807\Documents\GitHub\Cap_coral_reefs\New_version_of_the_project\website\benthic_datasets\mask_labels\reef_support\UNAL_BLEACHING_TAYRONA\masks_stitched\C8_Gr_PSa_T1_30nov24_CDaza_corr_mask.png
mask,C8_Gr_PSa_T2_30nov24_CDaza_corr_mask,C8_Gr_PSa_T2_30nov24_CDaza_corr_mask.png,C:\Users\20231807\Documents\GitHub\Cap_coral_reefs\New_version_of_the_project\website\benthic_datasets\mask_labels\reef_support\UNAL_BLEACHING_TAYRONA\masks_stitched\C8_Gr_PSa_T2_30nov24_CDaza_corr_mask.png
mask,C8_Gr_PSa_T3_30nov24_CDaza_corr_mask,C8_Gr_PSa_T3_30nov24_CDaza_corr_mask.png,C:\Users\20231807\Documents\GitHub\Cap_coral_reefs\New_version_of_the_project\website\benthic_datasets\mask_labels\reef_support\UNAL_BLEACHING_TAYRONA\masks_stitched\C8_Gr_PSa_T3_30nov24_CDaza_corr_mask.png
mask,C8_Gy_EM_T1_27nov24_CGomez_corr_mask,C8_Gy_EM_T1_27nov24_CGomez_corr_mask.png,C:\Users\20231807\Documents\GitHub\Cap_coral_reefs\New_version_of_the_project\website\benthic_datasets\mask_labels\reef_support\UNAL_BLEACHING_TAYRONA\masks_stitched\C8_Gy_EM_T1_27nov24_CGomez_corr_mask.png
mask,C8_Gy_EM_T2_27nov24_CGomez_corr_mask,C8_Gy_EM_T2_27nov24_CGomez_corr_mask.png,C:\Users\20231807\Documents\GitHub\Cap_coral_reefs\New_version_of_the_project\website\benthic_datasets\mask_labels\reef_support\UNAL_BLEACHING_TAYRONA\masks_stitched\C8_Gy_EM_T2_27nov24_CGomez_corr_mask.png
mask,C8_Gy_EP_T1_27nov24_HBenavides_corr_mask,C8_Gy_EP_T1_27nov24_HBenavides_corr_mask.png,C:\Users\20231807\Documents\GitHub\Cap_coral_reefs\New_version_of_the_project\website\benthic_datasets\mask_labels\reef_support\UNAL_BLEACHING_TAYRONA\masks_stitched\C8_Gy_EP_T1_27nov24_HBenavides_corr_mask.png
mask,C8_Gy_EP_T2_27nov24_HBenavides_corr_mask,C8_Gy_EP_T2_27nov24_HBenavides_corr_mask.png,C:\Users\20231807\Documents\GitHub\Cap_coral_reefs\New_version_of_the_project\website\benthic_datasets\mask_labels\reef_support\UNAL_BLEACHING_TAYRONA\masks_stitched\C8_Gy_EP_T2_27nov24_HBenavides_corr_mask.png
mask,C8_Gy_EP_T3_27nov24_HBenavides_corr_mask,C8_Gy_EP_T3_27nov24_HBenavides_corr_mask.png,C:\Users\20231807\Documents\GitHub\Cap_coral_reefs\New_version_of_the_project\website\benthic_datasets\mask_labels\reef_support\UNAL_BLEACHING_TAYRONA\masks_stitched\C8_Gy_EP_T3_27nov24_HBenavides_corr_mask.png
mask,C8_Gy_ESa_T1_27nov24_HBenavides_corr_mask,C8_Gy_ESa_T1_27nov24_HBenavides_corr_mask.png,C:\Users\20231807\Documents\GitHub\Cap_coral_reefs\New_version_of_the_project\website\benthic_datasets\mask_labels\reef_support\UNAL_BLEACHING_TAYRONA\masks_stitched\C8_Gy_ESa_T1_27nov24_HBenavides_corr_mask.png
mask,C8_Gy_ESa_T2_27nov24_HBenavides_corr_mask,C8_Gy_ESa_T2_27nov24_HBenavides_corr_mask.png,C:\Users\20231807\Documents\GitHub\Cap_coral_reefs\New_version_of_the_project\website\benthic_datasets\mask_labels\reef_support\UNAL_BLEACHING_TAYRONA\masks_stitched\C8_Gy_ESa_T2_27nov24_HBenavides_corr_mask.png
mask,C8_Gy_ESa_T3_27nov24_HBenavides_corr_mask,C8_Gy_ESa_T3_27nov24_HBenavides_corr_mask.png,C:\Users\20231807\Documents\GitHub\Cap_coral_reefs\New_version_of_the_project\website\benthic_datasets\mask_labels\reef_support\UNAL_BLEACHING_TAYRONA\masks_stitched\C8_Gy_ESa_T3_27nov24_HBenavides_corr_mask.png
mask,C8_Gy_ESb_T1_27nov24_CGomez_corr_mask,C8_Gy_ESb_T1_27nov24_CGomez_corr_mask.png,C:\Users\20231807\Documents\GitHub\Cap_coral_reefs\New_version_of_the_project\website\benthic_datasets\mask_labels\reef_support\UNAL_BLEACHING_TAYRONA\masks_stitched\C8_Gy_ESb_T1_27nov24_CGomez_corr_mask.png
mask,C8_Gy_ESb_T2_27nov24_CGomez_corr_mask,C8_Gy_ESb_T2_27nov24_CGomez_corr_mask.png,C:\Users\20231807\Documents\GitHub\Cap_coral_reefs\New_version_of_the_project\website\benthic_datasets\mask_labels\reef_support\UNAL_BLEACHING_TAYRONA\masks_stitched\C8_Gy_ESb_T2_27nov24_CGomez_corr_mask.png
mask,C8_Gy_ESb_T3_27nov24_CGomez_corr_mask,C8_Gy_ESb_T3_27nov24_CGomez_corr_mask.png,C:\Users\20231807\Documents\GitHub\Cap_coral_reefs\New_version_of_the_project\website\benthic_datasets\mask_labels\reef_support\UNAL_BLEACHING_TAYRONA\masks_stitched\C8_Gy_ESb_T3_27nov24_CGomez_corr_mask.png
mask,C8_Gy_PM_T1_27nov24_CGomez_corr_mask,C8_Gy_PM_T1_27nov24_CGomez_corr_mask.png,C:\Users\20231807\Documents\GitHub\Cap_coral_reefs\New_version_of_the_project\website\benthic_datasets\mask_labels\reef_support\UNAL_BLEACHING_TAYRONA\masks_stitched\C8_Gy_PM_T1_27nov24_CGomez_corr_mask.png
mask,C8_Gy_PM_T2_27nov24_CGomez_corr_mask,C8_Gy_PM_T2_27nov24_CGomez_corr_mask.png,C:\Users\20231807\Documents\GitHub\Cap_coral_reefs\New_version_of_the_project\website\benthic_datasets\mask_labels\reef_support\UNAL_BLEACHING_TAYRONA\masks_stitched\C8_Gy_PM_T2_27nov24_CGomez_corr_mask.png
mask,C8_Gy_PM_T3_27nov24_CGomez_corr_mask,C8_Gy_PM_T3_27nov24_CGomez_corr_mask.png,C:\Users\20231807\Documents\GitHub\Cap_coral_reefs\New_version_of_the_project\website\benthic_datasets\mask_labels\reef_support\UNAL_BLEACHING_TAYRONA\masks_stitched\C8_Gy_PM_T3_27nov24_CGomez_corr_mask.png
mask,C8_Gy_PP_T1_27nov24_CDaza_corr_mask,C8_Gy_PP_T1_27nov24_CDaza_corr_mask.png,C:\Users\20231807\Documents\GitHub\Cap_coral_reefs\New_version_of_the_project\website\benthic_datasets\mask_labels\reef_support\UNAL_BLEACHING_TAYRONA\masks_stitched\C8_Gy_PP_T1_27nov24_CDaza_corr_mask.png
mask,C8_Gy_PP_T2_27nov24_CDaza_corr_mask,C8_Gy_PP_T2_27nov24_CDaza_corr_mask.png,C:\Users\20231807\Documents\GitHub\Cap_coral_reefs\New_version_of_the_project\website\benthic_datasets\mask_labels\reef_support\UNAL_BLEACHING_TAYRONA\masks_stitched\C8_Gy_PP_T2_27nov24_CDaza_corr_mask.png
mask,C8_Gy_PP_T3_27nov24_CDaza_corr_mask,C8_Gy_PP_T3_27nov24_CDaza_corr_mask.png,C:\Users\20231807\Documents\GitHub\Cap_coral_reefs\New_version_of_the_project\website\benthic_datasets\mask_labels\reef_support\UNAL_BLEACHING_TAYRONA\masks_stitched\C8_Gy_PP_T3_27nov24_CDaza_corr_mask.png
mask,C8_Gy_PSa_T1_27nov24_CDaza_corr_mask,C8_Gy_PSa_T1_27nov24_CDaza_corr_mask.png,C:\Users\20231807\Documents\GitHub\Cap_coral_reefs\New_version_of_the_project\website\benthic_datasets\mask_labels\reef_support\UNAL_BLEACHING_TAYRONA\masks_stitched\C8_Gy_PSa_T1_27nov24_CDaza_corr_mask.png
mask,C8_Gy_PSa_T2_27nov24_CDaza_corr_mask,C8_Gy_PSa_T2_27nov24_CDaza_corr_mask.png,C:\Users\20231807\Documents\GitHub\Cap_coral_reefs\New_version_of_the_project\website\benthic_datasets\mask_labels\reef_support\UNAL_BLEACHING_TAYRONA\masks_stitched\C8_Gy_PSa_T2_27nov24_CDaza_corr_mask.png
mask,C8_Gy_PSa_T3_27nov24_CDaza_corr_mask,C8_Gy_PSa_T3_27nov24_CDaza_corr_mask.png,C:\Users\20231807\Documents\GitHub\Cap_coral_reefs\New_version_of_the_project\website\benthic_datasets\mask_labels\reef_support\UNAL_BLEACHING_TAYRONA\masks_stitched\C8_Gy_PSa_T3_27nov24_CDaza_corr_mask.png
mask,C8_Gy_PSb_T1_27nov24_CGomez_corr_mask,C8_Gy_PSb_T1_27nov24_CGomez_corr_mask.png,C:\Users\20231807\Documents\GitHub\Cap_coral_reefs\New_version_of_the_project\website\benthic_datasets\mask_labels\reef_support\UNAL_BLEACHING_TAYRONA\masks_stitched\C8_Gy_PSb_T1_27nov24_CGomez_corr_mask.png
mask,C8_Gy_PSb_T2_27nov24_CGomez_corr_mask,C8_Gy_PSb_T2_27nov24_CGomez_corr_mask.png,C:\Users\20231807\Documents\GitHub\Cap_coral_reefs\New_version_of_the_project\website\benthic_datasets\mask_labels\reef_support\UNAL_BLEACHING_TAYRONA\masks_stitched\C8_Gy_PSb_T2_27nov24_CGomez_corr_mask.png
mask,C8_Gy_PSb_T3_27nov24_CGomez_corr_mask,C8_Gy_PSb_T3_27nov24_CGomez_corr_mask.png,C:\Users\20231807\Documents\GitHub\Cap_coral_reefs\New_version_of_the_project\website\benthic_datasets\mask_labels\reef_support\UNAL_BLEACHING_TAYRONA\masks_stitched\C8_Gy_PSb_T3_27nov24_CGomez_corr_mask.png
mask,C8_PB_PM_T1_19nov24_CGomez_Corr_mask,C8_PB_PM_T1_19nov24_CGomez_Corr_mask.png,C:\Users\20231807\Documents\GitHub\Cap_coral_reefs\New_version_of_the_project\website\benthic_datasets\mask_labels\reef_support\UNAL_BLEACHING_TAYRONA\masks_stitched\C8_PB_PM_T1_19nov24_CGomez_Corr_mask.png
mask,C8_PB_PM_T2_19nov24_CGomez_Corr_mask,C8_PB_PM_T2_19nov24_CGomez_Corr_mask.png,C:\Users\20231807\Documents\GitHub\Cap_coral_reefs\New_version_of_the_project\website\benthic_datasets\mask_labels\reef_support\UNAL_BLEACHING_TAYRONA\masks_stitched\C8_PB_PM_T2_19nov24_CGomez_Corr_mask.png
mask,C8_PB_PM_T3_19nov24_CGomez_Corr_mask,C8_PB_PM_T3_19nov24_CGomez_Corr_mask.png,C:\Users\20231807\Documents\GitHub\Cap_coral_reefs\New_version_of_the_project\website\benthic_datasets\mask_labels\reef_support\UNAL_BLEACHING_TAYRONA\masks_stitched\C8_PB_PM_T3_19nov24_CGomez_Corr_mask.png
mask,C8_PB_PP_T1_19nov24_CGomez_Corr_mask,C8_PB_PP_T1_19nov24_CGomez_Corr_mask.png,C:\Users\20231807\Documents\GitHub\Cap_coral_reefs\New_version_of_the_project\website\benthic_datasets\mask_labels\reef_support\UNAL_BLEACHING_TAYRONA\masks_stitched\C8_PB_PP_T1_19nov24_CGomez_Corr_mask.png
mask,C8_PB_PP_T2_19nov24_CGomez_Corr_mask,C8_PB_PP_T2_19nov24_CGomez_Corr_mask.png,C:\Users\20231807\Documents\GitHub\Cap_coral_reefs\New_version_of_the_project\website\benthic_datasets\mask_labels\reef_support\UNAL_BLEACHING_TAYRONA\masks_stitched\C8_PB_PP_T2_19nov24_CGomez_Corr_mask.png
mask,C8_PB_PP_T3_19nov24_CGomez_Corr_mask,C8_PB_PP_T3_19nov24_CGomez_Corr_mask.png,C:\Users\20231807\Documents\GitHub\Cap_coral_reefs\New_version_of_the_project\website\benthic_datasets\mask_labels\reef_support\UNAL_BLEACHING_TAYRONA\masks_stitched\C8_PB_PP_T3_19nov24_CGomez_Corr_mask.png
mask,C8_PB_PSA_T1_19nov24_HBenavides_Corr_mask,C8_PB_PSA_T1_19nov24_HBenavides_Corr_mask.png,C:\Users\20231807\Documents\GitHub\Cap_coral_reefs\New_version_of_the_project\website\benthic_datasets\mask_labels\reef_support\UNAL_BLEACHING_TAYRONA\masks_stitched\C8_PB_PSA_T1_19nov24_HBenavides_Corr_mask.png
mask,C8_PB_PSA_T2_19nov24_HBenavides_Corr_mask,C8_PB_PSA_T2_19nov24_HBenavides_Corr_mask.png,C:\Users\20231807\Documents\GitHub\Cap_coral_reefs\New_version_of_the_project\website\benthic_datasets\mask_labels\reef_support\UNAL_BLEACHING_TAYRONA\masks_stitched\C8_PB_PSA_T2_19nov24_HBenavides_Corr_mask.png
mask,C8_PB_PSA_T3_19nov24_HBenavides_Corr_mask,C8_PB_PSA_T3_19nov24_HBenavides_Corr_mask.png,C:\Users\20231807\Documents\GitHub\Cap_coral_reefs\New_version_of_the_project\website\benthic_datasets\mask_labels\reef_support\UNAL_BLEACHING_TAYRONA\masks_stitched\C8_PB_PSA_T3_19nov24_HBenavides_Corr_mask.png
mask,C8_PB_PSb_T1_19nov24_HBenavides_Corr_mask,C8_PB_PSb_T1_19nov24_HBenavides_Corr_mask.png,C:\Users\20231807\Documents\GitHub\Cap_coral_reefs\New_version_of_the_project\website\benthic_datasets\mask_labels\reef_support\UNAL_BLEACHING_TAYRONA\masks_stitched\C8_PB_PSb_T1_19nov24_HBenavides_Corr_mask.png
mask,C8_PB_PSb_T2_19nov24_HBenavides_Corr_mask,C8_PB_PSb_T2_19nov24_HBenavides_Corr_mask.png,C:\Users\20231807\Documents\GitHub\Cap_coral_reefs\New_version_of_the_project\website\benthic_datasets\mask_labels\reef_support\UNAL_BLEACHING_TAYRONA\masks_stitched\C8_PB_PSb_T2_19nov24_HBenavides_Corr_mask.png
mask,C8_PB_PSb_T3_19nov24_HBenavides_Corr_mask,C8_PB_PSb_T3_19nov24_HBenavides_Corr_mask.png,C:\Users\20231807\Documents\GitHub\Cap_coral_reefs\New_version_of_the_project\website\benthic_datasets\mask_labels\reef_support\UNAL_BLEACHING_TAYRONA\masks_stitched\C8_PB_PSb_T3_19nov24_HBenavides_Corr_mask.png
mask,C9_BC_EM_T1_29nov24_CGomez_corr_mask,C9_BC_EM_T1_29nov24_CGomez_corr_mask.png,C:\Users\20231807\Documents\GitHub\Cap_coral_reefs\New_version_of_the_project\website\benthic_datasets\mask_labels\reef_support\UNAL_BLEACHING_TAYRONA\masks_stitched\C9_BC_EM_T1_29nov24_CGomez_corr_mask.png
mask,C9_BC_EM_T2_29nov24_CGomez_corr_mask,C9_BC_EM_T2_29nov24_CGomez_corr_mask.png,C:\Users\20231807\Documents\GitHub\Cap_coral_reefs\New_version_of_the_project\website\benthic_datasets\mask_labels\reef_support\UNAL_BLEACHING_TAYRONA\masks_stitched\C9_BC_EM_T2_29nov24_CGomez_corr_mask.png
mask,C9_BC_EM_T3_29nov24_CGomez_corr_mask,C9_BC_EM_T3_29nov24_CGomez_corr_mask.png,C:\Users\20231807\Documents\GitHub\Cap_coral_reefs\New_version_of_the_project\website\benthic_datasets\mask_labels\reef_support\UNAL_BLEACHING_TAYRONA\masks_stitched\C9_BC_EM_T3_29nov24_CGomez_corr_mask.png
mask,C9_BC_EP_T1_29nov24_CDaza_corr_mask,C9_BC_EP_T1_29nov24_CDaza_corr_mask.png,C:\Users\20231807\Documents\GitHub\Cap_coral_reefs\New_version_of_the_project\website\benthic_datasets\mask_labels\reef_support\UNAL_BLEACHING_TAYRONA\masks_stitched\C9_BC_EP_T1_29nov24_CDaza_corr_mask.png
mask,C9_BC_EP_T2_29nov24_CDaza_corr_mask,C9_BC_EP_T2_29nov24_CDaza_corr_mask.png,C:\Users\20231807\Documents\GitHub\Cap_coral_reefs\New_version_of_the_project\website\benthic_datasets\mask_labels\reef_support\UNAL_BLEACHING_TAYRONA\masks_stitched\C9_BC_EP_T2_29nov24_CDaza_corr_mask.png
mask,C9_BC_EP_T3_29nov24_CDaza_corr_mask,C9_BC_EP_T3_29nov24_CDaza_corr_mask.png,C:\Users\20231807\Documents\GitHub\Cap_coral_reefs\New_version_of_the_project\website\benthic_datasets\mask_labels\reef_support\UNAL_BLEACHING_TAYRONA\masks_stitched\C9_BC_EP_T3_29nov24_CDaza_corr_mask.png
mask,C9_BC_ESa_T1_29nov24_CDaza_corr_mask,C9_BC_ESa_T1_29nov24_CDaza_corr_mask.png,C:\Users\20231807\Documents\GitHub\Cap_coral_reefs\New_version_of_the_project\website\benthic_datasets\mask_labels\reef_support\UNAL_BLEACHING_TAYRONA\masks_stitched\C9_BC_ESa_T1_29nov24_CDaza_corr_mask.png
mask,C9_BC_ESa_T2_29nov24_CDaza_corr_mask,C9_BC_ESa_T2_29nov24_CDaza_corr_mask.png,C:\Users\20231807\Documents\GitHub\Cap_coral_reefs\New_version_of_the_project\website\benthic_datasets\mask_labels\reef_support\UNAL_BLEACHING_TAYRONA\masks_stitched\C9_BC_ESa_T2_29nov24_CDaza_corr_mask.png
mask,C9_BC_ESa_T3_29nov24_CDaza_corr_mask,C9_BC_ESa_T3_29nov24_CDaza_corr_mask.png,C:\Users\20231807\Documents\GitHub\Cap_coral_reefs\New_version_of_the_project\website\benthic_datasets\mask_labels\reef_support\UNAL_BLEACHING_TAYRONA\masks_stitched\C9_BC_ESa_T3_29nov24_CDaza_corr_mask.png
mask,C9_BC_ESb_T1_29nov24_CGomez_corr_mask,C9_BC_ESb_T1_29nov24_CGomez_corr_mask.png,C:\Users\20231807\Documents\GitHub\Cap_coral_reefs\New_version_of_the_project\website\benthic_datasets\mask_labels\reef_support\UNAL_BLEACHING_TAYRONA\masks_stitched\C9_BC_ESb_T1_29nov24_CGomez_corr_mask.png
mask,C9_BC_ESb_T2_29nov24_CGomez_corr_mask,C9_BC_ESb_T2_29nov24_CGomez_corr_mask.png,C:\Users\20231807\Documents\GitHub\Cap_coral_reefs\New_version_of_the_project\website\benthic_datasets\mask_labels\reef_support\UNAL_BLEACHING_TAYRONA\masks_stitched\C9_BC_ESb_T2_29nov24_CGomez_corr_mask.png
mask,C9_BC_ESb_T3_29nov24_CGomez_corr_mask,C9_BC_ESb_T3_29nov24_CGomez_corr_mask.png,C:\Users\20231807\Documents\GitHub\Cap_coral_reefs\New_version_of_the_project\website\benthic_datasets\mask_labels\reef_support\UNAL_BLEACHING_TAYRONA\masks_stitched\C9_BC_ESb_T3_29nov24_CGomez_corr_mask.png
mask,C9_BC_PM_T1_29nov24_CDaza_corr_mask,C9_BC_PM_T1_29nov24_CDaza_corr_mask.png,C:\Users\20231807\Documents\GitHub\Cap_coral_reefs\New_version_of_the_project\website\benthic_datasets\mask_labels\reef_support\UNAL_BLEACHING_TAYRONA\masks_stitched\C9_BC_PM_T1_29nov24_CDaza_corr_mask.png
mask,C9_BC_PM_T2_29nov24_CDaza_corr_mask,C9_BC_PM_T2_29nov24_CDaza_corr_mask.png,C:\Users\20231807\Documents\GitHub\Cap_coral_reefs\New_version_of_the_project\website\benthic_datasets\mask_labels\reef_support\UNAL_BLEACHING_TAYRONA\masks_stitched\C9_BC_PM_T2_29nov24_CDaza_corr_mask.png
mask,C9_BC_PM_T3_29nov24_CDaza_corr_mask,C9_BC_PM_T3_29nov24_CDaza_corr_mask.png,C:\Users\20231807\Documents\GitHub\Cap_coral_reefs\New_version_of_the_project\website\benthic_datasets\mask_labels\reef_support\UNAL_BLEACHING_TAYRONA\masks_stitched\C9_BC_PM_T3_29nov24_CDaza_corr_mask.png
mask,C9_BC_PP_T1_29nov24_HBenavides_corr_mask,C9_BC_PP_T1_29nov24_HBenavides_corr_mask.png,C:\Users\20231807\Documents\GitHub\Cap_coral_reefs\New_version_of_the_project\website\benthic_datasets\mask_labels\reef_support\UNAL_BLEACHING_TAYRONA\masks_stitched\C9_BC_PP_T1_29nov24_HBenavides_corr_mask.png
mask,C9_BC_PP_T2_29nov24_HBenavides_corr_mask,C9_BC_PP_T2_29nov24_HBenavides_corr_mask.png,C:\Users\20231807\Documents\GitHub\Cap_coral_reefs\New_version_of_the_project\website\benthic_datasets\mask_labels\reef_support\UNAL_BLEACHING_TAYRONA\masks_stitched\C9_BC_PP_T2_29nov24_HBenavides_corr_mask.png
mask,C9_BC_PP_T3_29nov24_HBenavides_corr_mask,C9_BC_PP_T3_29nov24_HBenavides_corr_mask.png,C:\Users\20231807\Documents\GitHub\Cap_coral_reefs\New_version_of_the_project\website\benthic_datasets\mask_labels\reef_support\UNAL_BLEACHING_TAYRONA\masks_stitched\C9_BC_PP_T3_29nov24_HBenavides_corr_mask.png
mask,C9_BC_PSa_T1_29nov24_CDaza_corr_mask,C9_BC_PSa_T1_29nov24_CDaza_corr_mask.png,C:\Users\20231807\Documents\GitHub\Cap_coral_reefs\New_version_of_the_project\website\benthic_datasets\mask_labels\reef_support\UNAL_BLEACHING_TAYRONA\masks_stitched\C9_BC_PSa_T1_29nov24_CDaza_corr_mask.png
mask,C9_BC_PSa_T2_29nov24_CDaza_corr_mask,C9_BC_PSa_T2_29nov24_CDaza_corr_mask.png,C:\Users\20231807\Documents\GitHub\Cap_coral_reefs\New_version_of_the_project\website\benthic_datasets\mask_labels\reef_support\UNAL_BLEACHING_TAYRONA\masks_stitched\C9_BC_PSa_T2_29nov24_CDaza_corr_mask.png
mask,C9_BC_PSa_T3_29nov24_CDaza_corr_mask,C9_BC_PSa_T3_29nov24_CDaza_corr_mask.png,C:\Users\20231807\Documents\GitHub\Cap_coral_reefs\New_version_of_the_project\website\benthic_datasets\mask_labels\reef_support\UNAL_BLEACHING_TAYRONA\masks_stitched\C9_BC_PSa_T3_29nov24_CDaza_corr_mask.png
mask,C9_BC_PSb_T1_29nov24_HBenavides_corr_mask,C9_BC_PSb_T1_29nov24_HBenavides_corr_mask.png,C:\Users\20231807\Documents\GitHub\Cap_coral_reefs\New_version_of_the_project\website\benthic_datasets\mask_labels\reef_support\UNAL_BLEACHING_TAYRONA\masks_stitched\C9_BC_PSb_T1_29nov24_HBenavides_corr_mask.png
mask,C9_BC_PSb_T2_29nov24_HBenavides_corr_mask,C9_BC_PSb_T2_29nov24_HBenavides_corr_mask.png,C:\Users\20231807\Documents\GitHub\Cap_coral_reefs\New_version_of_the_project\website\benthic_datasets\mask_labels\reef_support\UNAL_BLEACHING_TAYRONA\masks_stitched\C9_BC_PSb_T2_29nov24_HBenavides_corr_mask.png
mask,C9_Gr_PM_T1_30nov24_CGomez_corr_mask,C9_Gr_PM_T1_30nov24_CGomez_corr_mask.png,C:\Users\20231807\Documents\GitHub\Cap_coral_reefs\New_version_of_the_project\website\benthic_datasets\mask_labels\reef_support\UNAL_BLEACHING_TAYRONA\masks_stitched\C9_Gr_PM_T1_30nov24_CGomez_corr_mask.png
mask,C9_Gr_PM_T2_30nov24_CGomez_corr_mask,C9_Gr_PM_T2_30nov24_CGomez_corr_mask.png,C:\Users\20231807\Documents\GitHub\Cap_coral_reefs\New_version_of_the_project\website\benthic_datasets\mask_labels\reef_support\UNAL_BLEACHING_TAYRONA\masks_stitched\C9_Gr_PM_T2_30nov24_CGomez_corr_mask.png
mask,C9_Gr_PM_T3_30nov24_CGomez_corr_mask,C9_Gr_PM_T3_30nov24_CGomez_corr_mask.png,C:\Users\20231807\Documents\GitHub\Cap_coral_reefs\New_version_of_the_project\website\benthic_datasets\mask_labels\reef_support\UNAL_BLEACHING_TAYRONA\masks_stitched\C9_Gr_PM_T3_30nov24_CGomez_corr_mask.png
mask,C9_Gr_PP_T1_30nov24_HBenavides_corr_mask,C9_Gr_PP_T1_30nov24_HBenavides_corr_mask.png,C:\Users\20231807\Documents\GitHub\Cap_coral_reefs\New_version_of_the_project\website\benthic_datasets\mask_labels\reef_support\UNAL_BLEACHING_TAYRONA\masks_stitched\C9_Gr_PP_T1_30nov24_HBenavides_corr_mask.png
mask,C9_Gr_PP_T2_30nov24_HBenavides_corr_mask,C9_Gr_PP_T2_30nov24_HBenavides_corr_mask.png,C:\Users\20231807\Documents\GitHub\Cap_coral_reefs\New_version_of_the_project\website\benthic_datasets\mask_labels\reef_support\UNAL_BLEACHING_TAYRONA\masks_stitched\C9_Gr_PP_T2_30nov24_HBenavides_corr_mask.png
mask,C9_Gr_PP_T3_30nov24_HBenavides_corr_mask,C9_Gr_PP_T3_30nov24_HBenavides_corr_mask.png,C:\Users\20231807\Documents\GitHub\Cap_coral_reefs\New_version_of_the_project\website\benthic_datasets\mask_labels\reef_support\UNAL_BLEACHING_TAYRONA\masks_stitched\C9_Gr_PP_T3_30nov24_HBenavides_corr_mask.png
mask,C9_Gr_PSa_T1_30nov24_CDaza_corr_mask,C9_Gr_PSa_T1_30nov24_CDaza_corr_mask.png,C:\Users\20231807\Documents\GitHub\Cap_coral_reefs\New_version_of_the_project\website\benthic_datasets\mask_labels\reef_support\UNAL_BLEACHING_TAYRONA\masks_stitched\C9_Gr_PSa_T1_30nov24_CDaza_corr_mask.png
mask,C9_Gr_PSa_T2_30nov24_CDaza_corr_mask,C9_Gr_PSa_T2_30nov24_CDaza_corr_mask.png,C:\Users\20231807\Documents\GitHub\Cap_coral_reefs\New_version_of_the_project\website\benthic_datasets\mask_labels\reef_support\UNAL_BLEACHING_TAYRONA\masks_stitched\C9_Gr_PSa_T2_30nov24_CDaza_corr_mask.png
mask,C9_Gr_PSa_T3_30nov24_CDaza_corr_mask,C9_Gr_PSa_T3_30nov24_CDaza_corr_mask.png,C:\Users\20231807\Documents\GitHub\Cap_coral_reefs\New_version_of_the_project\website\benthic_datasets\mask_labels\reef_support\UNAL_BLEACHING_TAYRONA\masks_stitched\C9_Gr_PSa_T3_30nov24_CDaza_corr_mask.png
mask,C9_Gy_EM_T1_27nov24_CGomez_corr_mask,C9_Gy_EM_T1_27nov24_CGomez_corr_mask.png,C:\Users\20231807\Documents\GitHub\Cap_coral_reefs\New_version_of_the_project\website\benthic_datasets\mask_labels\reef_support\UNAL_BLEACHING_TAYRONA\masks_stitched\C9_Gy_EM_T1_27nov24_CGomez_corr_mask.png
mask,C9_Gy_EM_T2_27nov24_CGomez_corr_mask,C9_Gy_EM_T2_27nov24_CGomez_corr_mask.png,C:\Users\20231807\Documents\GitHub\Cap_coral_reefs\New_version_of_the_project\website\benthic_datasets\mask_labels\reef_support\UNAL_BLEACHING_TAYRONA\masks_stitched\C9_Gy_EM_T2_27nov24_CGomez_corr_mask.png
mask,C9_Gy_EP_T1_27nov24_HBenavides_corr_mask,C9_Gy_EP_T1_27nov24_HBenavides_corr_mask.png,C:\Users\20231807\Documents\GitHub\Cap_coral_reefs\New_version_of_the_project\website\benthic_datasets\mask_labels\reef_support\UNAL_BLEACHING_TAYRONA\masks_stitched\C9_Gy_EP_T1_27nov24_HBenavides_corr_mask.png
mask,C9_Gy_EP_T2_27nov24_HBenavides_corr_mask,C9_Gy_EP_T2_27nov24_HBenavides_corr_mask.png,C:\Users\20231807\Documents\GitHub\Cap_coral_reefs\New_version_of_the_project\website\benthic_datasets\mask_labels\reef_support\UNAL_BLEACHING_TAYRONA\masks_stitched\C9_Gy_EP_T2_27nov24_HBenavides_corr_mask.png
mask,C9_Gy_EP_T3_27nov24_HBenavides_corr_mask,C9_Gy_EP_T3_27nov24_HBenavides_corr_mask.png,C:\Users\20231807\Documents\GitHub\Cap_coral_reefs\New_version_of_the_project\website\benthic_datasets\mask_labels\reef_support\UNAL_BLEACHING_TAYRONA\masks_stitched\C9_Gy_EP_T3_27nov24_HBenavides_corr_mask.png
mask,C9_Gy_ESa_T1_27nov24_HBenavides_corr_mask,C9_Gy_ESa_T1_27nov24_HBenavides_corr_mask.png,C:\Users\20231807\Documents\GitHub\Cap_coral_reefs\New_version_of_the_project\website\benthic_datasets\mask_labels\reef_support\UNAL_BLEACHING_TAYRONA\masks_stitched\C9_Gy_ESa_T1_27nov24_HBenavides_corr_mask.png
mask,C9_Gy_ESa_T2_27nov24_HBenavides_corr_mask,C9_Gy_ESa_T2_27nov24_HBenavides_corr_mask.png,C:\Users\20231807\Documents\GitHub\Cap_coral_reefs\New_version_of_the_project\website\benthic_datasets\mask_labels\reef_support\UNAL_BLEACHING_TAYRONA\masks_stitched\C9_Gy_ESa_T2_27nov24_HBenavides_corr_mask.png
mask,C9_Gy_ESa_T3_27nov24_HBenavides_corr_mask,C9_Gy_ESa_T3_27nov24_HBenavides_corr_mask.png,C:\Users\20231807\Documents\GitHub\Cap_coral_reefs\New_version_of_the_project\website\benthic_datasets\mask_labels\reef_support\UNAL_BLEACHING_TAYRONA\masks_stitched\C9_Gy_ESa_T3_27nov24_HBenavides_corr_mask.png
mask,C9_Gy_ESb_T1_27nov24_CGomez_corr_mask,C9_Gy_ESb_T1_27nov24_CGomez_corr_mask.png,C:\Users\20231807\Documents\GitHub\Cap_coral_reefs\New_version_of_the_project\website\benthic_datasets\mask_labels\reef_support\UNAL_BLEACHING_TAYRONA\masks_stitched\C9_Gy_ESb_T1_27nov24_CGomez_corr_mask.png
mask,C9_PB_PM_T1_19nov24_CGomez_Corr_mask,C9_PB_PM_T1_19nov24_CGomez_Corr_mask.png,C:\Users\20231807\Documents\GitHub\Cap_coral_reefs\New_version_of_the_project\website\benthic_datasets\mask_labels\reef_support\UNAL_BLEACHING_TAYRONA\masks_stitched\C9_PB_PM_T1_19nov24_CGomez_Corr_mask.png
mask,C9_PB_PM_T2_19nov24_CGomez_Corr_mask,C9_PB_PM_T2_19nov24_CGomez_Corr_mask.png,C:\Users\20231807\Documents\GitHub\Cap_coral_reefs\New_version_of_the_project\website\benthic_datasets\mask_labels\reef_support\UNAL_BLEACHING_TAYRONA\masks_stitched\C9_PB_PM_T2_19nov24_CGomez_Corr_mask.png
mask,C9_PB_PM_T3_19nov24_CGomez_Corr_mask,C9_PB_PM_T3_19nov24_CGomez_Corr_mask.png,C:\Users\20231807\Documents\GitHub\Cap_coral_reefs\New_version_of_the_project\website\benthic_datasets\mask_labels\reef_support\UNAL_BLEACHING_TAYRONA\masks_stitched\C9_PB_PM_T3_19nov24_CGomez_Corr_mask.png
mask,C9_PB_PP_T1_19nov24_CGomez_Corr_mask,C9_PB_PP_T1_19nov24_CGomez_Corr_mask.png,C:\Users\20231807\Documents\GitHub\Cap_coral_reefs\New_version_of_the_project\website\benthic_datasets\mask_labels\reef_support\UNAL_BLEACHING_TAYRONA\masks_stitched\C9_PB_PP_T1_19nov24_CGomez_Corr_mask.png
mask,C9_PB_PP_T2_19nov24_CGomez_Corr_mask,C9_PB_PP_T2_19nov24_CGomez_Corr_mask.png,C:\Users\20231807\Documents\GitHub\Cap_coral_reefs\New_version_of_the_project\website\benthic_datasets\mask_labels\reef_support\UNAL_BLEACHING_TAYRONA\masks_stitched\C9_PB_PP_T2_19nov24_CGomez_Corr_mask.png
mask,C9_PB_PP_T3_19nov24_CGomez_Corr_mask,C9_PB_PP_T3_19nov24_CGomez_Corr_mask.png,C:\Users\20231807\Documents\GitHub\Cap_coral_reefs\New_version_of_the_project\website\benthic_datasets\mask_labels\reef_support\UNAL_BLEACHING_TAYRONA\masks_stitched\C9_PB_PP_T3_19nov24_CGomez_Corr_mask.png
mask,C9_PB_PSA_T1_19nov24_HBenavides_Corr_mask,C9_PB_PSA_T1_19nov24_HBenavides_Corr_mask.png,C:\Users\20231807\Documents\GitHub\Cap_coral_reefs\New_version_of_the_project\website\benthic_datasets\mask_labels\reef_support\UNAL_BLEACHING_TAYRONA\masks_stitched\C9_PB_PSA_T1_19nov24_HBenavides_Corr_mask.png
mask,C9_PB_PSA_T2_19nov24_HBenavides_Corr_mask,C9_PB_PSA_T2_19nov24_HBenavides_Corr_mask.png,C:\Users\20231807\Documents\GitHub\Cap_coral_reefs\New_version_of_the_project\website\benthic_datasets\mask_labels\reef_support\UNAL_BLEACHING_TAYRONA\masks_stitched\C9_PB_PSA_T2_19nov24_HBenavides_Corr_mask.png
mask,C9_PB_PSA_T3_19nov24_HBenavides_Corr_mask,C9_PB_PSA_T3_19nov24_HBenavides_Corr_mask.png,C:\Users\20231807\Documents\GitHub\Cap_coral_reefs\New_version_of_the_project\website\benthic_datasets\mask_labels\reef_support\UNAL_BLEACHING_TAYRONA\masks_stitched\C9_PB_PSA_T3_19nov24_HBenavides_Corr_mask.png
mask,C9_PB_PSb_T1_19nov24_HBenavides_Corr_mask,C9_PB_PSb_T1_19nov24_HBenavides_Corr_mask.png,C:\Users\20231807\Documents\GitHub\Cap_coral_reefs\New_version_of_the_project\website\benthic_datasets\mask_labels\reef_support\UNAL_BLEACHING_TAYRONA\masks_stitched\C9_PB_PSb_T1_19nov24_HBenavides_Corr_mask.png
mask,C9_PB_PSb_T2_19nov24_HBenavides_Corr_mask,C9_PB_PSb_T2_19nov24_HBenavides_Corr_mask.png,C:\Users\20231807\Documents\GitHub\Cap_coral_reefs\New_version_of_the_project\website\benthic_datasets\mask_labels\reef_support\UNAL_BLEACHING_TAYRONA\masks_stitched\C9_PB_PSb_T2_19nov24_HBenavides_Corr_mask.png
mask,C9_PB_PSb_T3_19nov24_HBenavides_Corr_mask,C9_PB_PSb_T3_19nov24_HBenavides_Corr_mask.png,C:\Users\20231807\Documents\GitHub\Cap_coral_reefs\New_version_of_the_project\website\benthic_datasets\mask_labels\reef_support\UNAL_BLEACHING_TAYRONA\masks_stitched\C9_PB_PSb_T3_19nov24_HBenavides_Corr_mask.png
image,C10_BC_PM_T1_29nov24_CDaza_corr,C10_BC_PM_T1_29nov24_CDaza_corr.jpg,C:\Users\20231807\Documents\GitHub\Cap_coral_reefs\New_version_of_the_project\website\benthic_datasets\mask_labels\reef_support\UNAL_BLEACHING_TAYRONA\images\C10_BC_PM_T1_29nov24_CDaza_corr.jpg
image,C10_BC_PM_T2_29nov24_CDaza_corr,C10_BC_PM_T2_29nov24_CDaza_corr.jpg,C:\Users\20231807\Documents\GitHub\Cap_coral_reefs\New_version_of_the_project\website\benthic_datasets\mask_labels\reef_support\UNAL_BLEACHING_TAYRONA\images\C10_BC_PM_T2_29nov24_CDaza_corr.jpg
image,C10_BC_PP_T1_29nov24_HBenavides_corr,C10_BC_PP_T1_29nov24_HBenavides_corr.jpg,C:\Users\20231807\Documents\GitHub\Cap_coral_reefs\New_version_of_the_project\website\benthic_datasets\mask_labels\reef_support\UNAL_BLEACHING_TAYRONA\images\C10_BC_PP_T1_29nov24_HBenavides_corr.jpg
image,C10_BC_PP_T2_29nov24_HBenavides_corr,C10_BC_PP_T2_29nov24_HBenavides_corr.jpg,C:\Users\20231807\Documents\GitHub\Cap_coral_reefs\New_version_of_the_project\website\benthic_datasets\mask_labels\reef_support\UNAL_BLEACHING_TAYRONA\images\C10_BC_PP_T2_29nov24_HBenavides_corr.jpg
image,C10_BC_PSb_T1_29nov24_HBenavides_corr,C10_BC_PSb_T1_29nov24_HBenavides_corr.jpg,C:\Users\20231807\Documents\GitHub\Cap_coral_reefs\New_version_of_the_project\website\benthic_datasets\mask_labels\reef_support\UNAL_BLEACHING_TAYRONA\images\C10_BC_PSb_T1_29nov24_HBenavides_corr.jpg
image,C10_Gr_PM_T1_30nov24_CGomez_corr,C10_Gr_PM_T1_30nov24_CGomez_corr.jpg,C:\Users\20231807\Documents\GitHub\Cap_coral_reefs\New_version_of_the_project\website\benthic_datasets\mask_labels\reef_support\UNAL_BLEACHING_TAYRONA\images\C10_Gr_PM_T1_30nov24_CGomez_corr.jpg
image,C10_Gr_PP_T3_30nov24_HBenavides_corr,C10_Gr_PP_T3_30nov24_HBenavides_corr.jpg,C:\Users\20231807\Documents\GitHub\Cap_coral_reefs\New_version_of_the_project\website\benthic_datasets\mask_labels\reef_support\UNAL_BLEACHING_TAYRONA\images\C10_Gr_PP_T3_30nov24_HBenavides_corr.jpg
image,C10_Gr_PSa_T1_30nov24_CDaza_corr,C10_Gr_PSa_T1_30nov24_CDaza_corr.jpg,C:\Users\20231807\Documents\GitHub\Cap_coral_reefs\New_version_of_the_project\website\benthic_datasets\mask_labels\reef_support\UNAL_BLEACHING_TAYRONA\images\C10_Gr_PSa_T1_30nov24_CDaza_corr.jpg
image,C10_Gr_PSa_T2_30nov24_CDaza_corr,C10_Gr_PSa_T2_30nov24_CDaza_corr.jpg,C:\Users\20231807\Documents\GitHub\Cap_coral_reefs\New_version_of_the_project\website\benthic_datasets\mask_labels\reef_support\UNAL_BLEACHING_TAYRONA\images\C10_Gr_PSa_T2_30nov24_CDaza_corr.jpg
image,C10_PB_PM_T2_19nov24_CGomez_Corr,C10_PB_PM_T2_19nov24_CGomez_Corr.JPG,C:\Users\20231807\Documents\GitHub\Cap_coral_reefs\New_version_of_the_project\website\benthic_datasets\mask_labels\reef_support\UNAL_BLEACHING_TAYRONA\images\C10_PB_PM_T2_19nov24_CGomez_Corr.JPG
image,C10_PB_PP_T2_19nov24_CGomez_Corr,C10_PB_PP_T2_19nov24_CGomez_Corr.JPG,C:\Users\20231807\Documents\GitHub\Cap_coral_reefs\New_version_of_the_project\website\benthic_datasets\mask_labels\reef_support\UNAL_BLEACHING_TAYRONA\images\C10_PB_PP_T2_19nov24_CGomez_Corr.JPG
image,C10_PB_PSA_T1_19nov24_HBenavides_Corr,C10_PB_PSA_T1_19nov24_HBenavides_Corr.JPG,C:\Users\20231807\Documents\GitHub\Cap_coral_reefs\New_version_of_the_project\website\benthic_datasets\mask_labels\reef_support\UNAL_BLEACHING_TAYRONA\images\C10_PB_PSA_T1_19nov24_HBenavides_Corr.JPG
image,C10_PB_PSb_T1_19nov24_HBenavides_Corr,C10_PB_PSb_T1_19nov24_HBenavides_Corr.JPG,C:\Users\20231807\Documents\GitHub\Cap_coral_reefs\New_version_of_the_project\website\benthic_datasets\mask_labels\reef_support\UNAL_BLEACHING_TAYRONA\images\C10_PB_PSb_T1_19nov24_HBenavides_Corr.JPG
image,C10_PB_PSb_T2_19nov24_HBenavides_Corr,C10_PB_PSb_T2_19nov24_HBenavides_Corr.JPG,C:\Users\20231807\Documents\GitHub\Cap_coral_reefs\New_version_of_the_project\website\benthic_datasets\mask_labels\reef_support\UNAL_BLEACHING_TAYRONA\images\C10_PB_PSb_T2_19nov24_HBenavides_Corr.JPG
image,C11_BC_PM_T1_29nov24_CDaza_corr,C11_BC_PM_T1_29nov24_CDaza_corr.jpg,C:\Users\20231807\Documents\GitHub\Cap_coral_reefs\New_version_of_the_project\website\benthic_datasets\mask_labels\reef_support\UNAL_BLEACHING_TAYRONA\images\C11_BC_PM_T1_29nov24_CDaza_corr.jpg
image,C11_BC_PM_T2_29nov24_CDaza_corr,C11_BC_PM_T2_29nov24_CDaza_corr.jpg,C:\Users\20231807\Documents\GitHub\Cap_coral_reefs\New_version_of_the_project\website\benthic_datasets\mask_labels\reef_support\UNAL_BLEACHING_TAYRONA\images\C11_BC_PM_T2_29nov24_CDaza_corr.jpg
image,C11_BC_PP_T3_29nov24_HBenavides_corr,C11_BC_PP_T3_29nov24_HBenavides_corr.jpg,C:\Users\20231807\Documents\GitHub\Cap_coral_reefs\New_version_of_the_project\website\benthic_datasets\mask_labels\reef_support\UNAL_BLEACHING_TAYRONA\images\C11_BC_PP_T3_29nov24_HBenavides_corr.jpg
image,C11_Gr_PM_T2_30nov24_CGomez_corr,C11_Gr_PM_T2_30nov24_CGomez_corr.jpg,C:\Users\20231807\Documents\GitHub\Cap_coral_reefs\New_version_of_the_project\website\benthic_datasets\mask_labels\reef_support\UNAL_BLEACHING_TAYRONA\images\C11_Gr_PM_T2_30nov24_CGomez_corr.jpg
image,C11_Gr_PP_T1_30nov24_HBenavides_corr,C11_Gr_PP_T1_30nov24_HBenavides_corr.jpg,C:\Users\20231807\Documents\GitHub\Cap_coral_reefs\New_version_of_the_project\website\benthic_datasets\mask_labels\reef_support\UNAL_BLEACHING_TAYRONA\images\C11_Gr_PP_T1_30nov24_HBenavides_corr.jpg
image,C11_Gr_PP_T2_30nov24_HBenavides_corr,C11_Gr_PP_T2_30nov24_HBenavides_corr.jpg,C:\Users\20231807\Documents\GitHub\Cap_coral_reefs\New_version_of_the_project\website\benthic_datasets\mask_labels\reef_support\UNAL_BLEACHING_TAYRONA\images\C11_Gr_PP_T2_30nov24_HBenavides_corr.jpg
image,C11_Gr_PSa_T3_30nov24_CDaza_corr,C11_Gr_PSa_T3_30nov24_CDaza_corr.jpg,C:\Users\20231807\Documents\GitHub\Cap_coral_reefs\New_version_of_the_project\website\benthic_datasets\mask_labels\reef_support\UNAL_BLEACHING_TAYRONA\images\C11_Gr_PSa_T3_30nov24_CDaza_corr.jpg
image,C11_PB_PM_T1_19nov24_CGomez_Corr,C11_PB_PM_T1_19nov24_CGomez_Corr.JPG,C:\Users\20231807\Documents\GitHub\Cap_coral_reefs\New_version_of_the_project\website\benthic_datasets\mask_labels\reef_support\UNAL_BLEACHING_TAYRONA\images\C11_PB_PM_T1_19nov24_CGomez_Corr.JPG
image,C11_PB_PM_T3_19nov24_CGomez_Corr,C11_PB_PM_T3_19nov24_CGomez_Corr.JPG,C:\Users\20231807\Documents\GitHub\Cap_coral_reefs\New_version_of_the_project\website\benthic_datasets\mask_labels\reef_support\UNAL_BLEACHING_TAYRONA\images\C11_PB_PM_T3_19nov24_CGomez_Corr.JPG
image,C11_PB_PP_T3_19nov24_CGomez_Corr,C11_PB_PP_T3_19nov24_CGomez_Corr.JPG,C:\Users\20231807\Documents\GitHub\Cap_coral_reefs\New_version_of_the_project\website\benthic_datasets\mask_labels\reef_support\UNAL_BLEACHING_TAYRONA\images\C11_PB_PP_T3_19nov24_CGomez_Corr.JPG
image,C11_PB_PSA_T1_19nov24_HBenavides_Corr,C11_PB_PSA_T1_19nov24_HBenavides_Corr.JPG,C:\Users\20231807\Documents\GitHub\Cap_coral_reefs\New_version_of_the_project\website\benthic_datasets\mask_labels\reef_support\UNAL_BLEACHING_TAYRONA\images\C11_PB_PSA_T1_19nov24_HBenavides_Corr.JPG
image,C11_PB_PSb_T1_19nov24_HBenavides_Corr,C11_PB_PSb_T1_19nov24_HBenavides_Corr.JPG,C:\Users\20231807\Documents\GitHub\Cap_coral_reefs\New_version_of_the_project\website\benthic_datasets\mask_labels\reef_support\UNAL_BLEACHING_TAYRONA\images\C11_PB_PSb_T1_19nov24_HBenavides_Corr.JPG
image,C11_PB_PSb_T2_19nov24_HBenavides_Corr,C11_PB_PSb_T2_19nov24_HBenavides_Corr.JPG,C:\Users\20231807\Documents\GitHub\Cap_coral_reefs\New_version_of_the_project\website\benthic_datasets\mask_labels\reef_support\UNAL_BLEACHING_TAYRONA\images\C11_PB_PSb_T2_19nov24_HBenavides_Corr.JPG
image,C12_BC_PM_T1_29nov24_CDaza_corr,C12_BC_PM_T1_29nov24_CDaza_corr.jpg,C:\Users\20231807\Documents\GitHub\Cap_coral_reefs\New_version_of_the_project\website\benthic_datasets\mask_labels\reef_support\UNAL_BLEACHING_TAYRONA\images\C12_BC_PM_T1_29nov24_CDaza_corr.jpg
image,C12_BC_PM_T2_29nov24_CDaza_corr,C12_BC_PM_T2_29nov24_CDaza_corr.jpg,C:\Users\20231807\Documents\GitHub\Cap_coral_reefs\New_version_of_the_project\website\benthic_datasets\mask_labels\reef_support\UNAL_BLEACHING_TAYRONA\images\C12_BC_PM_T2_29nov24_CDaza_corr.jpg
image,C12_BC_PM_T3_29nov24_CDaza_corr,C12_BC_PM_T3_29nov24_CDaza_corr.jpg,C:\Users\20231807\Documents\GitHub\Cap_coral_reefs\New_version_of_the_project\website\benthic_datasets\mask_labels\reef_support\UNAL_BLEACHING_TAYRONA\images\C12_BC_PM_T3_29nov24_CDaza_corr.jpg
image,C12_Gr_PM_T3_30nov24_CGomez_corr,C12_Gr_PM_T3_30nov24_CGomez_corr.jpg,C:\Users\20231807\Documents\GitHub\Cap_coral_reefs\New_version_of_the_project\website\benthic_datasets\mask_labels\reef_support\UNAL_BLEACHING_TAYRONA\images\C12_Gr_PM_T3_30nov24_CGomez_corr.jpg
image,C12_Gr_PP_T3_30nov24_HBenavides_corr,C12_Gr_PP_T3_30nov24_HBenavides_corr.jpg,C:\Users\20231807\Documents\GitHub\Cap_coral_reefs\New_version_of_the_project\website\benthic_datasets\mask_labels\reef_support\UNAL_BLEACHING_TAYRONA\images\C12_Gr_PP_T3_30nov24_HBenavides_corr.jpg
image,C12_Gr_PSa_T1_30nov24_CDaza_corr,C12_Gr_PSa_T1_30nov24_CDaza_corr.jpg,C:\Users\20231807\Documents\GitHub\Cap_coral_reefs\New_version_of_the_project\website\benthic_datasets\mask_labels\reef_support\UNAL_BLEACHING_TAYRONA\images\C12_Gr_PSa_T1_30nov24_CDaza_corr.jpg
image,C12_Gr_PSa_T2_30nov24_CDaza_corr,C12_Gr_PSa_T2_30nov24_CDaza_corr.jpg,C:\Users\20231807\Documents\GitHub\Cap_coral_reefs\New_version_of_the_project\website\benthic_datasets\mask_labels\reef_support\UNAL_BLEACHING_TAYRONA\images\C12_Gr_PSa_T2_30nov24_CDaza_corr.jpg
image,C12_Gr_PSa_T3_30nov24_CDaza_corr,C12_Gr_PSa_T3_30nov24_CDaza_corr.jpg,C:\Users\20231807\Documents\GitHub\Cap_coral_reefs\New_version_of_the_project\website\benthic_datasets\mask_labels\reef_support\UNAL_BLEACHING_TAYRONA\images\C12_Gr_PSa_T3_30nov24_CDaza_corr.jpg
image,C12_PB_PM_T1_19nov24_CGomez_Corr,C12_PB_PM_T1_19nov24_CGomez_Corr.JPG,C:\Users\20231807\Documents\GitHub\Cap_coral_reefs\New_version_of_the_project\website\benthic_datasets\mask_labels\reef_support\UNAL_BLEACHING_TAYRONA\images\C12_PB_PM_T1_19nov24_CGomez_Corr.JPG
image,C12_PB_PP_T1_19nov24_CGomez_Corr,C12_PB_PP_T1_19nov24_CGomez_Corr.JPG,C:\Users\20231807\Documents\GitHub\Cap_coral_reefs\New_version_of_the_project\website\benthic_datasets\mask_labels\reef_support\UNAL_BLEACHING_TAYRONA\images\C12_PB_PP_T1_19nov24_CGomez_Corr.JPG
image,C12_PB_PSA_T1_19nov24_HBenavides_Corr,C12_PB_PSA_T1_19nov24_HBenavides_Corr.JPG,C:\Users\20231807\Documents\GitHub\Cap_coral_reefs\New_version_of_the_project\website\benthic_datasets\mask_labels\reef_support\UNAL_BLEACHING_TAYRONA\images\C12_PB_PSA_T1_19nov24_HBenavides_Corr.JPG
image,C12_PB_PSb_T1_19nov24_HBenavides_Corr,C12_PB_PSb_T1_19nov24_HBenavides_Corr.JPG,C:\Users\20231807\Documents\GitHub\Cap_coral_reefs\New_version_of_the_project\website\benthic_datasets\mask_labels\reef_support\UNAL_BLEACHING_TAYRONA\images\C12_PB_PSb_T1_19nov24_HBenavides_Corr.JPG
image,C12_PB_PSb_T2_19nov24_HBenavides_Corr,C12_PB_PSb_T2_19nov24_HBenavides_Corr.JPG,C:\Users\20231807\Documents\GitHub\Cap_coral_reefs\New_version_of_the_project\website\benthic_datasets\mask_labels\reef_support\UNAL_BLEACHING_TAYRONA\images\C12_PB_PSb_T2_19nov24_HBenavides_Corr.JPG
image,C13_BC_PM_T2_29nov24_CDaza_corr,C13_BC_PM_T2_29nov24_CDaza_corr.jpg,C:\Users\20231807\Documents\GitHub\Cap_coral_reefs\New_version_of_the_project\website\benthic_datasets\mask_labels\reef_support\UNAL_BLEACHING_TAYRONA\images\C13_BC_PM_T2_29nov24_CDaza_corr.jpg
image,C13_BC_PM_T3_29nov24_CDaza_corr,C13_BC_PM_T3_29nov24_CDaza_corr.jpg,C:\Users\20231807\Documents\GitHub\Cap_coral_reefs\New_version_of_the_project\website\benthic_datasets\mask_labels\reef_support\UNAL_BLEACHING_TAYRONA\images\C13_BC_PM_T3_29nov24_CDaza_corr.jpg
image,C13_BC_PP_T3_29nov24_HBenavides_corr,C13_BC_PP_T3_29nov24_HBenavides_corr.jpg,C:\Users\20231807\Documents\GitHub\Cap_coral_reefs\New_version_of_the_project\website\benthic_datasets\mask_labels\reef_support\UNAL_BLEACHING_TAYRONA\images\C13_BC_PP_T3_29nov24_HBenavides_corr.jpg
image,C13_Gr_PM_T1_30nov24_CGomez_corr,C13_Gr_PM_T1_30nov24_CGomez_corr.jpg,C:\Users\20231807\Documents\GitHub\Cap_coral_reefs\New_version_of_the_project\website\benthic_datasets\mask_labels\reef_support\UNAL_BLEACHING_TAYRONA\images\C13_Gr_PM_T1_30nov24_CGomez_corr.jpg
image,C13_Gr_PSa_T1_30nov24_CDaza_corr,C13_Gr_PSa_T1_30nov24_CDaza_corr.jpg,C:\Users\20231807\Documents\GitHub\Cap_coral_reefs\New_version_of_the_project\website\benthic_datasets\mask_labels\reef_support\UNAL_BLEACHING_TAYRONA\images\C13_Gr_PSa_T1_30nov24_CDaza_corr.jpg
image,C13_PB_PM_T3_19nov24_CGomez_Corr,C13_PB_PM_T3_19nov24_CGomez_Corr.JPG,C:\Users\20231807\Documents\GitHub\Cap_coral_reefs\New_version_of_the_project\website\benthic_datasets\mask_labels\reef_support\UNAL_BLEACHING_TAYRONA\images\C13_PB_PM_T3_19nov24_CGomez_Corr.JPG
image,C13_PB_PP_T2_19nov24_CGomez_Corr,C13_PB_PP_T2_19nov24_CGomez_Corr.JPG,C:\Users\20231807\Documents\GitHub\Cap_coral_reefs\New_version_of_the_project\website\benthic_datasets\mask_labels\reef_support\UNAL_BLEACHING_TAYRONA\images\C13_PB_PP_T2_19nov24_CGomez_Corr.JPG
image,C13_PB_PSb_T2_19nov24_HBenavides_Corr,C13_PB_PSb_T2_19nov24_HBenavides_Corr.JPG,C:\Users\20231807\Documents\GitHub\Cap_coral_reefs\New_version_of_the_project\website\benthic_datasets\mask_labels\reef_support\UNAL_BLEACHING_TAYRONA\images\C13_PB_PSb_T2_19nov24_HBenavides_Corr.JPG
image,C14_BC_PM_T2_29nov24_CDaza_corr,C14_BC_PM_T2_29nov24_CDaza_corr.jpg,C:\Users\20231807\Documents\GitHub\Cap_coral_reefs\New_version_of_the_project\website\benthic_datasets\mask_labels\reef_support\UNAL_BLEACHING_TAYRONA\images\C14_BC_PM_T2_29nov24_CDaza_corr.jpg
image,C14_BC_PM_T3_29nov24_CDaza_corr,C14_BC_PM_T3_29nov24_CDaza_corr.jpg,C:\Users\20231807\Documents\GitHub\Cap_coral_reefs\New_version_of_the_project\website\benthic_datasets\mask_labels\reef_support\UNAL_BLEACHING_TAYRONA\images\C14_BC_PM_T3_29nov24_CDaza_corr.jpg
image,C14_Gr_PM_T3_30nov24_CGomez_corr,C14_Gr_PM_T3_30nov24_CGomez_corr.jpg,C:\Users\20231807\Documents\GitHub\Cap_coral_reefs\New_version_of_the_project\website\benthic_datasets\mask_labels\reef_support\UNAL_BLEACHING_TAYRONA\images\C14_Gr_PM_T3_30nov24_CGomez_corr.jpg
image,C14_Gr_PP_T3_30nov24_HBenavides_corr,C14_Gr_PP_T3_30nov24_HBenavides_corr.jpg,C:\Users\20231807\Documents\GitHub\Cap_coral_reefs\New_version_of_the_project\website\benthic_datasets\mask_labels\reef_support\UNAL_BLEACHING_TAYRONA\images\C14_Gr_PP_T3_30nov24_HBenavides_corr.jpg
image,C14_Gr_PSa_T3_30nov24_CDaza_corr,C14_Gr_PSa_T3_30nov24_CDaza_corr.jpg,C:\Users\20231807\Documents\GitHub\Cap_coral_reefs\New_version_of_the_project\website\benthic_datasets\mask_labels\reef_support\UNAL_BLEACHING_TAYRONA\images\C14_Gr_PSa_T3_30nov24_CDaza_corr.jpg
image,C14_PB_PM_T1_19nov24_CGomez_Corr,C14_PB_PM_T1_19nov24_CGomez_Corr.JPG,C:\Users\20231807\Documents\GitHub\Cap_coral_reefs\New_version_of_the_project\website\benthic_datasets\mask_labels\reef_support\UNAL_BLEACHING_TAYRONA\images\C14_PB_PM_T1_19nov24_CGomez_Corr.JPG
image,C14_PB_PM_T3_19nov24_CGomez_Corr,C14_PB_PM_T3_19nov24_CGomez_Corr.JPG,C:\Users\20231807\Documents\GitHub\Cap_coral_reefs\New_version_of_the_project\website\benthic_datasets\mask_labels\reef_support\UNAL_BLEACHING_TAYRONA\images\C14_PB_PM_T3_19nov24_CGomez_Corr.JPG
image,C15_BC_PM_T3_29nov24_CDaza_corr,C15_BC_PM_T3_29nov24_CDaza_corr.jpg,C:\Users\20231807\Documents\GitHub\Cap_coral_reefs\New_version_of_the_project\website\benthic_datasets\mask_labels\reef_support\UNAL_BLEACHING_TAYRONA\images\C15_BC_PM_T3_29nov24_CDaza_corr.jpg
image,C17_Gr_PSa_T3_30nov24_CDaza_corr,C17_Gr_PSa_T3_30nov24_CDaza_corr.jpg,C:\Users\20231807\Documents\GitHub\Cap_coral_reefs\New_version_of_the_project\website\benthic_datasets\mask_labels\reef_support\UNAL_BLEACHING_TAYRONA\images\C17_Gr_PSa_T3_30nov24_CDaza_corr.jpg
image,C19_Gr_PSa_T3_30nov24_CDaza_corr,C19_Gr_PSa_T3_30nov24_CDaza_corr.jpg,C:\Users\20231807\Documents\GitHub\Cap_coral_reefs\New_version_of_the_project\website\benthic_datasets\mask_labels\reef_support\UNAL_BLEACHING_TAYRONA\images\C19_Gr_PSa_T3_30nov24_CDaza_corr.jpg
image,C1_BC_EM_T3_29nov24_CGomez_corr,C1_BC_EM_T3_29nov24_CGomez_corr.jpg,C:\Users\20231807\Documents\GitHub\Cap_coral_reefs\New_version_of_the_project\website\benthic_datasets\mask_labels\reef_support\UNAL_BLEACHING_TAYRONA\images\C1_BC_EM_T3_29nov24_CGomez_corr.jpg
image,C1_BC_EP_T2_29nov24_CDaza_corr,C1_BC_EP_T2_29nov24_CDaza_corr.jpg,C:\Users\20231807\Documents\GitHub\Cap_coral_reefs\New_version_of_the_project\website\benthic_datasets\mask_labels\reef_support\UNAL_BLEACHING_TAYRONA\images\C1_BC_EP_T2_29nov24_CDaza_corr.jpg
image,C1_BC_EP_T3_29nov24_CDaza_corr,C1_BC_EP_T3_29nov24_CDaza_corr.jpg,C:\Users\20231807\Documents\GitHub\Cap_coral_reefs\New_version_of_the_project\website\benthic_datasets\mask_labels\reef_support\UNAL_BLEACHING_TAYRONA\images\C1_BC_EP_T3_29nov24_CDaza_corr.jpg
image,C1_BC_ESb_T3_29nov24_CGomez_corr,C1_BC_ESb_T3_29nov24_CGomez_corr.jpg,C:\Users\20231807\Documents\GitHub\Cap_coral_reefs\New_version_of_the_project\website\benthic_datasets\mask_labels\reef_support\UNAL_BLEACHING_TAYRONA\images\C1_BC_ESb_T3_29nov24_CGomez_corr.jpg
image,C1_BC_PM_T3_29nov24_CDaza_corr,C1_BC_PM_T3_29nov24_CDaza_corr.jpg,C:\Users\20231807\Documents\GitHub\Cap_coral_reefs\New_version_of_the_project\website\benthic_datasets\mask_labels\reef_support\UNAL_BLEACHING_TAYRONA\images\C1_BC_PM_T3_29nov24_CDaza_corr.jpg
image,C1_BC_PP_T1_29nov24_HBenavides_corr,C1_BC_PP_T1_29nov24_HBenavides_corr.jpg,C:\Users\20231807\Documents\GitHub\Cap_coral_reefs\New_version_of_the_project\website\benthic_datasets\mask_labels\reef_support\UNAL_BLEACHING_TAYRONA\images\C1_BC_PP_T1_29nov24_HBenavides_corr.jpg
image,C1_BC_PP_T2_29nov24_HBenavides_corr,C1_BC_PP_T2_29nov24_HBenavides_corr.jpg,C:\Users\20231807\Documents\GitHub\Cap_coral_reefs\New_version_of_the_project\website\benthic_datasets\mask_labels\reef_support\UNAL_BLEACHING_TAYRONA\images\C1_BC_PP_T2_29nov24_HBenavides_corr.jpg
image,C1_BC_PSa_T1_29nov24_CDaza_corr,C1_BC_PSa_T1_29nov24_CDaza_corr.jpg,C:\Users\20231807\Documents\GitHub\Cap_coral_reefs\New_version_of_the_project\website\benthic_datasets\mask_labels\reef_support\UNAL_BLEACHING_TAYRONA\images\C1_BC_PSa_T1_29nov24_CDaza_corr.jpg
image,C1_BC_PSb_T1_29nov24_HBenavides_corr,C1_BC_PSb_T1_29nov24_HBenavides_corr.jpg,C:\Users\20231807\Documents\GitHub\Cap_coral_reefs\New_version_of_the_project\website\benthic_datasets\mask_labels\reef_support\UNAL_BLEACHING_TAYRONA\images\C1_BC_PSb_T1_29nov24_HBenavides_corr.jpg
image,C1_BC_PSb_T2_29nov24_HBenavides_corr,C1_BC_PSb_T2_29nov24_HBenavides_corr.jpg,C:\Users\20231807\Documents\GitHub\Cap_coral_reefs\New_version_of_the_project\website\benthic_datasets\mask_labels\reef_support\UNAL_BLEACHING_TAYRONA\images\C1_BC_PSb_T2_29nov24_HBenavides_corr.jpg
image,C1_Gr_PM_T1_30nov24_CGomez_corr,C1_Gr_PM_T1_30nov24_CGomez_corr.jpg,C:\Users\20231807\Documents\GitHub\Cap_coral_reefs\New_version_of_the_project\website\benthic_datasets\mask_labels\reef_support\UNAL_BLEACHING_TAYRONA\images\C1_Gr_PM_T1_30nov24_CGomez_corr.jpg
image,C1_Gr_PM_T2_30nov24_CGomez_corr,C1_Gr_PM_T2_30nov24_CGomez_corr.jpg,C:\Users\20231807\Documents\GitHub\Cap_coral_reefs\New_version_of_the_project\website\benthic_datasets\mask_labels\reef_support\UNAL_BLEACHING_TAYRONA\images\C1_Gr_PM_T2_30nov24_CGomez_corr.jpg
image,C1_Gr_PP_T1_30nov24_HBenavides_corr,C1_Gr_PP_T1_30nov24_HBenavides_corr.jpg,C:\Users\20231807\Documents\GitHub\Cap_coral_reefs\New_version_of_the_project\website\benthic_datasets\mask_labels\reef_support\UNAL_BLEACHING_TAYRONA\images\C1_Gr_PP_T1_30nov24_HBenavides_corr.jpg
image,C1_Gr_PP_T3_30nov24_HBenavides_corr,C1_Gr_PP_T3_30nov24_HBenavides_corr.jpg,C:\Users\20231807\Documents\GitHub\Cap_coral_reefs\New_version_of_the_project\website\benthic_datasets\mask_labels\reef_support\UNAL_BLEACHING_TAYRONA\images\C1_Gr_PP_T3_30nov24_HBenavides_corr.jpg
image,C1_Gy_EM_T1_27nov24_CGomez_corr,C1_Gy_EM_T1_27nov24_CGomez_corr.jpg,C:\Users\20231807\Documents\GitHub\Cap_coral_reefs\New_version_of_the_project\website\benthic_datasets\mask_labels\reef_support\UNAL_BLEACHING_TAYRONA\images\C1_Gy_EM_T1_27nov24_CGomez_corr.jpg
image,C1_Gy_EM_T2_27nov24_CGomez_corr,C1_Gy_EM_T2_27nov24_CGomez_corr.jpg,C:\Users\20231807\Documents\GitHub\Cap_coral_reefs\New_version_of_the_project\website\benthic_datasets\mask_labels\reef_support\UNAL_BLEACHING_TAYRONA\images\C1_Gy_EM_T2_27nov24_CGomez_corr.jpg
image,C1_Gy_EP_T1_27nov24_HBenavides_corr,C1_Gy_EP_T1_27nov24_HBenavides_corr.jpg,C:\Users\20231807\Documents\GitHub\Cap_coral_reefs\New_version_of_the_project\website\benthic_datasets\mask_labels\reef_support\UNAL_BLEACHING_TAYRONA\images\C1_Gy_EP_T1_27nov24_HBenavides_corr.jpg
image,C1_Gy_ESa_T3_27nov24_HBenavides_corr,C1_Gy_ESa_T3_27nov24_HBenavides_corr.jpg,C:\Users\20231807\Documents\GitHub\Cap_coral_reefs\New_version_of_the_project\website\benthic_datasets\mask_labels\reef_support\UNAL_BLEACHING_TAYRONA\images\C1_Gy_ESa_T3_27nov24_HBenavides_corr.jpg
image,C1_Gy_ESb_T3_27nov24_CGomez_corr,C1_Gy_ESb_T3_27nov24_CGomez_corr.jpg,C:\Users\20231807\Documents\GitHub\Cap_coral_reefs\New_version_of_the_project\website\benthic_datasets\mask_labels\reef_support\UNAL_BLEACHING_TAYRONA\images\C1_Gy_ESb_T3_27nov24_CGomez_corr.jpg
image,C1_Gy_PM_T1_27nov24_CGomez_corr,C1_Gy_PM_T1_27nov24_CGomez_corr.jpg,C:\Users\20231807\Documents\GitHub\Cap_coral_reefs\New_version_of_the_project\website\benthic_datasets\mask_labels\reef_support\UNAL_BLEACHING_TAYRONA\images\C1_Gy_PM_T1_27nov24_CGomez_corr.jpg
image,C1_Gy_PM_T3_27nov24_CGomez_corr,C1_Gy_PM_T3_27nov24_CGomez_corr.jpg,C:\Users\20231807\Documents\GitHub\Cap_coral_reefs\New_version_of_the_project\website\benthic_datasets\mask_labels\reef_support\UNAL_BLEACHING_TAYRONA\images\C1_Gy_PM_T3_27nov24_CGomez_corr.jpg
image,C1_Gy_PP_T3_27nov24_CDaza_corr,C1_Gy_PP_T3_27nov24_CDaza_corr.jpg,C:\Users\20231807\Documents\GitHub\Cap_coral_reefs\New_version_of_the_project\website\benthic_datasets\mask_labels\reef_support\UNAL_BLEACHING_TAYRONA\images\C1_Gy_PP_T3_27nov24_CDaza_corr.jpg
image,C1_Gy_PSa_T3_27nov24_CDaza_corr,C1_Gy_PSa_T3_27nov24_CDaza_corr.jpg,C:\Users\20231807\Documents\GitHub\Cap_coral_reefs\New_version_of_the_project\website\benthic_datasets\mask_labels\reef_support\UNAL_BLEACHING_TAYRONA\images\C1_Gy_PSa_T3_27nov24_CDaza_corr.jpg
image,C1_Gy_PSb_T1_27nov24_CGomez_corr,C1_Gy_PSb_T1_27nov24_CGomez_corr.jpg,C:\Users\20231807\Documents\GitHub\Cap_coral_reefs\New_version_of_the_project\website\benthic_datasets\mask_labels\reef_support\UNAL_BLEACHING_TAYRONA\images\C1_Gy_PSb_T1_27nov24_CGomez_corr.jpg
image,C1_PB_PM_T3_19nov24_CGomez_Corr,C1_PB_PM_T3_19nov24_CGomez_Corr.JPG,C:\Users\20231807\Documents\GitHub\Cap_coral_reefs\New_version_of_the_project\website\benthic_datasets\mask_labels\reef_support\UNAL_BLEACHING_TAYRONA\images\C1_PB_PM_T3_19nov24_CGomez_Corr.JPG
image,C1_PB_PP_T2_19nov24_CGomez_Corr,C1_PB_PP_T2_19nov24_CGomez_Corr.JPG,C:\Users\20231807\Documents\GitHub\Cap_coral_reefs\New_version_of_the_project\website\benthic_datasets\mask_labels\reef_support\UNAL_BLEACHING_TAYRONA\images\C1_PB_PP_T2_19nov24_CGomez_Corr.JPG
image,C1_PB_PP_T3_19nov24_CGomez_Corr,C1_PB_PP_T3_19nov24_CGomez_Corr.JPG,C:\Users\20231807\Documents\GitHub\Cap_coral_reefs\New_version_of_the_project\website\benthic_datasets\mask_labels\reef_support\UNAL_BLEACHING_TAYRONA\images\C1_PB_PP_T3_19nov24_CGomez_Corr.JPG
image,C1_PB_PSA_T1_19nov24_HBenavides_Corr,C1_PB_PSA_T1_19nov24_HBenavides_Corr.JPG,C:\Users\20231807\Documents\GitHub\Cap_coral_reefs\New_version_of_the_project\website\benthic_datasets\mask_labels\reef_support\UNAL_BLEACHING_TAYRONA\images\C1_PB_PSA_T1_19nov24_HBenavides_Corr.JPG
image,C1_PB_PSA_T2_19nov24_HBenavides_Corr,C1_PB_PSA_T2_19nov24_HBenavides_Corr.JPG,C:\Users\20231807\Documents\GitHub\Cap_coral_reefs\New_version_of_the_project\website\benthic_datasets\mask_labels\reef_support\UNAL_BLEACHING_TAYRONA\images\C1_PB_PSA_T2_19nov24_HBenavides_Corr.JPG
image,C1_PB_PSb_T2_19nov24_HBenavides_Corr,C1_PB_PSb_T2_19nov24_HBenavides_Corr.JPG,C:\Users\20231807\Documents\GitHub\Cap_coral_reefs\New_version_of_the_project\website\benthic_datasets\mask_labels\reef_support\UNAL_BLEACHING_TAYRONA\images\C1_PB_PSb_T2_19nov24_HBenavides_Corr.JPG
image,C20_Gr_PSa_T3_30nov24_CDaza_corr,C20_Gr_PSa_T3_30nov24_CDaza_corr.jpg,C:\Users\20231807\Documents\GitHub\Cap_coral_reefs\New_version_of_the_project\website\benthic_datasets\mask_labels\reef_support\UNAL_BLEACHING_TAYRONA\images\C20_Gr_PSa_T3_30nov24_CDaza_corr.jpg
image,C2_BC_EM_T1_29nov24_CGomez_corr,C2_BC_EM_T1_29nov24_CGomez_corr.jpg,C:\Users\20231807\Documents\GitHub\Cap_coral_reefs\New_version_of_the_project\website\benthic_datasets\mask_labels\reef_support\UNAL_BLEACHING_TAYRONA\images\C2_BC_EM_T1_29nov24_CGomez_corr.jpg
image,C2_BC_EM_T2_29nov24_CGomez_corr,C2_BC_EM_T2_29nov24_CGomez_corr.jpg,C:\Users\20231807\Documents\GitHub\Cap_coral_reefs\New_version_of_the_project\website\benthic_datasets\mask_labels\reef_support\UNAL_BLEACHING_TAYRONA\images\C2_BC_EM_T2_29nov24_CGomez_corr.jpg
image,C2_BC_EP_T3_29nov24_CDaza_corr,C2_BC_EP_T3_29nov24_CDaza_corr.jpg,C:\Users\20231807\Documents\GitHub\Cap_coral_reefs\New_version_of_the_project\website\benthic_datasets\mask_labels\reef_support\UNAL_BLEACHING_TAYRONA\images\C2_BC_EP_T3_29nov24_CDaza_corr.jpg
image,C2_BC_ESa_T1_29nov24_CDaza_corr,C2_BC_ESa_T1_29nov24_CDaza_corr.jpg,C:\Users\20231807\Documents\GitHub\Cap_coral_reefs\New_version_of_the_project\website\benthic_datasets\mask_labels\reef_support\UNAL_BLEACHING_TAYRONA\images\C2_BC_ESa_T1_29nov24_CDaza_corr.jpg
image,C2_BC_ESa_T2_29nov24_CDaza_corr,C2_BC_ESa_T2_29nov24_CDaza_corr.jpg,C:\Users\20231807\Documents\GitHub\Cap_coral_reefs\New_version_of_the_project\website\benthic_datasets\mask_labels\reef_support\UNAL_BLEACHING_TAYRONA\images\C2_BC_ESa_T2_29nov24_CDaza_corr.jpg
image,C2_BC_ESa_T3_29nov24_CDaza_corr,C2_BC_ESa_T3_29nov24_CDaza_corr.jpg,C:\Users\20231807\Documents\GitHub\Cap_coral_reefs\New_version_of_the_project\website\benthic_datasets\mask_labels\reef_support\UNAL_BLEACHING_TAYRONA\images\C2_BC_ESa_T3_29nov24_CDaza_corr.jpg
image,C2_BC_ESb_T2_29nov24_CGomez_corr,C2_BC_ESb_T2_29nov24_CGomez_corr.jpg,C:\Users\20231807\Documents\GitHub\Cap_coral_reefs\New_version_of_the_project\website\benthic_datasets\mask_labels\reef_support\UNAL_BLEACHING_TAYRONA\images\C2_BC_ESb_T2_29nov24_CGomez_corr.jpg
image,C2_BC_PP_T3_29nov24_HBenavides_corr,C2_BC_PP_T3_29nov24_HBenavides_corr.jpg,C:\Users\20231807\Documents\GitHub\Cap_coral_reefs\New_version_of_the_project\website\benthic_datasets\mask_labels\reef_support\UNAL_BLEACHING_TAYRONA\images\C2_BC_PP_T3_29nov24_HBenavides_corr.jpg
image,C2_BC_PSa_T3_29nov24_CDaza_corr,C2_BC_PSa_T3_29nov24_CDaza_corr.jpg,C:\Users\20231807\Documents\GitHub\Cap_coral_reefs\New_version_of_the_project\website\benthic_datasets\mask_labels\reef_support\UNAL_BLEACHING_TAYRONA\images\C2_BC_PSa_T3_29nov24_CDaza_corr.jpg
image,C2_BC_PSb_T1_29nov24_HBenavides_corr,C2_BC_PSb_T1_29nov24_HBenavides_corr.jpg,C:\Users\20231807\Documents\GitHub\Cap_coral_reefs\New_version_of_the_project\website\benthic_datasets\mask_labels\reef_support\UNAL_BLEACHING_TAYRONA\images\C2_BC_PSb_T1_29nov24_HBenavides_corr.jpg
image,C2_BC_PSb_T2_29nov24_HBenavides_corr,C2_BC_PSb_T2_29nov24_HBenavides_corr.jpg,C:\Users\20231807\Documents\GitHub\Cap_coral_reefs\New_version_of_the_project\website\benthic_datasets\mask_labels\reef_support\UNAL_BLEACHING_TAYRONA\images\C2_BC_PSb_T2_29nov24_HBenavides_corr.jpg
image,C2_Gr_PM_T3_30nov24_CGomez_corr,C2_Gr_PM_T3_30nov24_CGomez_corr.jpg,C:\Users\20231807\Documents\GitHub\Cap_coral_reefs\New_version_of_the_project\website\benthic_datasets\mask_labels\reef_support\UNAL_BLEACHING_TAYRONA\images\C2_Gr_PM_T3_30nov24_CGomez_corr.jpg
image,C2_Gr_PP_T2_30nov24_HBenavides_corr,C2_Gr_PP_T2_30nov24_HBenavides_corr.jpg,C:\Users\20231807\Documents\GitHub\Cap_coral_reefs\New_version_of_the_project\website\benthic_datasets\mask_labels\reef_support\UNAL_BLEACHING_TAYRONA\images\C2_Gr_PP_T2_30nov24_HBenavides_corr.jpg
image,C2_Gr_PSa_T2_30nov24_CDaza_corr,C2_Gr_PSa_T2_30nov24_CDaza_corr.jpg,C:\Users\20231807\Documents\GitHub\Cap_coral_reefs\New_version_of_the_project\website\benthic_datasets\mask_labels\reef_support\UNAL_BLEACHING_TAYRONA\images\C2_Gr_PSa_T2_30nov24_CDaza_corr.jpg
image,C2_Gr_PSa_T3_30nov24_CDaza_corr,C2_Gr_PSa_T3_30nov24_CDaza_corr.jpg,C:\Users\20231807\Documents\GitHub\Cap_coral_reefs\New_version_of_the_project\website\benthic_datasets\mask_labels\reef_support\UNAL_BLEACHING_TAYRONA\images\C2_Gr_PSa_T3_30nov24_CDaza_corr.jpg
image,C2_Gy_EP_T2_27nov24_HBenavides_corr,C2_Gy_EP_T2_27nov24_HBenavides_corr.jpg,C:\Users\20231807\Documents\GitHub\Cap_coral_reefs\New_version_of_the_project\website\benthic_datasets\mask_labels\reef_support\UNAL_BLEACHING_TAYRONA\images\C2_Gy_EP_T2_27nov24_HBenavides_corr.jpg
image,C2_Gy_EP_T3_27nov24_HBenavides_corr,C2_Gy_EP_T3_27nov24_HBenavides_corr.jpg,C:\Users\20231807\Documents\GitHub\Cap_coral_reefs\New_version_of_the_project\website\benthic_datasets\mask_labels\reef_support\UNAL_BLEACHING_TAYRONA\images\C2_Gy_EP_T3_27nov24_HBenavides_corr.jpg
image,C2_Gy_ESa_T3_27nov24_HBenavides_corr,C2_Gy_ESa_T3_27nov24_HBenavides_corr.jpg,C:\Users\20231807\Documents\GitHub\Cap_coral_reefs\New_version_of_the_project\website\benthic_datasets\mask_labels\reef_support\UNAL_BLEACHING_TAYRONA\images\C2_Gy_ESa_T3_27nov24_HBenavides_corr.jpg
image,C2_Gy_ESb_T2_27nov24_CGomez_corr,C2_Gy_ESb_T2_27nov24_CGomez_corr.jpg,C:\Users\20231807\Documents\GitHub\Cap_coral_reefs\New_version_of_the_project\website\benthic_datasets\mask_labels\reef_support\UNAL_BLEACHING_TAYRONA\images\C2_Gy_ESb_T2_27nov24_CGomez_corr.jpg
image,C2_Gy_PM_T2_27nov24_CGomez_corr,C2_Gy_PM_T2_27nov24_CGomez_corr.jpg,C:\Users\20231807\Documents\GitHub\Cap_coral_reefs\New_version_of_the_project\website\benthic_datasets\mask_labels\reef_support\UNAL_BLEACHING_TAYRONA\images\C2_Gy_PM_T2_27nov24_CGomez_corr.jpg
image,C2_Gy_PSa_T1_27nov24_CDaza_corr,C2_Gy_PSa_T1_27nov24_CDaza_corr.jpg,C:\Users\20231807\Documents\GitHub\Cap_coral_reefs\New_version_of_the_project\website\benthic_datasets\mask_labels\reef_support\UNAL_BLEACHING_TAYRONA\images\C2_Gy_PSa_T1_27nov24_CDaza_corr.jpg
image,C2_Gy_PSa_T2_27nov24_CDaza_corr,C2_Gy_PSa_T2_27nov24_CDaza_corr.jpg,C:\Users\20231807\Documents\GitHub\Cap_coral_reefs\New_version_of_the_project\website\benthic_datasets\mask_labels\reef_support\UNAL_BLEACHING_TAYRONA\images\C2_Gy_PSa_T2_27nov24_CDaza_corr.jpg
image,C2_Gy_PSa_T3_27nov24_CDaza_corr,C2_Gy_PSa_T3_27nov24_CDaza_corr.jpg,C:\Users\20231807\Documents\GitHub\Cap_coral_reefs\New_version_of_the_project\website\benthic_datasets\mask_labels\reef_support\UNAL_BLEACHING_TAYRONA\images\C2_Gy_PSa_T3_27nov24_CDaza_corr.jpg
image,C2_Gy_PSb_T2_27nov24_CGomez_corr,C2_Gy_PSb_T2_27nov24_CGomez_corr.jpg,C:\Users\20231807\Documents\GitHub\Cap_coral_reefs\New_version_of_the_project\website\benthic_datasets\mask_labels\reef_support\UNAL_BLEACHING_TAYRONA\images\C2_Gy_PSb_T2_27nov24_CGomez_corr.jpg
image,C2_Gy_PSb_T3_27nov24_CGomez_corr,C2_Gy_PSb_T3_27nov24_CGomez_corr.jpg,C:\Users\20231807\Documents\GitHub\Cap_coral_reefs\New_version_of_the_project\website\benthic_datasets\mask_labels\reef_support\UNAL_BLEACHING_TAYRONA\images\C2_Gy_PSb_T3_27nov24_CGomez_corr.jpg
image,C2_PB_PM_T1_19nov24_CGomez_Corr,C2_PB_PM_T1_19nov24_CGomez_Corr.JPG,C:\Users\20231807\Documents\GitHub\Cap_coral_reefs\New_version_of_the_project\website\benthic_datasets\mask_labels\reef_support\UNAL_BLEACHING_TAYRONA\images\C2_PB_PM_T1_19nov24_CGomez_Corr.JPG
image,C2_PB_PP_T1_19nov24_CGomez_Corr,C2_PB_PP_T1_19nov24_CGomez_Corr.JPG,C:\Users\20231807\Documents\GitHub\Cap_coral_reefs\New_version_of_the_project\website\benthic_datasets\mask_labels\reef_support\UNAL_BLEACHING_TAYRONA\images\C2_PB_PP_T1_19nov24_CGomez_Corr.JPG
image,C2_PB_PP_T3_19nov24_CGomez_Corr,C2_PB_PP_T3_19nov24_CGomez_Corr.JPG,C:\Users\20231807\Documents\GitHub\Cap_coral_reefs\New_version_of_the_project\website\benthic_datasets\mask_labels\reef_support\UNAL_BLEACHING_TAYRONA\images\C2_PB_PP_T3_19nov24_CGomez_Corr.JPG
image,C2_PB_PSA_T1_19nov24_HBenavides_Corr,C2_PB_PSA_T1_19nov24_HBenavides_Corr.JPG,C:\Users\20231807\Documents\GitHub\Cap_coral_reefs\New_version_of_the_project\website\benthic_datasets\mask_labels\reef_support\UNAL_BLEACHING_TAYRONA\images\C2_PB_PSA_T1_19nov24_HBenavides_Corr.JPG
image,C2_PB_PSA_T2_19nov24_HBenavides_Corr,C2_PB_PSA_T2_19nov24_HBenavides_Corr.JPG,C:\Users\20231807\Documents\GitHub\Cap_coral_reefs\New_version_of_the_project\website\benthic_datasets\mask_labels\reef_support\UNAL_BLEACHING_TAYRONA\images\C2_PB_PSA_T2_19nov24_HBenavides_Corr.JPG
image,C2_PB_PSb_T2_19nov24_HBenavides_Corr,C2_PB_PSb_T2_19nov24_HBenavides_Corr.JPG,C:\Users\20231807\Documents\GitHub\Cap_coral_reefs\New_version_of_the_project\website\benthic_datasets\mask_labels\reef_support\UNAL_BLEACHING_TAYRONA\images\C2_PB_PSb_T2_19nov24_HBenavides_Corr.JPG
image,C3_BC_EM_T2_29nov24_CGomez_corr,C3_BC_EM_T2_29nov24_CGomez_corr.jpg,C:\Users\20231807\Documents\GitHub\Cap_coral_reefs\New_version_of_the_project\website\benthic_datasets\mask_labels\reef_support\UNAL_BLEACHING_TAYRONA\images\C3_BC_EM_T2_29nov24_CGomez_corr.jpg
image,C3_BC_EM_T3_29nov24_CGomez_corr,C3_BC_EM_T3_29nov24_CGomez_corr.jpg,C:\Users\20231807\Documents\GitHub\Cap_coral_reefs\New_version_of_the_project\website\benthic_datasets\mask_labels\reef_support\UNAL_BLEACHING_TAYRONA\images\C3_BC_EM_T3_29nov24_CGomez_corr.jpg
image,C3_BC_ESa_T1_29nov24_CDaza_corr,C3_BC_ESa_T1_29nov24_CDaza_corr.jpg,C:\Users\20231807\Documents\GitHub\Cap_coral_reefs\New_version_of_the_project\website\benthic_datasets\mask_labels\reef_support\UNAL_BLEACHING_TAYRONA\images\C3_BC_ESa_T1_29nov24_CDaza_corr.jpg
image,C3_BC_ESb_T1_29nov24_CGomez_corr,C3_BC_ESb_T1_29nov24_CGomez_corr.jpg,C:\Users\20231807\Documents\GitHub\Cap_coral_reefs\New_version_of_the_project\website\benthic_datasets\mask_labels\reef_support\UNAL_BLEACHING_TAYRONA\images\C3_BC_ESb_T1_29nov24_CGomez_corr.jpg
image,C3_BC_PM_T1_29nov24_CDaza_corr,C3_BC_PM_T1_29nov24_CDaza_corr.jpg,C:\Users\20231807\Documents\GitHub\Cap_coral_reefs\New_version_of_the_project\website\benthic_datasets\mask_labels\reef_support\UNAL_BLEACHING_TAYRONA\images\C3_BC_PM_T1_29nov24_CDaza_corr.jpg
image,C3_BC_PP_T1_29nov24_HBenavides_corr,C3_BC_PP_T1_29nov24_HBenavides_corr.jpg,C:\Users\20231807\Documents\GitHub\Cap_coral_reefs\New_version_of_the_project\website\benthic_datasets\mask_labels\reef_support\UNAL_BLEACHING_TAYRONA\images\C3_BC_PP_T1_29nov24_HBenavides_corr.jpg
image,C3_BC_PP_T2_29nov24_HBenavides_corr,C3_BC_PP_T2_29nov24_HBenavides_corr.jpg,C:\Users\20231807\Documents\GitHub\Cap_coral_reefs\New_version_of_the_project\website\benthic_datasets\mask_labels\reef_support\UNAL_BLEACHING_TAYRONA\images\C3_BC_PP_T2_29nov24_HBenavides_corr.jpg
image,C3_BC_PSa_T1_29nov24_CDaza_corr,C3_BC_PSa_T1_29nov24_CDaza_corr.jpg,C:\Users\20231807\Documents\GitHub\Cap_coral_reefs\New_version_of_the_project\website\benthic_datasets\mask_labels\reef_support\UNAL_BLEACHING_TAYRONA\images\C3_BC_PSa_T1_29nov24_CDaza_corr.jpg
image,C3_BC_PSb_T2_29nov24_HBenavides_corr,C3_BC_PSb_T2_29nov24_HBenavides_corr.jpg,C:\Users\20231807\Documents\GitHub\Cap_coral_reefs\New_version_of_the_project\website\benthic_datasets\mask_labels\reef_support\UNAL_BLEACHING_TAYRONA\images\C3_BC_PSb_T2_29nov24_HBenavides_corr.jpg
image,C3_Gr_PM_T1_30nov24_CGomez_corr,C3_Gr_PM_T1_30nov24_CGomez_corr.jpg,C:\Users\20231807\Documents\GitHub\Cap_coral_reefs\New_version_of_the_project\website\benthic_datasets\mask_labels\reef_support\UNAL_BLEACHING_TAYRONA\images\C3_Gr_PM_T1_30nov24_CGomez_corr.jpg
image,C3_Gr_PP_T1_30nov24_HBenavides_corr,C3_Gr_PP_T1_30nov24_HBenavides_corr.jpg,C:\Users\20231807\Documents\GitHub\Cap_coral_reefs\New_version_of_the_project\website\benthic_datasets\mask_labels\reef_support\UNAL_BLEACHING_TAYRONA\images\C3_Gr_PP_T1_30nov24_HBenavides_corr.jpg
image,C3_Gr_PP_T3_30nov24_HBenavides_corr,C3_Gr_PP_T3_30nov24_HBenavides_corr.jpg,C:\Users\20231807\Documents\GitHub\Cap_coral_reefs\New_version_of_the_project\website\benthic_datasets\mask_labels\reef_support\UNAL_BLEACHING_TAYRONA\images\C3_Gr_PP_T3_30nov24_HBenavides_corr.jpg
image,C3_Gr_PSa_T1_30nov24_CDaza_corr,C3_Gr_PSa_T1_30nov24_CDaza_corr.jpg,C:\Users\20231807\Documents\GitHub\Cap_coral_reefs\New_version_of_the_project\website\benthic_datasets\mask_labels\reef_support\UNAL_BLEACHING_TAYRONA\images\C3_Gr_PSa_T1_30nov24_CDaza_corr.jpg
image,C3_Gr_PSa_T2_30nov24_CDaza_corr,C3_Gr_PSa_T2_30nov24_CDaza_corr.jpg,C:\Users\20231807\Documents\GitHub\Cap_coral_reefs\New_version_of_the_project\website\benthic_datasets\mask_labels\reef_support\UNAL_BLEACHING_TAYRONA\images\C3_Gr_PSa_T2_30nov24_CDaza_corr.jpg
image,C3_PB_PM_T2_19nov24_CGomez_Corr,C3_PB_PM_T2_19nov24_CGomez_Corr.JPG,C:\Users\20231807\Documents\GitHub\Cap_coral_reefs\New_version_of_the_project\website\benthic_datasets\mask_labels\reef_support\UNAL_BLEACHING_TAYRONA\images\C3_PB_PM_T2_19nov24_CGomez_Corr.JPG
image,C3_PB_PP_T2_19nov24_CGomez_Corr,C3_PB_PP_T2_19nov24_CGomez_Corr.JPG,C:\Users\20231807\Documents\GitHub\Cap_coral_reefs\New_version_of_the_project\website\benthic_datasets\mask_labels\reef_support\UNAL_BLEACHING_TAYRONA\images\C3_PB_PP_T2_19nov24_CGomez_Corr.JPG
image,C3_PB_PSA_T2_19nov24_HBenavides_Corr,C3_PB_PSA_T2_19nov24_HBenavides_Corr.JPG,C:\Users\20231807\Documents\GitHub\Cap_coral_reefs\New_version_of_the_project\website\benthic_datasets\mask_labels\reef_support\UNAL_BLEACHING_TAYRONA\images\C3_PB_PSA_T2_19nov24_HBenavides_Corr.JPG
image,C3_PB_PSb_T2_19nov24_HBenavides_Corr,C3_PB_PSb_T2_19nov24_HBenavides_Corr.JPG,C:\Users\20231807\Documents\GitHub\Cap_coral_reefs\New_version_of_the_project\website\benthic_datasets\mask_labels\reef_support\UNAL_BLEACHING_TAYRONA\images\C3_PB_PSb_T2_19nov24_HBenavides_Corr.JPG
image,C4_BC_PM_T1_29nov24_CDaza_corr,C4_BC_PM_T1_29nov24_CDaza_corr.jpg,C:\Users\20231807\Documents\GitHub\Cap_coral_reefs\New_version_of_the_project\website\benthic_datasets\mask_labels\reef_support\UNAL_BLEACHING_TAYRONA\images\C4_BC_PM_T1_29nov24_CDaza_corr.jpg
image,C4_BC_PP_T3_29nov24_HBenavides_corr,C4_BC_PP_T3_29nov24_HBenavides_corr.jpg,C:\Users\20231807\Documents\GitHub\Cap_coral_reefs\New_version_of_the_project\website\benthic_datasets\mask_labels\reef_support\UNAL_BLEACHING_TAYRONA\images\C4_BC_PP_T3_29nov24_HBenavides_corr.jpg
image,C4_BC_PSb_T2_29nov24_HBenavides_corr,C4_BC_PSb_T2_29nov24_HBenavides_corr.jpg,C:\Users\20231807\Documents\GitHub\Cap_coral_reefs\New_version_of_the_project\website\benthic_datasets\mask_labels\reef_support\UNAL_BLEACHING_TAYRONA\images\C4_BC_PSb_T2_29nov24_HBenavides_corr.jpg
image,C4_Gr_PM_T2_30nov24_CGomez_corr,C4_Gr_PM_T2_30nov24_CGomez_corr.jpg,C:\Users\20231807\Documents\GitHub\Cap_coral_reefs\New_version_of_the_project\website\benthic_datasets\mask_labels\reef_support\UNAL_BLEACHING_TAYRONA\images\C4_Gr_PM_T2_30nov24_CGomez_corr.jpg
image,C4_Gr_PP_T2_30nov24_HBenavides_corr,C4_Gr_PP_T2_30nov24_HBenavides_corr.jpg,C:\Users\20231807\Documents\GitHub\Cap_coral_reefs\New_version_of_the_project\website\benthic_datasets\mask_labels\reef_support\UNAL_BLEACHING_TAYRONA\images\C4_Gr_PP_T2_30nov24_HBenavides_corr.jpg
image,C4_Gr_PSa_T3_30nov24_CDaza_corr,C4_Gr_PSa_T3_30nov24_CDaza_corr.jpg,C:\Users\20231807\Documents\GitHub\Cap_coral_reefs\New_version_of_the_project\website\benthic_datasets\mask_labels\reef_support\UNAL_BLEACHING_TAYRONA\images\C4_Gr_PSa_T3_30nov24_CDaza_corr.jpg
image,C4_Gy_EM_T2_27nov24_CGomez_corr,C4_Gy_EM_T2_27nov24_CGomez_corr.jpg,C:\Users\20231807\Documents\GitHub\Cap_coral_reefs\New_version_of_the_project\website\benthic_datasets\mask_labels\reef_support\UNAL_BLEACHING_TAYRONA\images\C4_Gy_EM_T2_27nov24_CGomez_corr.jpg
image,C4_Gy_EP_T2_27nov24_HBenavides_corr,C4_Gy_EP_T2_27nov24_HBenavides_corr.jpg,C:\Users\20231807\Documents\GitHub\Cap_coral_reefs\New_version_of_the_project\website\benthic_datasets\mask_labels\reef_support\UNAL_BLEACHING_TAYRONA\images\C4_Gy_EP_T2_27nov24_HBenavides_corr.jpg
image,C4_Gy_EP_T3_27nov24_HBenavides_corr,C4_Gy_EP_T3_27nov24_HBenavides_corr.jpg,C:\Users\20231807\Documents\GitHub\Cap_coral_reefs\New_version_of_the_project\website\benthic_datasets\mask_labels\reef_support\UNAL_BLEACHING_TAYRONA\images\C4_Gy_EP_T3_27nov24_HBenavides_corr.jpg
image,C4_Gy_ESa_T3_27nov24_HBenavides_corr,C4_Gy_ESa_T3_27nov24_HBenavides_corr.jpg,C:\Users\20231807\Documents\GitHub\Cap_coral_reefs\New_version_of_the_project\website\benthic_datasets\mask_labels\reef_support\UNAL_BLEACHING_TAYRONA\images\C4_Gy_ESa_T3_27nov24_HBenavides_corr.jpg
image,C4_Gy_ESb_T2_27nov24_CGomez_corr,C4_Gy_ESb_T2_27nov24_CGomez_corr.jpg,C:\Users\20231807\Documents\GitHub\Cap_coral_reefs\New_version_of_the_project\website\benthic_datasets\mask_labels\reef_support\UNAL_BLEACHING_TAYRONA\images\C4_Gy_ESb_T2_27nov24_CGomez_corr.jpg
image,C4_Gy_ESb_T3_27nov24_CGomez_corr,C4_Gy_ESb_T3_27nov24_CGomez_corr.jpg,C:\Users\20231807\Documents\GitHub\Cap_coral_reefs\New_version_of_the_project\website\benthic_datasets\mask_labels\reef_support\UNAL_BLEACHING_TAYRONA\images\C4_Gy_ESb_T3_27nov24_CGomez_corr.jpg
image,C4_Gy_PM_T1_27nov24_CGomez_corr,C4_Gy_PM_T1_27nov24_CGomez_corr.jpg,C:\Users\20231807\Documents\GitHub\Cap_coral_reefs\New_version_of_the_project\website\benthic_datasets\mask_labels\reef_support\UNAL_BLEACHING_TAYRONA\images\C4_Gy_PM_T1_27nov24_CGomez_corr.jpg
image,C4_Gy_PP_T1_27nov24_CDaza_corr,C4_Gy_PP_T1_27nov24_CDaza_corr.jpg,C:\Users\20231807\Documents\GitHub\Cap_coral_reefs\New_version_of_the_project\website\benthic_datasets\mask_labels\reef_support\UNAL_BLEACHING_TAYRONA\images\C4_Gy_PP_T1_27nov24_CDaza_corr.jpg
image,C4_Gy_PSa_T3_27nov24_CDaza_corr,C4_Gy_PSa_T3_27nov24_CDaza_corr.jpg,C:\Users\20231807\Documents\GitHub\Cap_coral_reefs\New_version_of_the_project\website\benthic_datasets\mask_labels\reef_support\UNAL_BLEACHING_TAYRONA\images\C4_Gy_PSa_T3_27nov24_CDaza_corr.jpg
image,C4_Gy_PSb_T1_27nov24_CGomez_corr,C4_Gy_PSb_T1_27nov24_CGomez_corr.jpg,C:\Users\20231807\Documents\GitHub\Cap_coral_reefs\New_version_of_the_project\website\benthic_datasets\mask_labels\reef_support\UNAL_BLEACHING_TAYRONA\images\C4_Gy_PSb_T1_27nov24_CGomez_corr.jpg
image,C4_Gy_PSb_T3_27nov24_CGomez_corr,C4_Gy_PSb_T3_27nov24_CGomez_corr.jpg,C:\Users\20231807\Documents\GitHub\Cap_coral_reefs\New_version_of_the_project\website\benthic_datasets\mask_labels\reef_support\UNAL_BLEACHING_TAYRONA\images\C4_Gy_PSb_T3_27nov24_CGomez_corr.jpg
image,C4_PB_PM_T1_19nov24_CGomez_Corr,C4_PB_PM_T1_19nov24_CGomez_Corr.JPG,C:\Users\20231807\Documents\GitHub\Cap_coral_reefs\New_version_of_the_project\website\benthic_datasets\mask_labels\reef_support\UNAL_BLEACHING_TAYRONA\images\C4_PB_PM_T1_19nov24_CGomez_Corr.JPG
image,C4_PB_PM_T3_19nov24_CGomez_Corr,C4_PB_PM_T3_19nov24_CGomez_Corr.JPG,C:\Users\20231807\Documents\GitHub\Cap_coral_reefs\New_version_of_the_project\website\benthic_datasets\mask_labels\reef_support\UNAL_BLEACHING_TAYRONA\images\C4_PB_PM_T3_19nov24_CGomez_Corr.JPG
image,C4_PB_PP_T3_19nov24_CGomez_Corr,C4_PB_PP_T3_19nov24_CGomez_Corr.JPG,C:\Users\20231807\Documents\GitHub\Cap_coral_reefs\New_version_of_the_project\website\benthic_datasets\mask_labels\reef_support\UNAL_BLEACHING_TAYRONA\images\C4_PB_PP_T3_19nov24_CGomez_Corr.JPG
image,C4_PB_PSA_T2_19nov24_HBenavides_Corr,C4_PB_PSA_T2_19nov24_HBenavides_Corr.JPG,C:\Users\20231807\Documents\GitHub\Cap_coral_reefs\New_version_of_the_project\website\benthic_datasets\mask_labels\reef_support\UNAL_BLEACHING_TAYRONA\images\C4_PB_PSA_T2_19nov24_HBenavides_Corr.JPG
image,C4_PB_PSb_T2_19nov24_HBenavides_Corr,C4_PB_PSb_T2_19nov24_HBenavides_Corr.JPG,C:\Users\20231807\Documents\GitHub\Cap_coral_reefs\New_version_of_the_project\website\benthic_datasets\mask_labels\reef_support\UNAL_BLEACHING_TAYRONA\images\C4_PB_PSb_T2_19nov24_HBenavides_Corr.JPG
image,C4_PB_PSb_T3_19nov24_HBenavides_Corr,C4_PB_PSb_T3_19nov24_HBenavides_Corr.JPG,C:\Users\20231807\Documents\GitHub\Cap_coral_reefs\New_version_of_the_project\website\benthic_datasets\mask_labels\reef_support\UNAL_BLEACHING_TAYRONA\images\C4_PB_PSb_T3_19nov24_HBenavides_Corr.JPG
image,C5_BC_EM_T1_29nov24_CGomez_corr,C5_BC_EM_T1_29nov24_CGomez_corr.jpg,C:\Users\20231807\Documents\GitHub\Cap_coral_reefs\New_version_of_the_project\website\benthic_datasets\mask_labels\reef_support\UNAL_BLEACHING_TAYRONA\images\C5_BC_EM_T1_29nov24_CGomez_corr.jpg
image,C5_BC_EM_T2_29nov24_CGomez_corr,C5_BC_EM_T2_29nov24_CGomez_corr.jpg,C:\Users\20231807\Documents\GitHub\Cap_coral_reefs\New_version_of_the_project\website\benthic_datasets\mask_labels\reef_support\UNAL_BLEACHING_TAYRONA\images\C5_BC_EM_T2_29nov24_CGomez_corr.jpg
image,C5_BC_EP_T1_29nov24_CDaza_corr,C5_BC_EP_T1_29nov24_CDaza_corr.jpg,C:\Users\20231807\Documents\GitHub\Cap_coral_reefs\New_version_of_the_project\website\benthic_datasets\mask_labels\reef_support\UNAL_BLEACHING_TAYRONA\images\C5_BC_EP_T1_29nov24_CDaza_corr.jpg
image,C5_BC_ESa_T1_29nov24_CDaza_corr,C5_BC_ESa_T1_29nov24_CDaza_corr.jpg,C:\Users\20231807\Documents\GitHub\Cap_coral_reefs\New_version_of_the_project\website\benthic_datasets\mask_labels\reef_support\UNAL_BLEACHING_TAYRONA\images\C5_BC_ESa_T1_29nov24_CDaza_corr.jpg
image,C5_BC_ESa_T2_29nov24_CDaza_corr,C5_BC_ESa_T2_29nov24_CDaza_corr.jpg,C:\Users\20231807\Documents\GitHub\Cap_coral_reefs\New_version_of_the_project\website\benthic_datasets\mask_labels\reef_support\UNAL_BLEACHING_TAYRONA\images\C5_BC_ESa_T2_29nov24_CDaza_corr.jpg
image,C5_BC_ESa_T3_29nov24_CDaza_corr,C5_BC_ESa_T3_29nov24_CDaza_corr.jpg,C:\Users\20231807\Documents\GitHub\Cap_coral_reefs\New_version_of_the_project\website\benthic_datasets\mask_labels\reef_support\UNAL_BLEACHING_TAYRONA\images\C5_BC_ESa_T3_29nov24_CDaza_corr.jpg
image,C5_BC_ESb_T1_29nov24_CGomez_corr,C5_BC_ESb_T1_29nov24_CGomez_corr.jpg,C:\Users\20231807\Documents\GitHub\Cap_coral_reefs\New_version_of_the_project\website\benthic_datasets\mask_labels\reef_support\UNAL_BLEACHING_TAYRONA\images\C5_BC_ESb_T1_29nov24_CGomez_corr.jpg
image,C5_BC_ESb_T2_29nov24_CGomez_corr,C5_BC_ESb_T2_29nov24_CGomez_corr.jpg,C:\Users\20231807\Documents\GitHub\Cap_coral_reefs\New_version_of_the_project\website\benthic_datasets\mask_labels\reef_support\UNAL_BLEACHING_TAYRONA\images\C5_BC_ESb_T2_29nov24_CGomez_corr.jpg
image,C5_BC_PM_T1_29nov24_CDaza_corr,C5_BC_PM_T1_29nov24_CDaza_corr.jpg,C:\Users\20231807\Documents\GitHub\Cap_coral_reefs\New_version_of_the_project\website\benthic_datasets\mask_labels\reef_support\UNAL_BLEACHING_TAYRONA\images\C5_BC_PM_T1_29nov24_CDaza_corr.jpg
image,C5_BC_PM_T2_29nov24_CDaza_corr,C5_BC_PM_T2_29nov24_CDaza_corr.jpg,C:\Users\20231807\Documents\GitHub\Cap_coral_reefs\New_version_of_the_project\website\benthic_datasets\mask_labels\reef_support\UNAL_BLEACHING_TAYRONA\images\C5_BC_PM_T2_29nov24_CDaza_corr.jpg
image,C5_BC_PP_T2_29nov24_HBenavides_corr,C5_BC_PP_T2_29nov24_HBenavides_corr.jpg,C:\Users\20231807\Documents\GitHub\Cap_coral_reefs\New_version_of_the_project\website\benthic_datasets\mask_labels\reef_support\UNAL_BLEACHING_TAYRONA\images\C5_BC_PP_T2_29nov24_HBenavides_corr.jpg
image,C5_BC_PSa_T2_29nov24_CDaza_corr,C5_BC_PSa_T2_29nov24_CDaza_corr.jpg,C:\Users\20231807\Documents\GitHub\Cap_coral_reefs\New_version_of_the_project\website\benthic_datasets\mask_labels\reef_support\UNAL_BLEACHING_TAYRONA\images\C5_BC_PSa_T2_29nov24_CDaza_corr.jpg
image,C5_BC_PSa_T3_29nov24_CDaza_corr,C5_BC_PSa_T3_29nov24_CDaza_corr.jpg,C:\Users\20231807\Documents\GitHub\Cap_coral_reefs\New_version_of_the_project\website\benthic_datasets\mask_labels\reef_support\UNAL_BLEACHING_TAYRONA\images\C5_BC_PSa_T3_29nov24_CDaza_corr.jpg
image,C5_BC_PSb_T2_29nov24_HBenavides_corr,C5_BC_PSb_T2_29nov24_HBenavides_corr.jpg,C:\Users\20231807\Documents\GitHub\Cap_coral_reefs\New_version_of_the_project\website\benthic_datasets\mask_labels\reef_support\UNAL_BLEACHING_TAYRONA\images\C5_BC_PSb_T2_29nov24_HBenavides_corr.jpg
image,C5_Gr_PM_T3_30nov24_CGomez_corr,C5_Gr_PM_T3_30nov24_CGomez_corr.jpg,C:\Users\20231807\Documents\GitHub\Cap_coral_reefs\New_version_of_the_project\website\benthic_datasets\mask_labels\reef_support\UNAL_BLEACHING_TAYRONA\images\C5_Gr_PM_T3_30nov24_CGomez_corr.jpg
image,C5_Gr_PP_T1_30nov24_HBenavides_corr,C5_Gr_PP_T1_30nov24_HBenavides_corr.jpg,C:\Users\20231807\Documents\GitHub\Cap_coral_reefs\New_version_of_the_project\website\benthic_datasets\mask_labels\reef_support\UNAL_BLEACHING_TAYRONA\images\C5_Gr_PP_T1_30nov24_HBenavides_corr.jpg
image,C5_Gr_PP_T3_30nov24_HBenavides_corr,C5_Gr_PP_T3_30nov24_HBenavides_corr.jpg,C:\Users\20231807\Documents\GitHub\Cap_coral_reefs\New_version_of_the_project\website\benthic_datasets\mask_labels\reef_support\UNAL_BLEACHING_TAYRONA\images\C5_Gr_PP_T3_30nov24_HBenavides_corr.jpg
image,C5_Gr_PSa_T1_30nov24_CDaza_corr,C5_Gr_PSa_T1_30nov24_CDaza_corr.jpg,C:\Users\20231807\Documents\GitHub\Cap_coral_reefs\New_version_of_the_project\website\benthic_datasets\mask_labels\reef_support\UNAL_BLEACHING_TAYRONA\images\C5_Gr_PSa_T1_30nov24_CDaza_corr.jpg
image,C5_Gr_PSa_T2_30nov24_CDaza_corr,C5_Gr_PSa_T2_30nov24_CDaza_corr.jpg,C:\Users\20231807\Documents\GitHub\Cap_coral_reefs\New_version_of_the_project\website\benthic_datasets\mask_labels\reef_support\UNAL_BLEACHING_TAYRONA\images\C5_Gr_PSa_T2_30nov24_CDaza_corr.jpg
image,C5_Gr_PSa_T3_30nov24_CDaza_corr,C5_Gr_PSa_T3_30nov24_CDaza_corr.jpg,C:\Users\20231807\Documents\GitHub\Cap_coral_reefs\New_version_of_the_project\website\benthic_datasets\mask_labels\reef_support\UNAL_BLEACHING_TAYRONA\images\C5_Gr_PSa_T3_30nov24_CDaza_corr.jpg
image,C5_Gy_EP_T1_27nov24_HBenavides_corr,C5_Gy_EP_T1_27nov24_HBenavides_corr.jpg,C:\Users\20231807\Documents\GitHub\Cap_coral_reefs\New_version_of_the_project\website\benthic_datasets\mask_labels\reef_support\UNAL_BLEACHING_TAYRONA\images\C5_Gy_EP_T1_27nov24_HBenavides_corr.jpg
image,C5_Gy_ESa_T1_27nov24_HBenavides_corr,C5_Gy_ESa_T1_27nov24_HBenavides_corr.jpg,C:\Users\20231807\Documents\GitHub\Cap_coral_reefs\New_version_of_the_project\website\benthic_datasets\mask_labels\reef_support\UNAL_BLEACHING_TAYRONA\images\C5_Gy_ESa_T1_27nov24_HBenavides_corr.jpg
image,C5_Gy_ESa_T3_27nov24_HBenavides_corr,C5_Gy_ESa_T3_27nov24_HBenavides_corr.jpg,C:\Users\20231807\Documents\GitHub\Cap_coral_reefs\New_version_of_the_project\website\benthic_datasets\mask_labels\reef_support\UNAL_BLEACHING_TAYRONA\images\C5_Gy_ESa_T3_27nov24_HBenavides_corr.jpg
image,C5_Gy_ESb_T1_27nov24_CGomez_corr,C5_Gy_ESb_T1_27nov24_CGomez_corr.jpg,C:\Users\20231807\Documents\GitHub\Cap_coral_reefs\New_version_of_the_project\website\benthic_datasets\mask_labels\reef_support\UNAL_BLEACHING_TAYRONA\images\C5_Gy_ESb_T1_27nov24_CGomez_corr.jpg
image,C5_Gy_PM_T2_27nov24_CGomez_corr,C5_Gy_PM_T2_27nov24_CGomez_corr.jpg,C:\Users\20231807\Documents\GitHub\Cap_coral_reefs\New_version_of_the_project\website\benthic_datasets\mask_labels\reef_support\UNAL_BLEACHING_TAYRONA\images\C5_Gy_PM_T2_27nov24_CGomez_corr.jpg
image,C5_Gy_PP_T1_27nov24_CDaza_corr,C5_Gy_PP_T1_27nov24_CDaza_corr.jpg,C:\Users\20231807\Documents\GitHub\Cap_coral_reefs\New_version_of_the_project\website\benthic_datasets\mask_labels\reef_support\UNAL_BLEACHING_TAYRONA\images\C5_Gy_PP_T1_27nov24_CDaza_corr.jpg
image,C5_Gy_PP_T2_27nov24_CDaza_corr,C5_Gy_PP_T2_27nov24_CDaza_corr.jpg,C:\Users\20231807\Documents\GitHub\Cap_coral_reefs\New_version_of_the_project\website\benthic_datasets\mask_labels\reef_support\UNAL_BLEACHING_TAYRONA\images\C5_Gy_PP_T2_27nov24_CDaza_corr.jpg
image,C5_Gy_PSa_T1_27nov24_CDaza_corr,C5_Gy_PSa_T1_27nov24_CDaza_corr.jpg,C:\Users\20231807\Documents\GitHub\Cap_coral_reefs\New_version_of_the_project\website\benthic_datasets\mask_labels\reef_support\UNAL_BLEACHING_TAYRONA\images\C5_Gy_PSa_T1_27nov24_CDaza_corr.jpg
image,C5_Gy_PSa_T2_27nov24_CDaza_corr,C5_Gy_PSa_T2_27nov24_CDaza_corr.jpg,C:\Users\20231807\Documents\GitHub\Cap_coral_reefs\New_version_of_the_project\website\benthic_datasets\mask_labels\reef_support\UNAL_BLEACHING_TAYRONA\images\C5_Gy_PSa_T2_27nov24_CDaza_corr.jpg
image,C5_Gy_PSb_T2_27nov24_CGomez_corr,C5_Gy_PSb_T2_27nov24_CGomez_corr.jpg,C:\Users\20231807\Documents\GitHub\Cap_coral_reefs\New_version_of_the_project\website\benthic_datasets\mask_labels\reef_support\UNAL_BLEACHING_TAYRONA\images\C5_Gy_PSb_T2_27nov24_CGomez_corr.jpg
image,C5_PB_PM_T1_19nov24_CGomez_Corr,C5_PB_PM_T1_19nov24_CGomez_Corr.JPG,C:\Users\20231807\Documents\GitHub\Cap_coral_reefs\New_version_of_the_project\website\benthic_datasets\mask_labels\reef_support\UNAL_BLEACHING_TAYRONA\images\C5_PB_PM_T1_19nov24_CGomez_Corr.JPG
image,C5_PB_PM_T2_19nov24_CGomez_Corr,C5_PB_PM_T2_19nov24_CGomez_Corr.JPG,C:\Users\20231807\Documents\GitHub\Cap_coral_reefs\New_version_of_the_project\website\benthic_datasets\mask_labels\reef_support\UNAL_BLEACHING_TAYRONA\images\C5_PB_PM_T2_19nov24_CGomez_Corr.JPG
image,C5_PB_PP_T1_19nov24_CGomez_Corr,C5_PB_PP_T1_19nov24_CGomez_Corr.JPG,C:\Users\20231807\Documents\GitHub\Cap_coral_reefs\New_version_of_the_project\website\benthic_datasets\mask_labels\reef_support\UNAL_BLEACHING_TAYRONA\images\C5_PB_PP_T1_19nov24_CGomez_Corr.JPG
image,C5_PB_PSA_T2_19nov24_HBenavides_Corr,C5_PB_PSA_T2_19nov24_HBenavides_Corr.JPG,C:\Users\20231807\Documents\GitHub\Cap_coral_reefs\New_version_of_the_project\website\benthic_datasets\mask_labels\reef_support\UNAL_BLEACHING_TAYRONA\images\C5_PB_PSA_T2_19nov24_HBenavides_Corr.JPG
image,C5_PB_PSA_T3_19nov24_HBenavides_Corr,C5_PB_PSA_T3_19nov24_HBenavides_Corr.JPG,C:\Users\20231807\Documents\GitHub\Cap_coral_reefs\New_version_of_the_project\website\benthic_datasets\mask_labels\reef_support\UNAL_BLEACHING_TAYRONA\images\C5_PB_PSA_T3_19nov24_HBenavides_Corr.JPG
image,C5_PB_PSb_T2_19nov24_HBenavides_Corr,C5_PB_PSb_T2_19nov24_HBenavides_Corr.JPG,C:\Users\20231807\Documents\GitHub\Cap_coral_reefs\New_version_of_the_project\website\benthic_datasets\mask_labels\reef_support\UNAL_BLEACHING_TAYRONA\images\C5_PB_PSb_T2_19nov24_HBenavides_Corr.JPG
image,C5_PB_PSb_T3_19nov24_HBenavides_Corr,C5_PB_PSb_T3_19nov24_HBenavides_Corr.JPG,C:\Users\20231807\Documents\GitHub\Cap_coral_reefs\New_version_of_the_project\website\benthic_datasets\mask_labels\reef_support\UNAL_BLEACHING_TAYRONA\images\C5_PB_PSb_T3_19nov24_HBenavides_Corr.JPG
image,C6_BC_EM_T3_29nov24_CGomez_corr,C6_BC_EM_T3_29nov24_CGomez_corr.jpg,C:\Users\20231807\Documents\GitHub\Cap_coral_reefs\New_version_of_the_project\website\benthic_datasets\mask_labels\reef_support\UNAL_BLEACHING_TAYRONA\images\C6_BC_EM_T3_29nov24_CGomez_corr.jpg
image,C6_BC_EP_T1_29nov24_CDaza_corr,C6_BC_EP_T1_29nov24_CDaza_corr.jpg,C:\Users\20231807\Documents\GitHub\Cap_coral_reefs\New_version_of_the_project\website\benthic_datasets\mask_labels\reef_support\UNAL_BLEACHING_TAYRONA\images\C6_BC_EP_T1_29nov24_CDaza_corr.jpg
image,C6_BC_EP_T2_29nov24_CDaza_corr,C6_BC_EP_T2_29nov24_CDaza_corr.jpg,C:\Users\20231807\Documents\GitHub\Cap_coral_reefs\New_version_of_the_project\website\benthic_datasets\mask_labels\reef_support\UNAL_BLEACHING_TAYRONA\images\C6_BC_EP_T2_29nov24_CDaza_corr.jpg
image,C6_BC_ESb_T1_29nov24_CGomez_corr,C6_BC_ESb_T1_29nov24_CGomez_corr.jpg,C:\Users\20231807\Documents\GitHub\Cap_coral_reefs\New_version_of_the_project\website\benthic_datasets\mask_labels\reef_support\UNAL_BLEACHING_TAYRONA\images\C6_BC_ESb_T1_29nov24_CGomez_corr.jpg
image,C6_BC_ESb_T3_29nov24_CGomez_corr,C6_BC_ESb_T3_29nov24_CGomez_corr.jpg,C:\Users\20231807\Documents\GitHub\Cap_coral_reefs\New_version_of_the_project\website\benthic_datasets\mask_labels\reef_support\UNAL_BLEACHING_TAYRONA\images\C6_BC_ESb_T3_29nov24_CGomez_corr.jpg
image,C6_BC_PM_T1_29nov24_CDaza_corr,C6_BC_PM_T1_29nov24_CDaza_corr.jpg,C:\Users\20231807\Documents\GitHub\Cap_coral_reefs\New_version_of_the_project\website\benthic_datasets\mask_labels\reef_support\UNAL_BLEACHING_TAYRONA\images\C6_BC_PM_T1_29nov24_CDaza_corr.jpg
image,C6_BC_PM_T2_29nov24_CDaza_corr,C6_BC_PM_T2_29nov24_CDaza_corr.jpg,C:\Users\20231807\Documents\GitHub\Cap_coral_reefs\New_version_of_the_project\website\benthic_datasets\mask_labels\reef_support\UNAL_BLEACHING_TAYRONA\images\C6_BC_PM_T2_29nov24_CDaza_corr.jpg
image,C6_BC_PM_T3_29nov24_CDaza_corr,C6_BC_PM_T3_29nov24_CDaza_corr.jpg,C:\Users\20231807\Documents\GitHub\Cap_coral_reefs\New_version_of_the_project\website\benthic_datasets\mask_labels\reef_support\UNAL_BLEACHING_TAYRONA\images\C6_BC_PM_T3_29nov24_CDaza_corr.jpg
image,C6_BC_PP_T1_29nov24_HBenavides_corr,C6_BC_PP_T1_29nov24_HBenavides_corr.jpg,C:\Users\20231807\Documents\GitHub\Cap_coral_reefs\New_version_of_the_project\website\benthic_datasets\mask_labels\reef_support\UNAL_BLEACHING_TAYRONA\images\C6_BC_PP_T1_29nov24_HBenavides_corr.jpg
image,C6_BC_PP_T3_29nov24_HBenavides_corr,C6_BC_PP_T3_29nov24_HBenavides_corr.jpg,C:\Users\20231807\Documents\GitHub\Cap_coral_reefs\New_version_of_the_project\website\benthic_datasets\mask_labels\reef_support\UNAL_BLEACHING_TAYRONA\images\C6_BC_PP_T3_29nov24_HBenavides_corr.jpg
image,C6_BC_PSa_T1_29nov24_CDaza_corr,C6_BC_PSa_T1_29nov24_CDaza_corr.jpg,C:\Users\20231807\Documents\GitHub\Cap_coral_reefs\New_version_of_the_project\website\benthic_datasets\mask_labels\reef_support\UNAL_BLEACHING_TAYRONA\images\C6_BC_PSa_T1_29nov24_CDaza_corr.jpg
image,C6_BC_PSa_T2_29nov24_CDaza_corr,C6_BC_PSa_T2_29nov24_CDaza_corr.jpg,C:\Users\20231807\Documents\GitHub\Cap_coral_reefs\New_version_of_the_project\website\benthic_datasets\mask_labels\reef_support\UNAL_BLEACHING_TAYRONA\images\C6_BC_PSa_T2_29nov24_CDaza_corr.jpg
image,C6_BC_PSb_T2_29nov24_HBenavides_corr,C6_BC_PSb_T2_29nov24_HBenavides_corr.jpg,C:\Users\20231807\Documents\GitHub\Cap_coral_reefs\New_version_of_the_project\website\benthic_datasets\mask_labels\reef_support\UNAL_BLEACHING_TAYRONA\images\C6_BC_PSb_T2_29nov24_HBenavides_corr.jpg
image,C6_Gr_PM_T1_30nov24_CGomez_corr,C6_Gr_PM_T1_30nov24_CGomez_corr.jpg,C:\Users\20231807\Documents\GitHub\Cap_coral_reefs\New_version_of_the_project\website\benthic_datasets\mask_labels\reef_support\UNAL_BLEACHING_TAYRONA\images\C6_Gr_PM_T1_30nov24_CGomez_corr.jpg
image,C6_Gr_PM_T2_30nov24_CGomez_corr,C6_Gr_PM_T2_30nov24_CGomez_corr.jpg,C:\Users\20231807\Documents\GitHub\Cap_coral_reefs\New_version_of_the_project\website\benthic_datasets\mask_labels\reef_support\UNAL_BLEACHING_TAYRONA\images\C6_Gr_PM_T2_30nov24_CGomez_corr.jpg
image,C6_Gr_PP_T2_30nov24_HBenavides_corr,C6_Gr_PP_T2_30nov24_HBenavides_corr.jpg,C:\Users\20231807\Documents\GitHub\Cap_coral_reefs\New_version_of_the_project\website\benthic_datasets\mask_labels\reef_support\UNAL_BLEACHING_TAYRONA\images\C6_Gr_PP_T2_30nov24_HBenavides_corr.jpg
image,C6_Gr_PSa_T1_30nov24_CDaza_corr,C6_Gr_PSa_T1_30nov24_CDaza_corr.jpg,C:\Users\20231807\Documents\GitHub\Cap_coral_reefs\New_version_of_the_project\website\benthic_datasets\mask_labels\reef_support\UNAL_BLEACHING_TAYRONA\images\C6_Gr_PSa_T1_30nov24_CDaza_corr.jpg
image,C6_Gy_EM_T1_27nov24_CGomez_corr,C6_Gy_EM_T1_27nov24_CGomez_corr.jpg,C:\Users\20231807\Documents\GitHub\Cap_coral_reefs\New_version_of_the_project\website\benthic_datasets\mask_labels\reef_support\UNAL_BLEACHING_TAYRONA\images\C6_Gy_EM_T1_27nov24_CGomez_corr.jpg
image,C6_Gy_EM_T2_27nov24_CGomez_corr,C6_Gy_EM_T2_27nov24_CGomez_corr.jpg,C:\Users\20231807\Documents\GitHub\Cap_coral_reefs\New_version_of_the_project\website\benthic_datasets\mask_labels\reef_support\UNAL_BLEACHING_TAYRONA\images\C6_Gy_EM_T2_27nov24_CGomez_corr.jpg
image,C6_Gy_EP_T2_27nov24_HBenavides_corr,C6_Gy_EP_T2_27nov24_HBenavides_corr.jpg,C:\Users\20231807\Documents\GitHub\Cap_coral_reefs\New_version_of_the_project\website\benthic_datasets\mask_labels\reef_support\UNAL_BLEACHING_TAYRONA\images\C6_Gy_EP_T2_27nov24_HBenavides_corr.jpg
image,C6_Gy_EP_T3_27nov24_HBenavides_corr,C6_Gy_EP_T3_27nov24_HBenavides_corr.jpg,C:\Users\20231807\Documents\GitHub\Cap_coral_reefs\New_version_of_the_project\website\benthic_datasets\mask_labels\reef_support\UNAL_BLEACHING_TAYRONA\images\C6_Gy_EP_T3_27nov24_HBenavides_corr.jpg
image,C6_Gy_ESa_T1_27nov24_HBenavides_corr,C6_Gy_ESa_T1_27nov24_HBenavides_corr.jpg,C:\Users\20231807\Documents\GitHub\Cap_coral_reefs\New_version_of_the_project\website\benthic_datasets\mask_labels\reef_support\UNAL_BLEACHING_TAYRONA\images\C6_Gy_ESa_T1_27nov24_HBenavides_corr.jpg
image,C6_Gy_ESa_T3_27nov24_HBenavides_corr,C6_Gy_ESa_T3_27nov24_HBenavides_corr.jpg,C:\Users\20231807\Documents\GitHub\Cap_coral_reefs\New_version_of_the_project\website\benthic_datasets\mask_labels\reef_support\UNAL_BLEACHING_TAYRONA\images\C6_Gy_ESa_T3_27nov24_HBenavides_corr.jpg
image,C6_Gy_ESb_T3_27nov24_CGomez_corr,C6_Gy_ESb_T3_27nov24_CGomez_corr.jpg,C:\Users\20231807\Documents\GitHub\Cap_coral_reefs\New_version_of_the_project\website\benthic_datasets\mask_labels\reef_support\UNAL_BLEACHING_TAYRONA\images\C6_Gy_ESb_T3_27nov24_CGomez_corr.jpg
image,C6_Gy_PM_T1_27nov24_CGomez_corr,C6_Gy_PM_T1_27nov24_CGomez_corr.jpg,C:\Users\20231807\Documents\GitHub\Cap_coral_reefs\New_version_of_the_project\website\benthic_datasets\mask_labels\reef_support\UNAL_BLEACHING_TAYRONA\images\C6_Gy_PM_T1_27nov24_CGomez_corr.jpg
image,C6_Gy_PM_T3_27nov24_CGomez_corr,C6_Gy_PM_T3_27nov24_CGomez_corr.jpg,C:\Users\20231807\Documents\GitHub\Cap_coral_reefs\New_version_of_the_project\website\benthic_datasets\mask_labels\reef_support\UNAL_BLEACHING_TAYRONA\images\C6_Gy_PM_T3_27nov24_CGomez_corr.jpg
image,C6_Gy_PP_T1_27nov24_CDaza_corr,C6_Gy_PP_T1_27nov24_CDaza_corr.jpg,C:\Users\20231807\Documents\GitHub\Cap_coral_reefs\New_version_of_the_project\website\benthic_datasets\mask_labels\reef_support\UNAL_BLEACHING_TAYRONA\images\C6_Gy_PP_T1_27nov24_CDaza_corr.jpg
image,C6_Gy_PP_T2_27nov24_CDaza_corr,C6_Gy_PP_T2_27nov24_CDaza_corr.jpg,C:\Users\20231807\Documents\GitHub\Cap_coral_reefs\New_version_of_the_project\website\benthic_datasets\mask_labels\reef_support\UNAL_BLEACHING_TAYRONA\images\C6_Gy_PP_T2_27nov24_CDaza_corr.jpg
image,C6_Gy_PP_T3_27nov24_CDaza_corr,C6_Gy_PP_T3_27nov24_CDaza_corr.jpg,C:\Users\20231807\Documents\GitHub\Cap_coral_reefs\New_version_of_the_project\website\benthic_datasets\mask_labels\reef_support\UNAL_BLEACHING_TAYRONA\images\C6_Gy_PP_T3_27nov24_CDaza_corr.jpg
image,C6_Gy_PSa_T3_27nov24_CDaza_corr,C6_Gy_PSa_T3_27nov24_CDaza_corr.jpg,C:\Users\20231807\Documents\GitHub\Cap_coral_reefs\New_version_of_the_project\website\benthic_datasets\mask_labels\reef_support\UNAL_BLEACHING_TAYRONA\images\C6_Gy_PSa_T3_27nov24_CDaza_corr.jpg
image,C6_Gy_PSb_T1_27nov24_CGomez_corr,C6_Gy_PSb_T1_27nov24_CGomez_corr.jpg,C:\Users\20231807\Documents\GitHub\Cap_coral_reefs\New_version_of_the_project\website\benthic_datasets\mask_labels\reef_support\UNAL_BLEACHING_TAYRONA\images\C6_Gy_PSb_T1_27nov24_CGomez_corr.jpg
image,C6_PB_PM_T2_19nov24_CGomez_Corr,C6_PB_PM_T2_19nov24_CGomez_Corr.JPG,C:\Users\20231807\Documents\GitHub\Cap_coral_reefs\New_version_of_the_project\website\benthic_datasets\mask_labels\reef_support\UNAL_BLEACHING_TAYRONA\images\C6_PB_PM_T2_19nov24_CGomez_Corr.JPG
image,C6_PB_PM_T3_19nov24_CGomez_Corr,C6_PB_PM_T3_19nov24_CGomez_Corr.JPG,C:\Users\20231807\Documents\GitHub\Cap_coral_reefs\New_version_of_the_project\website\benthic_datasets\mask_labels\reef_support\UNAL_BLEACHING_TAYRONA\images\C6_PB_PM_T3_19nov24_CGomez_Corr.JPG
image,C6_PB_PP_T2_19nov24_CGomez_Corr,C6_PB_PP_T2_19nov24_CGomez_Corr.JPG,C:\Users\20231807\Documents\GitHub\Cap_coral_reefs\New_version_of_the_project\website\benthic_datasets\mask_labels\reef_support\UNAL_BLEACHING_TAYRONA\images\C6_PB_PP_T2_19nov24_CGomez_Corr.JPG
image,C6_PB_PSA_T2_19nov24_HBenavides_Corr,C6_PB_PSA_T2_19nov24_HBenavides_Corr.JPG,C:\Users\20231807\Documents\GitHub\Cap_coral_reefs\New_version_of_the_project\website\benthic_datasets\mask_labels\reef_support\UNAL_BLEACHING_TAYRONA\images\C6_PB_PSA_T2_19nov24_HBenavides_Corr.JPG
image,C6_PB_PSb_T2_19nov24_HBenavides_Corr,C6_PB_PSb_T2_19nov24_HBenavides_Corr.JPG,C:\Users\20231807\Documents\GitHub\Cap_coral_reefs\New_version_of_the_project\website\benthic_datasets\mask_labels\reef_support\UNAL_BLEACHING_TAYRONA\images\C6_PB_PSb_T2_19nov24_HBenavides_Corr.JPG
image,C6_PB_PSb_T3_19nov24_HBenavides_Corr,C6_PB_PSb_T3_19nov24_HBenavides_Corr.JPG,C:\Users\20231807\Documents\GitHub\Cap_coral_reefs\New_version_of_the_project\website\benthic_datasets\mask_labels\reef_support\UNAL_BLEACHING_TAYRONA\images\C6_PB_PSb_T3_19nov24_HBenavides_Corr.JPG
image,C7_BC_EM_T1_29nov24_CGomez_corr,C7_BC_EM_T1_29nov24_CGomez_corr.jpg,C:\Users\20231807\Documents\GitHub\Cap_coral_reefs\New_version_of_the_project\website\benthic_datasets\mask_labels\reef_support\UNAL_BLEACHING_TAYRONA\images\C7_BC_EM_T1_29nov24_CGomez_corr.jpg
image,C7_BC_EP_T1_29nov24_CDaza_corr,C7_BC_EP_T1_29nov24_CDaza_corr.jpg,C:\Users\20231807\Documents\GitHub\Cap_coral_reefs\New_version_of_the_project\website\benthic_datasets\mask_labels\reef_support\UNAL_BLEACHING_TAYRONA\images\C7_BC_EP_T1_29nov24_CDaza_corr.jpg
image,C7_BC_EP_T2_29nov24_CDaza_corr,C7_BC_EP_T2_29nov24_CDaza_corr.jpg,C:\Users\20231807\Documents\GitHub\Cap_coral_reefs\New_version_of_the_project\website\benthic_datasets\mask_labels\reef_support\UNAL_BLEACHING_TAYRONA\images\C7_BC_EP_T2_29nov24_CDaza_corr.jpg
image,C7_BC_EP_T3_29nov24_CDaza_corr,C7_BC_EP_T3_29nov24_CDaza_corr.jpg,C:\Users\20231807\Documents\GitHub\Cap_coral_reefs\New_version_of_the_project\website\benthic_datasets\mask_labels\reef_support\UNAL_BLEACHING_TAYRONA\images\C7_BC_EP_T3_29nov24_CDaza_corr.jpg
image,C7_BC_ESa_T2_29nov24_CDaza_corr,C7_BC_ESa_T2_29nov24_CDaza_corr.jpg,C:\Users\20231807\Documents\GitHub\Cap_coral_reefs\New_version_of_the_project\website\benthic_datasets\mask_labels\reef_support\UNAL_BLEACHING_TAYRONA\images\C7_BC_ESa_T2_29nov24_CDaza_corr.jpg
image,C7_BC_ESa_T3_29nov24_CDaza_corr,C7_BC_ESa_T3_29nov24_CDaza_corr.jpg,C:\Users\20231807\Documents\GitHub\Cap_coral_reefs\New_version_of_the_project\website\benthic_datasets\mask_labels\reef_support\UNAL_BLEACHING_TAYRONA\images\C7_BC_ESa_T3_29nov24_CDaza_corr.jpg
image,C7_BC_ESb_T2_29nov24_CGomez_corr,C7_BC_ESb_T2_29nov24_CGomez_corr.jpg,C:\Users\20231807\Documents\GitHub\Cap_coral_reefs\New_version_of_the_project\website\benthic_datasets\mask_labels\reef_support\UNAL_BLEACHING_TAYRONA\images\C7_BC_ESb_T2_29nov24_CGomez_corr.jpg
image,C7_BC_PM_T1_29nov24_CDaza_corr,C7_BC_PM_T1_29nov24_CDaza_corr.jpg,C:\Users\20231807\Documents\GitHub\Cap_coral_reefs\New_version_of_the_project\website\benthic_datasets\mask_labels\reef_support\UNAL_BLEACHING_TAYRONA\images\C7_BC_PM_T1_29nov24_CDaza_corr.jpg
image,C7_BC_PM_T2_29nov24_CDaza_corr,C7_BC_PM_T2_29nov24_CDaza_corr.jpg,C:\Users\20231807\Documents\GitHub\Cap_coral_reefs\New_version_of_the_project\website\benthic_datasets\mask_labels\reef_support\UNAL_BLEACHING_TAYRONA\images\C7_BC_PM_T2_29nov24_CDaza_corr.jpg
image,C7_BC_PM_T3_29nov24_CDaza_corr,C7_BC_PM_T3_29nov24_CDaza_corr.jpg,C:\Users\20231807\Documents\GitHub\Cap_coral_reefs\New_version_of_the_project\website\benthic_datasets\mask_labels\reef_support\UNAL_BLEACHING_TAYRONA\images\C7_BC_PM_T3_29nov24_CDaza_corr.jpg
image,C7_BC_PP_T1_29nov24_HBenavides_corr,C7_BC_PP_T1_29nov24_HBenavides_corr.jpg,C:\Users\20231807\Documents\GitHub\Cap_coral_reefs\New_version_of_the_project\website\benthic_datasets\mask_labels\reef_support\UNAL_BLEACHING_TAYRONA\images\C7_BC_PP_T1_29nov24_HBenavides_corr.jpg
image,C7_BC_PP_T2_29nov24_HBenavides_corr,C7_BC_PP_T2_29nov24_HBenavides_corr.jpg,C:\Users\20231807\Documents\GitHub\Cap_coral_reefs\New_version_of_the_project\website\benthic_datasets\mask_labels\reef_support\UNAL_BLEACHING_TAYRONA\images\C7_BC_PP_T2_29nov24_HBenavides_corr.jpg
image,C7_BC_PSb_T2_29nov24_HBenavides_corr,C7_BC_PSb_T2_29nov24_HBenavides_corr.jpg,C:\Users\20231807\Documents\GitHub\Cap_coral_reefs\New_version_of_the_project\website\benthic_datasets\mask_labels\reef_support\UNAL_BLEACHING_TAYRONA\images\C7_BC_PSb_T2_29nov24_HBenavides_corr.jpg
image,C7_Gr_PM_T2_30nov24_CGomez_corr,C7_Gr_PM_T2_30nov24_CGomez_corr.jpg,C:\Users\20231807\Documents\GitHub\Cap_coral_reefs\New_version_of_the_project\website\benthic_datasets\mask_labels\reef_support\UNAL_BLEACHING_TAYRONA\images\C7_Gr_PM_T2_30nov24_CGomez_corr.jpg
image,C7_Gr_PM_T3_30nov24_CGomez_corr,C7_Gr_PM_T3_30nov24_CGomez_corr.jpg,C:\Users\20231807\Documents\GitHub\Cap_coral_reefs\New_version_of_the_project\website\benthic_datasets\mask_labels\reef_support\UNAL_BLEACHING_TAYRONA\images\C7_Gr_PM_T3_30nov24_CGomez_corr.jpg
image,C7_Gr_PP_T1_30nov24_HBenavides_corr,C7_Gr_PP_T1_30nov24_HBenavides_corr.jpg,C:\Users\20231807\Documents\GitHub\Cap_coral_reefs\New_version_of_the_project\website\benthic_datasets\mask_labels\reef_support\UNAL_BLEACHING_TAYRONA\images\C7_Gr_PP_T1_30nov24_HBenavides_corr.jpg
image,C7_Gr_PP_T3_30nov24_HBenavides_corr,C7_Gr_PP_T3_30nov24_HBenavides_corr.jpg,C:\Users\20231807\Documents\GitHub\Cap_coral_reefs\New_version_of_the_project\website\benthic_datasets\mask_labels\reef_support\UNAL_BLEACHING_TAYRONA\images\C7_Gr_PP_T3_30nov24_HBenavides_corr.jpg
image,C7_Gr_PSa_T3_30nov24_CDaza_corr,C7_Gr_PSa_T3_30nov24_CDaza_corr.jpg,C:\Users\20231807\Documents\GitHub\Cap_coral_reefs\New_version_of_the_project\website\benthic_datasets\mask_labels\reef_support\UNAL_BLEACHING_TAYRONA\images\C7_Gr_PSa_T3_30nov24_CDaza_corr.jpg
image,C7_Gy_EM_T2_27nov24_CGomez_corr,C7_Gy_EM_T2_27nov24_CGomez_corr.jpg,C:\Users\20231807\Documents\GitHub\Cap_coral_reefs\New_version_of_the_project\website\benthic_datasets\mask_labels\reef_support\UNAL_BLEACHING_TAYRONA\images\C7_Gy_EM_T2_27nov24_CGomez_corr.jpg
image,C7_Gy_EP_T1_27nov24_HBenavides_corr,C7_Gy_EP_T1_27nov24_HBenavides_corr.jpg,C:\Users\20231807\Documents\GitHub\Cap_coral_reefs\New_version_of_the_project\website\benthic_datasets\mask_labels\reef_support\UNAL_BLEACHING_TAYRONA\images\C7_Gy_EP_T1_27nov24_HBenavides_corr.jpg
image,C7_Gy_EP_T2_27nov24_HBenavides_corr,C7_Gy_EP_T2_27nov24_HBenavides_corr.jpg,C:\Users\20231807\Documents\GitHub\Cap_coral_reefs\New_version_of_the_project\website\benthic_datasets\mask_labels\reef_support\UNAL_BLEACHING_TAYRONA\images\C7_Gy_EP_T2_27nov24_HBenavides_corr.jpg
image,C7_Gy_ESa_T1_27nov24_HBenavides_corr,C7_Gy_ESa_T1_27nov24_HBenavides_corr.jpg,C:\Users\20231807\Documents\GitHub\Cap_coral_reefs\New_version_of_the_project\website\benthic_datasets\mask_labels\reef_support\UNAL_BLEACHING_TAYRONA\images\C7_Gy_ESa_T1_27nov24_HBenavides_corr.jpg
image,C7_Gy_ESa_T3_27nov24_HBenavides_corr,C7_Gy_ESa_T3_27nov24_HBenavides_corr.jpg,C:\Users\20231807\Documents\GitHub\Cap_coral_reefs\New_version_of_the_project\website\benthic_datasets\mask_labels\reef_support\UNAL_BLEACHING_TAYRONA\images\C7_Gy_ESa_T3_27nov24_HBenavides_corr.jpg
image,C7_Gy_ESb_T2_27nov24_CGomez_corr,C7_Gy_ESb_T2_27nov24_CGomez_corr.jpg,C:\Users\20231807\Documents\GitHub\Cap_coral_reefs\New_version_of_the_project\website\benthic_datasets\mask_labels\reef_support\UNAL_BLEACHING_TAYRONA\images\C7_Gy_ESb_T2_27nov24_CGomez_corr.jpg
image,C7_Gy_PM_T1_27nov24_CGomez_corr,C7_Gy_PM_T1_27nov24_CGomez_corr.jpg,C:\Users\20231807\Documents\GitHub\Cap_coral_reefs\New_version_of_the_project\website\benthic_datasets\mask_labels\reef_support\UNAL_BLEACHING_TAYRONA\images\C7_Gy_PM_T1_27nov24_CGomez_corr.jpg
image,C7_Gy_PM_T2_27nov24_CGomez_corr,C7_Gy_PM_T2_27nov24_CGomez_corr.jpg,C:\Users\20231807\Documents\GitHub\Cap_coral_reefs\New_version_of_the_project\website\benthic_datasets\mask_labels\reef_support\UNAL_BLEACHING_TAYRONA\images\C7_Gy_PM_T2_27nov24_CGomez_corr.jpg
image,C7_Gy_PP_T1_27nov24_CDaza_corr,C7_Gy_PP_T1_27nov24_CDaza_corr.jpg,C:\Users\20231807\Documents\GitHub\Cap_coral_reefs\New_version_of_the_project\website\benthic_datasets\mask_labels\reef_support\UNAL_BLEACHING_TAYRONA\images\C7_Gy_PP_T1_27nov24_CDaza_corr.jpg
image,C7_Gy_PP_T2_27nov24_CDaza_corr,C7_Gy_PP_T2_27nov24_CDaza_corr.jpg,C:\Users\20231807\Documents\GitHub\Cap_coral_reefs\New_version_of_the_project\website\benthic_datasets\mask_labels\reef_support\UNAL_BLEACHING_TAYRONA\images\C7_Gy_PP_T2_27nov24_CDaza_corr.jpg
image,C7_Gy_PP_T3_27nov24_CDaza_corr,C7_Gy_PP_T3_27nov24_CDaza_corr.jpg,C:\Users\20231807\Documents\GitHub\Cap_coral_reefs\New_version_of_the_project\website\benthic_datasets\mask_labels\reef_support\UNAL_BLEACHING_TAYRONA\images\C7_Gy_PP_T3_27nov24_CDaza_corr.jpg
image,C7_Gy_PSa_T2_27nov24_CDaza_corr,C7_Gy_PSa_T2_27nov24_CDaza_corr.jpg,C:\Users\20231807\Documents\GitHub\Cap_coral_reefs\New_version_of_the_project\website\benthic_datasets\mask_labels\reef_support\UNAL_BLEACHING_TAYRONA\images\C7_Gy_PSa_T2_27nov24_CDaza_corr.jpg
image,C7_Gy_PSa_T3_27nov24_CDaza_corr,C7_Gy_PSa_T3_27nov24_CDaza_corr.jpg,C:\Users\20231807\Documents\GitHub\Cap_coral_reefs\New_version_of_the_project\website\benthic_datasets\mask_labels\reef_support\UNAL_BLEACHING_TAYRONA\images\C7_Gy_PSa_T3_27nov24_CDaza_corr.jpg
image,C7_Gy_PSb_T3_27nov24_CGomez_corr,C7_Gy_PSb_T3_27nov24_CGomez_corr.jpg,C:\Users\20231807\Documents\GitHub\Cap_coral_reefs\New_version_of_the_project\website\benthic_datasets\mask_labels\reef_support\UNAL_BLEACHING_TAYRONA\images\C7_Gy_PSb_T3_27nov24_CGomez_corr.jpg
image,C7_PB_PM_T1_19nov24_CGomez_Corr,C7_PB_PM_T1_19nov24_CGomez_Corr.JPG,C:\Users\20231807\Documents\GitHub\Cap_coral_reefs\New_version_of_the_project\website\benthic_datasets\mask_labels\reef_support\UNAL_BLEACHING_TAYRONA\images\C7_PB_PM_T1_19nov24_CGomez_Corr.JPG
image,C7_PB_PM_T3_19nov24_CGomez_Corr,C7_PB_PM_T3_19nov24_CGomez_Corr.JPG,C:\Users\20231807\Documents\GitHub\Cap_coral_reefs\New_version_of_the_project\website\benthic_datasets\mask_labels\reef_support\UNAL_BLEACHING_TAYRONA\images\C7_PB_PM_T3_19nov24_CGomez_Corr.JPG
image,C7_PB_PP_T1_19nov24_CGomez_Corr,C7_PB_PP_T1_19nov24_CGomez_Corr.JPG,C:\Users\20231807\Documents\GitHub\Cap_coral_reefs\New_version_of_the_project\website\benthic_datasets\mask_labels\reef_support\UNAL_BLEACHING_TAYRONA\images\C7_PB_PP_T1_19nov24_CGomez_Corr.JPG
image,C7_PB_PP_T3_19nov24_CGomez_Corr,C7_PB_PP_T3_19nov24_CGomez_Corr.JPG,C:\Users\20231807\Documents\GitHub\Cap_coral_reefs\New_version_of_the_project\website\benthic_datasets\mask_labels\reef_support\UNAL_BLEACHING_TAYRONA\images\C7_PB_PP_T3_19nov24_CGomez_Corr.JPG
image,C7_PB_PSA_T2_19nov24_HBenavides_Corr,C7_PB_PSA_T2_19nov24_HBenavides_Corr.JPG,C:\Users\20231807\Documents\GitHub\Cap_coral_reefs\New_version_of_the_project\website\benthic_datasets\mask_labels\reef_support\UNAL_BLEACHING_TAYRONA\images\C7_PB_PSA_T2_19nov24_HBenavides_Corr.JPG
image,C7_PB_PSb_T2_19nov24_HBenavides_Corr,C7_PB_PSb_T2_19nov24_HBenavides_Corr.JPG,C:\Users\20231807\Documents\GitHub\Cap_coral_reefs\New_version_of_the_project\website\benthic_datasets\mask_labels\reef_support\UNAL_BLEACHING_TAYRONA\images\C7_PB_PSb_T2_19nov24_HBenavides_Corr.JPG
image,C7_PB_PSb_T3_19nov24_HBenavides_Corr,C7_PB_PSb_T3_19nov24_HBenavides_Corr.JPG,C:\Users\20231807\Documents\GitHub\Cap_coral_reefs\New_version_of_the_project\website\benthic_datasets\mask_labels\reef_support\UNAL_BLEACHING_TAYRONA\images\C7_PB_PSb_T3_19nov24_HBenavides_Corr.JPG
image,C8_BC_EM_T2_29nov24_CGomez_corr,C8_BC_EM_T2_29nov24_CGomez_corr.jpg,C:\Users\20231807\Documents\GitHub\Cap_coral_reefs\New_version_of_the_project\website\benthic_datasets\mask_labels\reef_support\UNAL_BLEACHING_TAYRONA\images\C8_BC_EM_T2_29nov24_CGomez_corr.jpg
image,C8_BC_EP_T1_29nov24_CDaza_corr,C8_BC_EP_T1_29nov24_CDaza_corr.jpg,C:\Users\20231807\Documents\GitHub\Cap_coral_reefs\New_version_of_the_project\website\benthic_datasets\mask_labels\reef_support\UNAL_BLEACHING_TAYRONA\images\C8_BC_EP_T1_29nov24_CDaza_corr.jpg
image,C8_BC_EP_T2_29nov24_CDaza_corr,C8_BC_EP_T2_29nov24_CDaza_corr.jpg,C:\Users\20231807\Documents\GitHub\Cap_coral_reefs\New_version_of_the_project\website\benthic_datasets\mask_labels\reef_support\UNAL_BLEACHING_TAYRONA\images\C8_BC_EP_T2_29nov24_CDaza_corr.jpg
image,C8_BC_EP_T3_29nov24_CDaza_corr,C8_BC_EP_T3_29nov24_CDaza_corr.jpg,C:\Users\20231807\Documents\GitHub\Cap_coral_reefs\New_version_of_the_project\website\benthic_datasets\mask_labels\reef_support\UNAL_BLEACHING_TAYRONA\images\C8_BC_EP_T3_29nov24_CDaza_corr.jpg
image,C8_BC_ESa_T1_29nov24_CDaza_corr,C8_BC_ESa_T1_29nov24_CDaza_corr.jpg,C:\Users\20231807\Documents\GitHub\Cap_coral_reefs\New_version_of_the_project\website\benthic_datasets\mask_labels\reef_support\UNAL_BLEACHING_TAYRONA\images\C8_BC_ESa_T1_29nov24_CDaza_corr.jpg
image,C8_BC_ESa_T2_29nov24_CDaza_corr,C8_BC_ESa_T2_29nov24_CDaza_corr.jpg,C:\Users\20231807\Documents\GitHub\Cap_coral_reefs\New_version_of_the_project\website\benthic_datasets\mask_labels\reef_support\UNAL_BLEACHING_TAYRONA\images\C8_BC_ESa_T2_29nov24_CDaza_corr.jpg
image,C8_BC_ESb_T1_29nov24_CGomez_corr,C8_BC_ESb_T1_29nov24_CGomez_corr.jpg,C:\Users\20231807\Documents\GitHub\Cap_coral_reefs\New_version_of_the_project\website\benthic_datasets\mask_labels\reef_support\UNAL_BLEACHING_TAYRONA\images\C8_BC_ESb_T1_29nov24_CGomez_corr.jpg
image,C8_BC_PM_T2_29nov24_CDaza_corr,C8_BC_PM_T2_29nov24_CDaza_corr.jpg,C:\Users\20231807\Documents\GitHub\Cap_coral_reefs\New_version_of_the_project\website\benthic_datasets\mask_labels\reef_support\UNAL_BLEACHING_TAYRONA\images\C8_BC_PM_T2_29nov24_CDaza_corr.jpg
image,C8_BC_PM_T3_29nov24_CDaza_corr,C8_BC_PM_T3_29nov24_CDaza_corr.jpg,C:\Users\20231807\Documents\GitHub\Cap_coral_reefs\New_version_of_the_project\website\benthic_datasets\mask_labels\reef_support\UNAL_BLEACHING_TAYRONA\images\C8_BC_PM_T3_29nov24_CDaza_corr.jpg
image,C8_BC_PP_T1_29nov24_HBenavides_corr,C8_BC_PP_T1_29nov24_HBenavides_corr.jpg,C:\Users\20231807\Documents\GitHub\Cap_coral_reefs\New_version_of_the_project\website\benthic_datasets\mask_labels\reef_support\UNAL_BLEACHING_TAYRONA\images\C8_BC_PP_T1_29nov24_HBenavides_corr.jpg
image,C8_BC_PP_T3_29nov24_HBenavides_corr,C8_BC_PP_T3_29nov24_HBenavides_corr.jpg,C:\Users\20231807\Documents\GitHub\Cap_coral_reefs\New_version_of_the_project\website\benthic_datasets\mask_labels\reef_support\UNAL_BLEACHING_TAYRONA\images\C8_BC_PP_T3_29nov24_HBenavides_corr.jpg
image,C8_BC_PSa_T2_29nov24_CDaza_corr,C8_BC_PSa_T2_29nov24_CDaza_corr.jpg,C:\Users\20231807\Documents\GitHub\Cap_coral_reefs\New_version_of_the_project\website\benthic_datasets\mask_labels\reef_support\UNAL_BLEACHING_TAYRONA\images\C8_BC_PSa_T2_29nov24_CDaza_corr.jpg
image,C8_BC_PSa_T3_29nov24_CDaza_corr,C8_BC_PSa_T3_29nov24_CDaza_corr.jpg,C:\Users\20231807\Documents\GitHub\Cap_coral_reefs\New_version_of_the_project\website\benthic_datasets\mask_labels\reef_support\UNAL_BLEACHING_TAYRONA\images\C8_BC_PSa_T3_29nov24_CDaza_corr.jpg
image,C8_BC_PSb_T2_29nov24_HBenavides_corr,C8_BC_PSb_T2_29nov24_HBenavides_corr.jpg,C:\Users\20231807\Documents\GitHub\Cap_coral_reefs\New_version_of_the_project\website\benthic_datasets\mask_labels\reef_support\UNAL_BLEACHING_TAYRONA\images\C8_BC_PSb_T2_29nov24_HBenavides_corr.jpg
image,C8_Gr_PM_T1_30nov24_CGomez_corr,C8_Gr_PM_T1_30nov24_CGomez_corr.jpg,C:\Users\20231807\Documents\GitHub\Cap_coral_reefs\New_version_of_the_project\website\benthic_datasets\mask_labels\reef_support\UNAL_BLEACHING_TAYRONA\images\C8_Gr_PM_T1_30nov24_CGomez_corr.jpg
image,C8_Gr_PM_T3_30nov24_CGomez_corr,C8_Gr_PM_T3_30nov24_CGomez_corr.jpg,C:\Users\20231807\Documents\GitHub\Cap_coral_reefs\New_version_of_the_project\website\benthic_datasets\mask_labels\reef_support\UNAL_BLEACHING_TAYRONA\images\C8_Gr_PM_T3_30nov24_CGomez_corr.jpg
image,C8_Gr_PP_T2_30nov24_HBenavides_corr,C8_Gr_PP_T2_30nov24_HBenavides_corr.jpg,C:\Users\20231807\Documents\GitHub\Cap_coral_reefs\New_version_of_the_project\website\benthic_datasets\mask_labels\reef_support\UNAL_BLEACHING_TAYRONA\images\C8_Gr_PP_T2_30nov24_HBenavides_corr.jpg
image,C8_Gr_PSa_T1_30nov24_CDaza_corr,C8_Gr_PSa_T1_30nov24_CDaza_corr.jpg,C:\Users\20231807\Documents\GitHub\Cap_coral_reefs\New_version_of_the_project\website\benthic_datasets\mask_labels\reef_support\UNAL_BLEACHING_TAYRONA\images\C8_Gr_PSa_T1_30nov24_CDaza_corr.jpg
image,C8_Gr_PSa_T2_30nov24_CDaza_corr,C8_Gr_PSa_T2_30nov24_CDaza_corr.jpg,C:\Users\20231807\Documents\GitHub\Cap_coral_reefs\New_version_of_the_project\website\benthic_datasets\mask_labels\reef_support\UNAL_BLEACHING_TAYRONA\images\C8_Gr_PSa_T2_30nov24_CDaza_corr.jpg
image,C8_Gy_EM_T1_27nov24_CGomez_corr,C8_Gy_EM_T1_27nov24_CGomez_corr.jpg,C:\Users\20231807\Documents\GitHub\Cap_coral_reefs\New_version_of_the_project\website\benthic_datasets\mask_labels\reef_support\UNAL_BLEACHING_TAYRONA\images\C8_Gy_EM_T1_27nov24_CGomez_corr.jpg
image,C8_Gy_EP_T3_27nov24_HBenavides_corr,C8_Gy_EP_T3_27nov24_HBenavides_corr.jpg,C:\Users\20231807\Documents\GitHub\Cap_coral_reefs\New_version_of_the_project\website\benthic_datasets\mask_labels\reef_support\UNAL_BLEACHING_TAYRONA\images\C8_Gy_EP_T3_27nov24_HBenavides_corr.jpg
image,C8_Gy_ESa_T1_27nov24_HBenavides_corr,C8_Gy_ESa_T1_27nov24_HBenavides_corr.jpg,C:\Users\20231807\Documents\GitHub\Cap_coral_reefs\New_version_of_the_project\website\benthic_datasets\mask_labels\reef_support\UNAL_BLEACHING_TAYRONA\images\C8_Gy_ESa_T1_27nov24_HBenavides_corr.jpg
image,C8_Gy_ESa_T3_27nov24_HBenavides_corr,C8_Gy_ESa_T3_27nov24_HBenavides_corr.jpg,C:\Users\20231807\Documents\GitHub\Cap_coral_reefs\New_version_of_the_project\website\benthic_datasets\mask_labels\reef_support\UNAL_BLEACHING_TAYRONA\images\C8_Gy_ESa_T3_27nov24_HBenavides_corr.jpg
image,C8_Gy_ESb_T1_27nov24_CGomez_corr,C8_Gy_ESb_T1_27nov24_CGomez_corr.jpg,C:\Users\20231807\Documents\GitHub\Cap_coral_reefs\New_version_of_the_project\website\benthic_datasets\mask_labels\reef_support\UNAL_BLEACHING_TAYRONA\images\C8_Gy_ESb_T1_27nov24_CGomez_corr.jpg
image,C8_Gy_ESb_T3_27nov24_CGomez_corr,C8_Gy_ESb_T3_27nov24_CGomez_corr.jpg,C:\Users\20231807\Documents\GitHub\Cap_coral_reefs\New_version_of_the_project\website\benthic_datasets\mask_labels\reef_support\UNAL_BLEACHING_TAYRONA\images\C8_Gy_ESb_T3_27nov24_CGomez_corr.jpg
image,C8_Gy_PM_T2_27nov24_CGomez_corr,C8_Gy_PM_T2_27nov24_CGomez_corr.jpg,C:\Users\20231807\Documents\GitHub\Cap_coral_reefs\New_version_of_the_project\website\benthic_datasets\mask_labels\reef_support\UNAL_BLEACHING_TAYRONA\images\C8_Gy_PM_T2_27nov24_CGomez_corr.jpg
image,C8_Gy_PM_T3_27nov24_CGomez_corr,C8_Gy_PM_T3_27nov24_CGomez_corr.jpg,C:\Users\20231807\Documents\GitHub\Cap_coral_reefs\New_version_of_the_project\website\benthic_datasets\mask_labels\reef_support\UNAL_BLEACHING_TAYRONA\images\C8_Gy_PM_T3_27nov24_CGomez_corr.jpg
image,C8_Gy_PP_T2_27nov24_CDaza_corr,C8_Gy_PP_T2_27nov24_CDaza_corr.jpg,C:\Users\20231807\Documents\GitHub\Cap_coral_reefs\New_version_of_the_project\website\benthic_datasets\mask_labels\reef_support\UNAL_BLEACHING_TAYRONA\images\C8_Gy_PP_T2_27nov24_CDaza_corr.jpg
image,C8_Gy_PP_T3_27nov24_CDaza_corr,C8_Gy_PP_T3_27nov24_CDaza_corr.jpg,C:\Users\20231807\Documents\GitHub\Cap_coral_reefs\New_version_of_the_project\website\benthic_datasets\mask_labels\reef_support\UNAL_BLEACHING_TAYRONA\images\C8_Gy_PP_T3_27nov24_CDaza_corr.jpg
image,C8_Gy_PSa_T1_27nov24_CDaza_corr,C8_Gy_PSa_T1_27nov24_CDaza_corr.jpg,C:\Users\20231807\Documents\GitHub\Cap_coral_reefs\New_version_of_the_project\website\benthic_datasets\mask_labels\reef_support\UNAL_BLEACHING_TAYRONA\images\C8_Gy_PSa_T1_27nov24_CDaza_corr.jpg
image,C8_Gy_PSa_T2_27nov24_CDaza_corr,C8_Gy_PSa_T2_27nov24_CDaza_corr.jpg,C:\Users\20231807\Documents\GitHub\Cap_coral_reefs\New_version_of_the_project\website\benthic_datasets\mask_labels\reef_support\UNAL_BLEACHING_TAYRONA\images\C8_Gy_PSa_T2_27nov24_CDaza_corr.jpg
image,C8_Gy_PSb_T1_27nov24_CGomez_corr,C8_Gy_PSb_T1_27nov24_CGomez_corr.jpg,C:\Users\20231807\Documents\GitHub\Cap_coral_reefs\New_version_of_the_project\website\benthic_datasets\mask_labels\reef_support\UNAL_BLEACHING_TAYRONA\images\C8_Gy_PSb_T1_27nov24_CGomez_corr.jpg
image,C8_Gy_PSb_T2_27nov24_CGomez_corr,C8_Gy_PSb_T2_27nov24_CGomez_corr.jpg,C:\Users\20231807\Documents\GitHub\Cap_coral_reefs\New_version_of_the_project\website\benthic_datasets\mask_labels\reef_support\UNAL_BLEACHING_TAYRONA\images\C8_Gy_PSb_T2_27nov24_CGomez_corr.jpg
image,C8_PB_PM_T2_19nov24_CGomez_Corr,C8_PB_PM_T2_19nov24_CGomez_Corr.JPG,C:\Users\20231807\Documents\GitHub\Cap_coral_reefs\New_version_of_the_project\website\benthic_datasets\mask_labels\reef_support\UNAL_BLEACHING_TAYRONA\images\C8_PB_PM_T2_19nov24_CGomez_Corr.JPG
image,C8_PB_PP_T1_19nov24_CGomez_Corr,C8_PB_PP_T1_19nov24_CGomez_Corr.JPG,C:\Users\20231807\Documents\GitHub\Cap_coral_reefs\New_version_of_the_project\website\benthic_datasets\mask_labels\reef_support\UNAL_BLEACHING_TAYRONA\images\C8_PB_PP_T1_19nov24_CGomez_Corr.JPG
image,C8_PB_PP_T2_19nov24_CGomez_Corr,C8_PB_PP_T2_19nov24_CGomez_Corr.JPG,C:\Users\20231807\Documents\GitHub\Cap_coral_reefs\New_version_of_the_project\website\benthic_datasets\mask_labels\reef_support\UNAL_BLEACHING_TAYRONA\images\C8_PB_PP_T2_19nov24_CGomez_Corr.JPG
image,C8_PB_PSA_T2_19nov24_HBenavides_Corr,C8_PB_PSA_T2_19nov24_HBenavides_Corr.JPG,C:\Users\20231807\Documents\GitHub\Cap_coral_reefs\New_version_of_the_project\website\benthic_datasets\mask_labels\reef_support\UNAL_BLEACHING_TAYRONA\images\C8_PB_PSA_T2_19nov24_HBenavides_Corr.JPG
image,C8_PB_PSb_T2_19nov24_HBenavides_Corr,C8_PB_PSb_T2_19nov24_HBenavides_Corr.JPG,C:\Users\20231807\Documents\GitHub\Cap_coral_reefs\New_version_of_the_project\website\benthic_datasets\mask_labels\reef_support\UNAL_BLEACHING_TAYRONA\images\C8_PB_PSb_T2_19nov24_HBenavides_Corr.JPG
image,C8_PB_PSb_T3_19nov24_HBenavides_Corr,C8_PB_PSb_T3_19nov24_HBenavides_Corr.JPG,C:\Users\20231807\Documents\GitHub\Cap_coral_reefs\New_version_of_the_project\website\benthic_datasets\mask_labels\reef_support\UNAL_BLEACHING_TAYRONA\images\C8_PB_PSb_T3_19nov24_HBenavides_Corr.JPG
image,C9_BC_EM_T3_29nov24_CGomez_corr,C9_BC_EM_T3_29nov24_CGomez_corr.jpg,C:\Users\20231807\Documents\GitHub\Cap_coral_reefs\New_version_of_the_project\website\benthic_datasets\mask_labels\reef_support\UNAL_BLEACHING_TAYRONA\images\C9_BC_EM_T3_29nov24_CGomez_corr.jpg
image,C9_BC_EP_T2_29nov24_CDaza_corr,C9_BC_EP_T2_29nov24_CDaza_corr.jpg,C:\Users\20231807\Documents\GitHub\Cap_coral_reefs\New_version_of_the_project\website\benthic_datasets\mask_labels\reef_support\UNAL_BLEACHING_TAYRONA\images\C9_BC_EP_T2_29nov24_CDaza_corr.jpg
image,C9_BC_EP_T3_29nov24_CDaza_corr,C9_BC_EP_T3_29nov24_CDaza_corr.jpg,C:\Users\20231807\Documents\GitHub\Cap_coral_reefs\New_version_of_the_project\website\benthic_datasets\mask_labels\reef_support\UNAL_BLEACHING_TAYRONA\images\C9_BC_EP_T3_29nov24_CDaza_corr.jpg
image,C9_BC_ESb_T2_29nov24_CGomez_corr,C9_BC_ESb_T2_29nov24_CGomez_corr.jpg,C:\Users\20231807\Documents\GitHub\Cap_coral_reefs\New_version_of_the_project\website\benthic_datasets\mask_labels\reef_support\UNAL_BLEACHING_TAYRONA\images\C9_BC_ESb_T2_29nov24_CGomez_corr.jpg
image,C9_BC_ESb_T3_29nov24_CGomez_corr,C9_BC_ESb_T3_29nov24_CGomez_corr.jpg,C:\Users\20231807\Documents\GitHub\Cap_coral_reefs\New_version_of_the_project\website\benthic_datasets\mask_labels\reef_support\UNAL_BLEACHING_TAYRONA\images\C9_BC_ESb_T3_29nov24_CGomez_corr.jpg
image,C9_BC_PM_T3_29nov24_CDaza_corr,C9_BC_PM_T3_29nov24_CDaza_corr.jpg,C:\Users\20231807\Documents\GitHub\Cap_coral_reefs\New_version_of_the_project\website\benthic_datasets\mask_labels\reef_support\UNAL_BLEACHING_TAYRONA\images\C9_BC_PM_T3_29nov24_CDaza_corr.jpg
image,C9_BC_PP_T2_29nov24_HBenavides_corr,C9_BC_PP_T2_29nov24_HBenavides_corr.jpg,C:\Users\20231807\Documents\GitHub\Cap_coral_reefs\New_version_of_the_project\website\benthic_datasets\mask_labels\reef_support\UNAL_BLEACHING_TAYRONA\images\C9_BC_PP_T2_29nov24_HBenavides_corr.jpg
image,C9_BC_PSa_T1_29nov24_CDaza_corr,C9_BC_PSa_T1_29nov24_CDaza_corr.jpg,C:\Users\20231807\Documents\GitHub\Cap_coral_reefs\New_version_of_the_project\website\benthic_datasets\mask_labels\reef_support\UNAL_BLEACHING_TAYRONA\images\C9_BC_PSa_T1_29nov24_CDaza_corr.jpg
image,C9_BC_PSb_T2_29nov24_HBenavides_corr,C9_BC_PSb_T2_29nov24_HBenavides_corr.jpg,C:\Users\20231807\Documents\GitHub\Cap_coral_reefs\New_version_of_the_project\website\benthic_datasets\mask_labels\reef_support\UNAL_BLEACHING_TAYRONA\images\C9_BC_PSb_T2_29nov24_HBenavides_corr.jpg
image,C9_Gr_PM_T1_30nov24_CGomez_corr,C9_Gr_PM_T1_30nov24_CGomez_corr.jpg,C:\Users\20231807\Documents\GitHub\Cap_coral_reefs\New_version_of_the_project\website\benthic_datasets\mask_labels\reef_support\UNAL_BLEACHING_TAYRONA\images\C9_Gr_PM_T1_30nov24_CGomez_corr.jpg
image,C9_Gr_PM_T2_30nov24_CGomez_corr,C9_Gr_PM_T2_30nov24_CGomez_corr.jpg,C:\Users\20231807\Documents\GitHub\Cap_coral_reefs\New_version_of_the_project\website\benthic_datasets\mask_labels\reef_support\UNAL_BLEACHING_TAYRONA\images\C9_Gr_PM_T2_30nov24_CGomez_corr.jpg
image,C9_Gr_PP_T1_30nov24_HBenavides_corr,C9_Gr_PP_T1_30nov24_HBenavides_corr.jpg,C:\Users\20231807\Documents\GitHub\Cap_coral_reefs\New_version_of_the_project\website\benthic_datasets\mask_labels\reef_support\UNAL_BLEACHING_TAYRONA\images\C9_Gr_PP_T1_30nov24_HBenavides_corr.jpg
image,C9_Gr_PP_T3_30nov24_HBenavides_corr,C9_Gr_PP_T3_30nov24_HBenavides_corr.jpg,C:\Users\20231807\Documents\GitHub\Cap_coral_reefs\New_version_of_the_project\website\benthic_datasets\mask_labels\reef_support\UNAL_BLEACHING_TAYRONA\images\C9_Gr_PP_T3_30nov24_HBenavides_corr.jpg
image,C9_Gy_EM_T1_27nov24_CGomez_corr,C9_Gy_EM_T1_27nov24_CGomez_corr.jpg,C:\Users\20231807\Documents\GitHub\Cap_coral_reefs\New_version_of_the_project\website\benthic_datasets\mask_labels\reef_support\UNAL_BLEACHING_TAYRONA\images\C9_Gy_EM_T1_27nov24_CGomez_corr.jpg
image,C9_Gy_EM_T2_27nov24_CGomez_corr,C9_Gy_EM_T2_27nov24_CGomez_corr.jpg,C:\Users\20231807\Documents\GitHub\Cap_coral_reefs\New_version_of_the_project\website\benthic_datasets\mask_labels\reef_support\UNAL_BLEACHING_TAYRONA\images\C9_Gy_EM_T2_27nov24_CGomez_corr.jpg
image,C9_Gy_EP_T1_27nov24_HBenavides_corr,C9_Gy_EP_T1_27nov24_HBenavides_corr.jpg,C:\Users\20231807\Documents\GitHub\Cap_coral_reefs\New_version_of_the_project\website\benthic_datasets\mask_labels\reef_support\UNAL_BLEACHING_TAYRONA\images\C9_Gy_EP_T1_27nov24_HBenavides_corr.jpg
image,C9_Gy_EP_T2_27nov24_HBenavides_corr,C9_Gy_EP_T2_27nov24_HBenavides_corr.jpg,C:\Users\20231807\Documents\GitHub\Cap_coral_reefs\New_version_of_the_project\website\benthic_datasets\mask_labels\reef_support\UNAL_BLEACHING_TAYRONA\images\C9_Gy_EP_T2_27nov24_HBenavides_corr.jpg
image,C9_Gy_ESa_T1_27nov24_HBenavides_corr,C9_Gy_ESa_T1_27nov24_HBenavides_corr.jpg,C:\Users\20231807\Documents\GitHub\Cap_coral_reefs\New_version_of_the_project\website\benthic_datasets\mask_labels\reef_support\UNAL_BLEACHING_TAYRONA\images\C9_Gy_ESa_T1_27nov24_HBenavides_corr.jpg
image,C9_Gy_ESa_T3_27nov24_HBenavides_corr,C9_Gy_ESa_T3_27nov24_HBenavides_corr.jpg,C:\Users\20231807\Documents\GitHub\Cap_coral_reefs\New_version_of_the_project\website\benthic_datasets\mask_labels\reef_support\UNAL_BLEACHING_TAYRONA\images\C9_Gy_ESa_T3_27nov24_HBenavides_corr.jpg
image,C9_PB_PM_T3_19nov24_CGomez_Corr,C9_PB_PM_T3_19nov24_CGomez_Corr.JPG,C:\Users\20231807\Documents\GitHub\Cap_coral_reefs\New_version_of_the_project\website\benthic_datasets\mask_labels\reef_support\UNAL_BLEACHING_TAYRONA\images\C9_PB_PM_T3_19nov24_CGomez_Corr.JPG
image,C9_PB_PP_T2_19nov24_CGomez_Corr,C9_PB_PP_T2_19nov24_CGomez_Corr.JPG,C:\Users\20231807\Documents\GitHub\Cap_coral_reefs\New_version_of_the_project\website\benthic_datasets\mask_labels\reef_support\UNAL_BLEACHING_TAYRONA\images\C9_PB_PP_T2_19nov24_CGomez_Corr.JPG
image,C9_PB_PP_T3_19nov24_CGomez_Corr,C9_PB_PP_T3_19nov24_CGomez_Corr.JPG,C:\Users\20231807\Documents\GitHub\Cap_coral_reefs\New_version_of_the_project\website\benthic_datasets\mask_labels\reef_support\UNAL_BLEACHING_TAYRONA\images\C9_PB_PP_T3_19nov24_CGomez_Corr.JPG
image,C9_PB_PSA_T2_19nov24_HBenavides_Corr,C9_PB_PSA_T2_19nov24_HBenavides_Corr.JPG,C:\Users\20231807\Documents\GitHub\Cap_coral_reefs\New_version_of_the_project\website\benthic_datasets\mask_labels\reef_support\UNAL_BLEACHING_TAYRONA\images\C9_PB_PSA_T2_19nov24_HBenavides_Corr.JPG
image,C9_PB_PSA_T3_19nov24_HBenavides_Corr,C9_PB_PSA_T3_19nov24_HBenavides_Corr.JPG,C:\Users\20231807\Documents\GitHub\Cap_coral_reefs\New_version_of_the_project\website\benthic_datasets\mask_labels\reef_support\UNAL_BLEACHING_TAYRONA\images\C9_PB_PSA_T3_19nov24_HBenavides_Corr.JPG
image,C9_PB_PSb_T1_19nov24_HBenavides_Corr,C9_PB_PSb_T1_19nov24_HBenavides_Corr.JPG,C:\Users\20231807\Documents\GitHub\Cap_coral_reefs\New_version_of_the_project\website\benthic_datasets\mask_labels\reef_support\UNAL_BLEACHING_TAYRONA\images\C9_PB_PSb_T1_19nov24_HBenavides_Corr.JPG
image,C9_PB_PSb_T2_19nov24_HBenavides_Corr,C9_PB_PSb_T2_19nov24_HBenavides_Corr.JPG,C:\Users\20231807\Documents\GitHub\Cap_coral_reefs\New_version_of_the_project\website\benthic_datasets\mask_labels\reef_support\UNAL_BLEACHING_TAYRONA\images\C9_PB_PSb_T2_19nov24_HBenavides_Corr.JPG
image,C9_PB_PSb_T3_19nov24_HBenavides_Corr,C9_PB_PSb_T3_19nov24_HBenavides_Corr.JPG,C:\Users\20231807\Documents\GitHub\Cap_coral_reefs\New_version_of_the_project\website\benthic_datasets\mask_labels\reef_support\UNAL_BLEACHING_TAYRONA\images\C9_PB_PSb_T3_19nov24_HBenavides_Corr.JPG
